--------------------------------------------------------
--  파일이 생성됨 - 화요일-7월-13-2021   
--------------------------------------------------------
DROP SEQUENCE "FINAL_503_TEAM_PETPAL"."ADOPT_BOARD_SEQ";
DROP SEQUENCE "FINAL_503_TEAM_PETPAL"."AD_CODE_SEQ";
DROP SEQUENCE "FINAL_503_TEAM_PETPAL"."AD_TYPE_SEQ";
DROP SEQUENCE "FINAL_503_TEAM_PETPAL"."DECISION_CODE_SEQ";
DROP SEQUENCE "FINAL_503_TEAM_PETPAL"."DECISION_CODE_SQE";
DROP SEQUENCE "FINAL_503_TEAM_PETPAL"."FREE_BOARD_SEQ";
DROP SEQUENCE "FINAL_503_TEAM_PETPAL"."FRIENDLY_BOARD_SEQ";
DROP SEQUENCE "FINAL_503_TEAM_PETPAL"."INFO_BOARD_SEQ";
DROP SEQUENCE "FINAL_503_TEAM_PETPAL"."MESSAGE_CODE_SEQ";
DROP SEQUENCE "FINAL_503_TEAM_PETPAL"."MISSING_BOARD_SEQ";
DROP SEQUENCE "FINAL_503_TEAM_PETPAL"."NEWS_CODE_SEQ";
DROP SEQUENCE "FINAL_503_TEAM_PETPAL"."PIC_CODE_SEQ";
DROP SEQUENCE "FINAL_503_TEAM_PETPAL"."QUESTION_BOARD_SEQ";
DROP SEQUENCE "FINAL_503_TEAM_PETPAL"."REPLY_CODE_SEQ";
DROP SEQUENCE "FINAL_503_TEAM_PETPAL"."REPORT_CODE_SEQ";
DROP SEQUENCE "FINAL_503_TEAM_PETPAL"."REPORT_MANAGE_SEQ";
DROP SEQUENCE "FINAL_503_TEAM_PETPAL"."REVIEW_BOARD_SEQ";
DROP SEQUENCE "FINAL_503_TEAM_PETPAL"."SHARE_BOARD_SEQ";
DROP SEQUENCE "FINAL_503_TEAM_PETPAL"."STATE_CODE_SEQ";
DROP SEQUENCE "FINAL_503_TEAM_PETPAL"."USER_CODE_SEQ";
DROP TABLE "FINAL_503_TEAM_PETPAL"."ADMIN_TABLE" cascade constraints;
DROP TABLE "FINAL_503_TEAM_PETPAL"."ADOPT_BOARD" cascade constraints;
DROP TABLE "FINAL_503_TEAM_PETPAL"."ADOPT_BOARD_REPLY" cascade constraints;
DROP TABLE "FINAL_503_TEAM_PETPAL"."ADOPT_BOARD_REPORT" cascade constraints;
DROP TABLE "FINAL_503_TEAM_PETPAL"."ADOPT_PICTURE_MANAGE" cascade constraints;
DROP TABLE "FINAL_503_TEAM_PETPAL"."AD_APPLY_TABLE" cascade constraints;
DROP TABLE "FINAL_503_TEAM_PETPAL"."AD_CLICK_COUNT" cascade constraints;
DROP TABLE "FINAL_503_TEAM_PETPAL"."AD_MANAGE_TABLE" cascade constraints;
DROP TABLE "FINAL_503_TEAM_PETPAL"."DECISION_TABLE" cascade constraints;
DROP TABLE "FINAL_503_TEAM_PETPAL"."FREE_BOARD" cascade constraints;
DROP TABLE "FINAL_503_TEAM_PETPAL"."FREE_BOARD_REPLY" cascade constraints;
DROP TABLE "FINAL_503_TEAM_PETPAL"."FREE_BOARD_REPORT" cascade constraints;
DROP TABLE "FINAL_503_TEAM_PETPAL"."FREE_PICTURE_MANAGE" cascade constraints;
DROP TABLE "FINAL_503_TEAM_PETPAL"."FRIENDLY_BOARD" cascade constraints;
DROP TABLE "FINAL_503_TEAM_PETPAL"."FRIENDLY_BOARD_REPLY" cascade constraints;
DROP TABLE "FINAL_503_TEAM_PETPAL"."FRIENDLY_BOARD_REPORT" cascade constraints;
DROP TABLE "FINAL_503_TEAM_PETPAL"."FRIENDLY_PICTURE_MANAGE" cascade constraints;
DROP TABLE "FINAL_503_TEAM_PETPAL"."INFO_BOARD" cascade constraints;
DROP TABLE "FINAL_503_TEAM_PETPAL"."INFO_BOARD_REPLY" cascade constraints;
DROP TABLE "FINAL_503_TEAM_PETPAL"."INFO_BOARD_REPORT" cascade constraints;
DROP TABLE "FINAL_503_TEAM_PETPAL"."INFO_PICTURE_MANAGE" cascade constraints;
DROP TABLE "FINAL_503_TEAM_PETPAL"."MESSAGE_TABLE" cascade constraints;
DROP TABLE "FINAL_503_TEAM_PETPAL"."MISSING_BOARD" cascade constraints;
DROP TABLE "FINAL_503_TEAM_PETPAL"."MISSING_BOARD_REPLY" cascade constraints;
DROP TABLE "FINAL_503_TEAM_PETPAL"."MISSING_BOARD_REPORT" cascade constraints;
DROP TABLE "FINAL_503_TEAM_PETPAL"."MISSING_PICTURE_MANAGE" cascade constraints;
DROP TABLE "FINAL_503_TEAM_PETPAL"."NEWS_PICTURE_MANAGE" cascade constraints;
DROP TABLE "FINAL_503_TEAM_PETPAL"."NEWS_TABLE" cascade constraints;
DROP TABLE "FINAL_503_TEAM_PETPAL"."PICTURE_TABLE" cascade constraints;
DROP TABLE "FINAL_503_TEAM_PETPAL"."QUESTION_BOARD" cascade constraints;
DROP TABLE "FINAL_503_TEAM_PETPAL"."REPLY_MANAGE" cascade constraints;
DROP TABLE "FINAL_503_TEAM_PETPAL"."REPLY_REPORT_TABLE" cascade constraints;
DROP TABLE "FINAL_503_TEAM_PETPAL"."REPORT_MANAGE" cascade constraints;
DROP TABLE "FINAL_503_TEAM_PETPAL"."REVIEW_BOARD" cascade constraints;
DROP TABLE "FINAL_503_TEAM_PETPAL"."REVIEW_BOARD_REPLY" cascade constraints;
DROP TABLE "FINAL_503_TEAM_PETPAL"."REVIEW_BOARD_REPORT" cascade constraints;
DROP TABLE "FINAL_503_TEAM_PETPAL"."REVIEW_PICTURE_MANAGE" cascade constraints;
DROP TABLE "FINAL_503_TEAM_PETPAL"."SHARE_BOARD" cascade constraints;
DROP TABLE "FINAL_503_TEAM_PETPAL"."SHARE_BOARD_REPORT" cascade constraints;
DROP TABLE "FINAL_503_TEAM_PETPAL"."SHARE_PICTURE_MANAGE" cascade constraints;
DROP TABLE "FINAL_503_TEAM_PETPAL"."STATE_TABLE" cascade constraints;
DROP TABLE "FINAL_503_TEAM_PETPAL"."USER_TABLE" cascade constraints;
DROP TABLE "FINAL_503_TEAM_PETPAL"."WITHDRAW_USER_TABLE" cascade constraints;
--------------------------------------------------------
--  DDL for Sequence ADOPT_BOARD_SEQ
--------------------------------------------------------

   CREATE SEQUENCE  "FINAL_503_TEAM_PETPAL"."ADOPT_BOARD_SEQ"  MINVALUE 1 MAXVALUE 9999999999999999999999999999 INCREMENT BY 1 START WITH 52 NOCACHE  NOORDER  NOCYCLE ;
--------------------------------------------------------
--  DDL for Sequence AD_CODE_SEQ
--------------------------------------------------------

   CREATE SEQUENCE  "FINAL_503_TEAM_PETPAL"."AD_CODE_SEQ"  MINVALUE 1 MAXVALUE 9999999999999999999999999999 INCREMENT BY 1 START WITH 90 NOCACHE  NOORDER  NOCYCLE ;
--------------------------------------------------------
--  DDL for Sequence AD_TYPE_SEQ
--------------------------------------------------------

   CREATE SEQUENCE  "FINAL_503_TEAM_PETPAL"."AD_TYPE_SEQ"  MINVALUE 1 MAXVALUE 9999999999999999999999999999 INCREMENT BY 1 START WITH 3 NOCACHE  NOORDER  NOCYCLE ;
--------------------------------------------------------
--  DDL for Sequence DECISION_CODE_SEQ
--------------------------------------------------------

   CREATE SEQUENCE  "FINAL_503_TEAM_PETPAL"."DECISION_CODE_SEQ"  MINVALUE 13 MAXVALUE 900 INCREMENT BY 1 START WITH 453 CACHE 20 NOORDER  NOCYCLE ;
--------------------------------------------------------
--  DDL for Sequence DECISION_CODE_SQE
--------------------------------------------------------

   CREATE SEQUENCE  "FINAL_503_TEAM_PETPAL"."DECISION_CODE_SQE"  MINVALUE 1 MAXVALUE 9999999999999999999999999999 INCREMENT BY 1 START WITH 12 NOCACHE  NOORDER  NOCYCLE ;
--------------------------------------------------------
--  DDL for Sequence FREE_BOARD_SEQ
--------------------------------------------------------

   CREATE SEQUENCE  "FINAL_503_TEAM_PETPAL"."FREE_BOARD_SEQ"  MINVALUE 1 MAXVALUE 9999999999999999999999999999 INCREMENT BY 1 START WITH 42 NOCACHE  NOORDER  NOCYCLE ;
--------------------------------------------------------
--  DDL for Sequence FRIENDLY_BOARD_SEQ
--------------------------------------------------------

   CREATE SEQUENCE  "FINAL_503_TEAM_PETPAL"."FRIENDLY_BOARD_SEQ"  MINVALUE 1 MAXVALUE 9999999999999999999999999999 INCREMENT BY 1 START WITH 18 NOCACHE  NOORDER  NOCYCLE ;
--------------------------------------------------------
--  DDL for Sequence INFO_BOARD_SEQ
--------------------------------------------------------

   CREATE SEQUENCE  "FINAL_503_TEAM_PETPAL"."INFO_BOARD_SEQ"  MINVALUE 1 MAXVALUE 9999999999999999999999999999 INCREMENT BY 1 START WITH 29 NOCACHE  NOORDER  NOCYCLE ;
--------------------------------------------------------
--  DDL for Sequence MESSAGE_CODE_SEQ
--------------------------------------------------------

   CREATE SEQUENCE  "FINAL_503_TEAM_PETPAL"."MESSAGE_CODE_SEQ"  MINVALUE 1 MAXVALUE 9999999999999999999999999999 INCREMENT BY 1 START WITH 146 NOCACHE  NOORDER  NOCYCLE ;
--------------------------------------------------------
--  DDL for Sequence MISSING_BOARD_SEQ
--------------------------------------------------------

   CREATE SEQUENCE  "FINAL_503_TEAM_PETPAL"."MISSING_BOARD_SEQ"  MINVALUE 1 MAXVALUE 9999999999999999999999999999 INCREMENT BY 1 START WITH 15 NOCACHE  NOORDER  NOCYCLE ;
--------------------------------------------------------
--  DDL for Sequence NEWS_CODE_SEQ
--------------------------------------------------------

   CREATE SEQUENCE  "FINAL_503_TEAM_PETPAL"."NEWS_CODE_SEQ"  MINVALUE 1 MAXVALUE 9999999999999999999999999999 INCREMENT BY 1 START WITH 4 NOCACHE  NOORDER  NOCYCLE ;
--------------------------------------------------------
--  DDL for Sequence PIC_CODE_SEQ
--------------------------------------------------------

   CREATE SEQUENCE  "FINAL_503_TEAM_PETPAL"."PIC_CODE_SEQ"  MINVALUE 1 MAXVALUE 9999999999999999999999999999 INCREMENT BY 1 START WITH 217 NOCACHE  NOORDER  NOCYCLE ;
--------------------------------------------------------
--  DDL for Sequence QUESTION_BOARD_SEQ
--------------------------------------------------------

   CREATE SEQUENCE  "FINAL_503_TEAM_PETPAL"."QUESTION_BOARD_SEQ"  MINVALUE 1 MAXVALUE 9999999999999999999999999999 INCREMENT BY 1 START WITH 36 NOCACHE  NOORDER  NOCYCLE ;
--------------------------------------------------------
--  DDL for Sequence REPLY_CODE_SEQ
--------------------------------------------------------

   CREATE SEQUENCE  "FINAL_503_TEAM_PETPAL"."REPLY_CODE_SEQ"  MINVALUE 1 MAXVALUE 9999999999999999999999999999 INCREMENT BY 1 START WITH 128 NOCACHE  NOORDER  NOCYCLE ;
--------------------------------------------------------
--  DDL for Sequence REPORT_CODE_SEQ
--------------------------------------------------------

   CREATE SEQUENCE  "FINAL_503_TEAM_PETPAL"."REPORT_CODE_SEQ"  MINVALUE 1 MAXVALUE 9999999999999999999999999999 INCREMENT BY 1 START WITH 2 NOCACHE  NOORDER  NOCYCLE ;
--------------------------------------------------------
--  DDL for Sequence REPORT_MANAGE_SEQ
--------------------------------------------------------

   CREATE SEQUENCE  "FINAL_503_TEAM_PETPAL"."REPORT_MANAGE_SEQ"  MINVALUE 1 MAXVALUE 9999999999999999999999999999 INCREMENT BY 1 START WITH 42 NOCACHE  NOORDER  NOCYCLE ;
--------------------------------------------------------
--  DDL for Sequence REVIEW_BOARD_SEQ
--------------------------------------------------------

   CREATE SEQUENCE  "FINAL_503_TEAM_PETPAL"."REVIEW_BOARD_SEQ"  MINVALUE 1 MAXVALUE 9999999999999999999999999999 INCREMENT BY 1 START WITH 18 NOCACHE  NOORDER  NOCYCLE ;
--------------------------------------------------------
--  DDL for Sequence SHARE_BOARD_SEQ
--------------------------------------------------------

   CREATE SEQUENCE  "FINAL_503_TEAM_PETPAL"."SHARE_BOARD_SEQ"  MINVALUE 1 MAXVALUE 9999999999999999999999999999 INCREMENT BY 1 START WITH 12 NOCACHE  NOORDER  NOCYCLE ;
--------------------------------------------------------
--  DDL for Sequence STATE_CODE_SEQ
--------------------------------------------------------

   CREATE SEQUENCE  "FINAL_503_TEAM_PETPAL"."STATE_CODE_SEQ"  MINVALUE 1 MAXVALUE 9999999999999999999999999999 INCREMENT BY 1 START WITH 7 NOCACHE  NOORDER  NOCYCLE ;
--------------------------------------------------------
--  DDL for Sequence USER_CODE_SEQ
--------------------------------------------------------

   CREATE SEQUENCE  "FINAL_503_TEAM_PETPAL"."USER_CODE_SEQ"  MINVALUE 1 MAXVALUE 9999999999999999999999999999 INCREMENT BY 1 START WITH 53 NOCACHE  NOORDER  NOCYCLE ;
--------------------------------------------------------
--  DDL for Table ADMIN_TABLE
--------------------------------------------------------

  CREATE TABLE "FINAL_503_TEAM_PETPAL"."ADMIN_TABLE" 
   (	"USER_CODE" NUMBER, 
	"RETIRE_DATE" DATE
   ) SEGMENT CREATION IMMEDIATE 
  PCTFREE 10 PCTUSED 40 INITRANS 1 MAXTRANS 255 NOCOMPRESS LOGGING
  STORAGE(INITIAL 65536 NEXT 1048576 MINEXTENTS 1 MAXEXTENTS 2147483645
  PCTINCREASE 0 FREELISTS 1 FREELIST GROUPS 1 BUFFER_POOL DEFAULT FLASH_CACHE DEFAULT CELL_FLASH_CACHE DEFAULT)
  TABLESPACE "SYSTEM" ;

   COMMENT ON COLUMN "FINAL_503_TEAM_PETPAL"."ADMIN_TABLE"."USER_CODE" IS '유저코드';
   COMMENT ON COLUMN "FINAL_503_TEAM_PETPAL"."ADMIN_TABLE"."RETIRE_DATE" IS '퇴직일';
   COMMENT ON TABLE "FINAL_503_TEAM_PETPAL"."ADMIN_TABLE"  IS '관리자테이블';
--------------------------------------------------------
--  DDL for Table ADOPT_BOARD
--------------------------------------------------------

  CREATE TABLE "FINAL_503_TEAM_PETPAL"."ADOPT_BOARD" 
   (	"BOARD_CODE" NUMBER, 
	"ADOPT_BREED" VARCHAR2(500 BYTE), 
	"ADOPT_GENDER" CHAR(1 BYTE), 
	"ADOPT_AGE" NUMBER, 
	"ADOPT_WEIGTH" NUMBER, 
	"ADOPT_COLOR" VARCHAR2(500 BYTE), 
	"ADOPT_INTRODUCE" VARCHAR2(2000 BYTE), 
	"ADOPT_PHONE" VARCHAR2(500 BYTE), 
	"ADOPT_CAUTION" VARCHAR2(500 BYTE), 
	"ADOPT_DELETE_YN" CHAR(1 BYTE), 
	"STATE_CODE" NUMBER, 
	"BOARD_DATE" DATE, 
	"USER_CODE" NUMBER, 
	"DOG_OR_CAT" CHAR(1 BYTE), 
	"USER_LOCATION" VARCHAR2(2000 BYTE)
   ) SEGMENT CREATION IMMEDIATE 
  PCTFREE 10 PCTUSED 40 INITRANS 1 MAXTRANS 255 NOCOMPRESS LOGGING
  STORAGE(INITIAL 65536 NEXT 1048576 MINEXTENTS 1 MAXEXTENTS 2147483645
  PCTINCREASE 0 FREELISTS 1 FREELIST GROUPS 1 BUFFER_POOL DEFAULT FLASH_CACHE DEFAULT CELL_FLASH_CACHE DEFAULT)
  TABLESPACE "SYSTEM" ;

   COMMENT ON COLUMN "FINAL_503_TEAM_PETPAL"."ADOPT_BOARD"."BOARD_CODE" IS '게시글코드';
   COMMENT ON COLUMN "FINAL_503_TEAM_PETPAL"."ADOPT_BOARD"."ADOPT_BREED" IS '품종';
   COMMENT ON COLUMN "FINAL_503_TEAM_PETPAL"."ADOPT_BOARD"."ADOPT_GENDER" IS '성별';
   COMMENT ON COLUMN "FINAL_503_TEAM_PETPAL"."ADOPT_BOARD"."ADOPT_AGE" IS '나이';
   COMMENT ON COLUMN "FINAL_503_TEAM_PETPAL"."ADOPT_BOARD"."ADOPT_WEIGTH" IS '몸무게';
   COMMENT ON COLUMN "FINAL_503_TEAM_PETPAL"."ADOPT_BOARD"."ADOPT_COLOR" IS '컬러';
   COMMENT ON COLUMN "FINAL_503_TEAM_PETPAL"."ADOPT_BOARD"."ADOPT_INTRODUCE" IS '소개';
   COMMENT ON COLUMN "FINAL_503_TEAM_PETPAL"."ADOPT_BOARD"."ADOPT_PHONE" IS '연락처';
   COMMENT ON COLUMN "FINAL_503_TEAM_PETPAL"."ADOPT_BOARD"."ADOPT_CAUTION" IS '연락시 주의사항';
   COMMENT ON COLUMN "FINAL_503_TEAM_PETPAL"."ADOPT_BOARD"."ADOPT_DELETE_YN" IS '삭제여부';
   COMMENT ON COLUMN "FINAL_503_TEAM_PETPAL"."ADOPT_BOARD"."STATE_CODE" IS '상태코드';
   COMMENT ON COLUMN "FINAL_503_TEAM_PETPAL"."ADOPT_BOARD"."BOARD_DATE" IS '작성일자';
   COMMENT ON COLUMN "FINAL_503_TEAM_PETPAL"."ADOPT_BOARD"."USER_CODE" IS '유저코드';
   COMMENT ON COLUMN "FINAL_503_TEAM_PETPAL"."ADOPT_BOARD"."DOG_OR_CAT" IS '동물구분';
   COMMENT ON COLUMN "FINAL_503_TEAM_PETPAL"."ADOPT_BOARD"."USER_LOCATION" IS '지역';
   COMMENT ON TABLE "FINAL_503_TEAM_PETPAL"."ADOPT_BOARD"  IS '입양홍보게시판';
--------------------------------------------------------
--  DDL for Table ADOPT_BOARD_REPLY
--------------------------------------------------------

  CREATE TABLE "FINAL_503_TEAM_PETPAL"."ADOPT_BOARD_REPLY" 
   (	"BOARD_CODE" NUMBER, 
	"REPLY_CODE" NUMBER, 
	"USER_CODE" NUMBER
   ) SEGMENT CREATION IMMEDIATE 
  PCTFREE 10 PCTUSED 40 INITRANS 1 MAXTRANS 255 NOCOMPRESS LOGGING
  STORAGE(INITIAL 65536 NEXT 1048576 MINEXTENTS 1 MAXEXTENTS 2147483645
  PCTINCREASE 0 FREELISTS 1 FREELIST GROUPS 1 BUFFER_POOL DEFAULT FLASH_CACHE DEFAULT CELL_FLASH_CACHE DEFAULT)
  TABLESPACE "SYSTEM" ;

   COMMENT ON COLUMN "FINAL_503_TEAM_PETPAL"."ADOPT_BOARD_REPLY"."BOARD_CODE" IS '게시글코드';
   COMMENT ON COLUMN "FINAL_503_TEAM_PETPAL"."ADOPT_BOARD_REPLY"."REPLY_CODE" IS '댓글코드';
   COMMENT ON COLUMN "FINAL_503_TEAM_PETPAL"."ADOPT_BOARD_REPLY"."USER_CODE" IS '유저코드';
   COMMENT ON TABLE "FINAL_503_TEAM_PETPAL"."ADOPT_BOARD_REPLY"  IS '입양홍보게시판 댓글관리';
--------------------------------------------------------
--  DDL for Table ADOPT_BOARD_REPORT
--------------------------------------------------------

  CREATE TABLE "FINAL_503_TEAM_PETPAL"."ADOPT_BOARD_REPORT" 
   (	"BOARD_CODE" NUMBER, 
	"REPORT_CODE" NUMBER
   ) SEGMENT CREATION IMMEDIATE 
  PCTFREE 10 PCTUSED 40 INITRANS 1 MAXTRANS 255 NOCOMPRESS LOGGING
  STORAGE(INITIAL 65536 NEXT 1048576 MINEXTENTS 1 MAXEXTENTS 2147483645
  PCTINCREASE 0 FREELISTS 1 FREELIST GROUPS 1 BUFFER_POOL DEFAULT FLASH_CACHE DEFAULT CELL_FLASH_CACHE DEFAULT)
  TABLESPACE "SYSTEM" ;

   COMMENT ON COLUMN "FINAL_503_TEAM_PETPAL"."ADOPT_BOARD_REPORT"."BOARD_CODE" IS '게시글코드';
   COMMENT ON COLUMN "FINAL_503_TEAM_PETPAL"."ADOPT_BOARD_REPORT"."REPORT_CODE" IS '신고관리코드';
   COMMENT ON TABLE "FINAL_503_TEAM_PETPAL"."ADOPT_BOARD_REPORT"  IS '입양홍보게시판 신고관리';
--------------------------------------------------------
--  DDL for Table ADOPT_PICTURE_MANAGE
--------------------------------------------------------

  CREATE TABLE "FINAL_503_TEAM_PETPAL"."ADOPT_PICTURE_MANAGE" 
   (	"BOARD_CODE" NUMBER, 
	"PICTURE_CODE" NUMBER
   ) SEGMENT CREATION IMMEDIATE 
  PCTFREE 10 PCTUSED 40 INITRANS 1 MAXTRANS 255 NOCOMPRESS LOGGING
  STORAGE(INITIAL 65536 NEXT 1048576 MINEXTENTS 1 MAXEXTENTS 2147483645
  PCTINCREASE 0 FREELISTS 1 FREELIST GROUPS 1 BUFFER_POOL DEFAULT FLASH_CACHE DEFAULT CELL_FLASH_CACHE DEFAULT)
  TABLESPACE "SYSTEM" ;

   COMMENT ON COLUMN "FINAL_503_TEAM_PETPAL"."ADOPT_PICTURE_MANAGE"."BOARD_CODE" IS '게시글코드';
   COMMENT ON COLUMN "FINAL_503_TEAM_PETPAL"."ADOPT_PICTURE_MANAGE"."PICTURE_CODE" IS '사진코드';
   COMMENT ON TABLE "FINAL_503_TEAM_PETPAL"."ADOPT_PICTURE_MANAGE"  IS '입양홍보게시판 사진관리';
--------------------------------------------------------
--  DDL for Table AD_APPLY_TABLE
--------------------------------------------------------

  CREATE TABLE "FINAL_503_TEAM_PETPAL"."AD_APPLY_TABLE" 
   (	"AD_CODE" NUMBER, 
	"COMPANY_NAME" VARCHAR2(2000 BYTE), 
	"APPLY_DATE" DATE, 
	"COMPANY_NUMBER" VARCHAR2(2000 BYTE), 
	"COMPANY_PHONE" VARCHAR2(2000 BYTE), 
	"COMPANY_EMAIL" VARCHAR2(2000 BYTE), 
	"AD_CONTENT" VARCHAR2(2000 BYTE), 
	"POST_YN" CHAR(1 BYTE), 
	"REFUND_YN" CHAR(1 BYTE), 
	"PAY_DATE_2ND" DATE, 
	"PICTURE_CODE" NUMBER, 
	"PAY_DATE_1ST" DATE, 
	"USER_CODE" NUMBER, 
	"AD_TYPE_CODE" NUMBER, 
	"AD_TITLE" VARCHAR2(2000 BYTE), 
	"PAY_METHOD" VARCHAR2(2000 BYTE), 
	"DECISION_CODE" NUMBER, 
	"CANCEL_APPLY_DATE" DATE, 
	"POST_START_DATE" DATE, 
	"POST_END_DATE" DATE, 
	"STATE_CODE" NUMBER, 
	"LEADER_NAME" VARCHAR2(100 BYTE), 
	"COMPANY_LOCATION" VARCHAR2(300 BYTE), 
	"INDUSTRY" VARCHAR2(150 BYTE), 
	"INDUSTRY_DETAIL" VARCHAR2(150 BYTE), 
	"PAY_DATE" DATE, 
	"PAY_NEW_STATUS" VARCHAR2(300 BYTE)
   ) SEGMENT CREATION IMMEDIATE 
  PCTFREE 10 PCTUSED 40 INITRANS 1 MAXTRANS 255 NOCOMPRESS LOGGING
  STORAGE(INITIAL 65536 NEXT 1048576 MINEXTENTS 1 MAXEXTENTS 2147483645
  PCTINCREASE 0 FREELISTS 1 FREELIST GROUPS 1 BUFFER_POOL DEFAULT FLASH_CACHE DEFAULT CELL_FLASH_CACHE DEFAULT)
  TABLESPACE "SYSTEM" ;

   COMMENT ON COLUMN "FINAL_503_TEAM_PETPAL"."AD_APPLY_TABLE"."AD_CODE" IS '광고코드';
   COMMENT ON COLUMN "FINAL_503_TEAM_PETPAL"."AD_APPLY_TABLE"."COMPANY_NAME" IS '기업명';
   COMMENT ON COLUMN "FINAL_503_TEAM_PETPAL"."AD_APPLY_TABLE"."APPLY_DATE" IS '신청일';
   COMMENT ON COLUMN "FINAL_503_TEAM_PETPAL"."AD_APPLY_TABLE"."COMPANY_NUMBER" IS '사업자번호';
   COMMENT ON COLUMN "FINAL_503_TEAM_PETPAL"."AD_APPLY_TABLE"."COMPANY_PHONE" IS '전화번호';
   COMMENT ON COLUMN "FINAL_503_TEAM_PETPAL"."AD_APPLY_TABLE"."COMPANY_EMAIL" IS '이메일';
   COMMENT ON COLUMN "FINAL_503_TEAM_PETPAL"."AD_APPLY_TABLE"."AD_CONTENT" IS '광고내용';
   COMMENT ON COLUMN "FINAL_503_TEAM_PETPAL"."AD_APPLY_TABLE"."POST_YN" IS '게시상태';
   COMMENT ON COLUMN "FINAL_503_TEAM_PETPAL"."AD_APPLY_TABLE"."REFUND_YN" IS '환불여부';
   COMMENT ON COLUMN "FINAL_503_TEAM_PETPAL"."AD_APPLY_TABLE"."PAY_DATE_2ND" IS '2차납부일자';
   COMMENT ON COLUMN "FINAL_503_TEAM_PETPAL"."AD_APPLY_TABLE"."PICTURE_CODE" IS '사진코드';
   COMMENT ON COLUMN "FINAL_503_TEAM_PETPAL"."AD_APPLY_TABLE"."PAY_DATE_1ST" IS '1차납부일자';
   COMMENT ON COLUMN "FINAL_503_TEAM_PETPAL"."AD_APPLY_TABLE"."USER_CODE" IS '유저코드';
   COMMENT ON COLUMN "FINAL_503_TEAM_PETPAL"."AD_APPLY_TABLE"."AD_TYPE_CODE" IS '광고종류코드';
   COMMENT ON COLUMN "FINAL_503_TEAM_PETPAL"."AD_APPLY_TABLE"."AD_TITLE" IS '광고제목';
   COMMENT ON COLUMN "FINAL_503_TEAM_PETPAL"."AD_APPLY_TABLE"."PAY_METHOD" IS '결제방법';
   COMMENT ON COLUMN "FINAL_503_TEAM_PETPAL"."AD_APPLY_TABLE"."DECISION_CODE" IS '광고심사상태';
   COMMENT ON COLUMN "FINAL_503_TEAM_PETPAL"."AD_APPLY_TABLE"."CANCEL_APPLY_DATE" IS '취소신청일자';
   COMMENT ON COLUMN "FINAL_503_TEAM_PETPAL"."AD_APPLY_TABLE"."POST_START_DATE" IS '게시시작일';
   COMMENT ON COLUMN "FINAL_503_TEAM_PETPAL"."AD_APPLY_TABLE"."POST_END_DATE" IS '게시종료일';
   COMMENT ON COLUMN "FINAL_503_TEAM_PETPAL"."AD_APPLY_TABLE"."STATE_CODE" IS '상태코드';
   COMMENT ON COLUMN "FINAL_503_TEAM_PETPAL"."AD_APPLY_TABLE"."LEADER_NAME" IS '대표자명';
   COMMENT ON COLUMN "FINAL_503_TEAM_PETPAL"."AD_APPLY_TABLE"."COMPANY_LOCATION" IS '상호주소';
   COMMENT ON COLUMN "FINAL_503_TEAM_PETPAL"."AD_APPLY_TABLE"."INDUSTRY" IS '업태';
   COMMENT ON COLUMN "FINAL_503_TEAM_PETPAL"."AD_APPLY_TABLE"."INDUSTRY_DETAIL" IS '종목';
   COMMENT ON COLUMN "FINAL_503_TEAM_PETPAL"."AD_APPLY_TABLE"."PAY_DATE" IS '청구일자';
   COMMENT ON COLUMN "FINAL_503_TEAM_PETPAL"."AD_APPLY_TABLE"."PAY_NEW_STATUS" IS '납부상태';
   COMMENT ON TABLE "FINAL_503_TEAM_PETPAL"."AD_APPLY_TABLE"  IS '광고신청내역';
--------------------------------------------------------
--  DDL for Table AD_CLICK_COUNT
--------------------------------------------------------

  CREATE TABLE "FINAL_503_TEAM_PETPAL"."AD_CLICK_COUNT" 
   (	"CLICK_DATE" DATE, 
	"USER_CODE" NUMBER DEFAULT NULL, 
	"AD_CODE" NUMBER
   ) SEGMENT CREATION IMMEDIATE 
  PCTFREE 10 PCTUSED 40 INITRANS 1 MAXTRANS 255 NOCOMPRESS LOGGING
  STORAGE(INITIAL 65536 NEXT 1048576 MINEXTENTS 1 MAXEXTENTS 2147483645
  PCTINCREASE 0 FREELISTS 1 FREELIST GROUPS 1 BUFFER_POOL DEFAULT FLASH_CACHE DEFAULT CELL_FLASH_CACHE DEFAULT)
  TABLESPACE "SYSTEM" ;

   COMMENT ON COLUMN "FINAL_503_TEAM_PETPAL"."AD_CLICK_COUNT"."CLICK_DATE" IS '클릭일자';
   COMMENT ON COLUMN "FINAL_503_TEAM_PETPAL"."AD_CLICK_COUNT"."USER_CODE" IS '유저코드';
   COMMENT ON COLUMN "FINAL_503_TEAM_PETPAL"."AD_CLICK_COUNT"."AD_CODE" IS '광고코드';
   COMMENT ON TABLE "FINAL_503_TEAM_PETPAL"."AD_CLICK_COUNT"  IS '광고클릭이력';
--------------------------------------------------------
--  DDL for Table AD_MANAGE_TABLE
--------------------------------------------------------

  CREATE TABLE "FINAL_503_TEAM_PETPAL"."AD_MANAGE_TABLE" 
   (	"AD_TYPE_CODE" NUMBER, 
	"AD_TYPE_NAME" VARCHAR2(500 BYTE), 
	"AD_PRICE" NUMBER, 
	"AD_WEEK" NUMBER
   ) SEGMENT CREATION IMMEDIATE 
  PCTFREE 10 PCTUSED 40 INITRANS 1 MAXTRANS 255 NOCOMPRESS LOGGING
  STORAGE(INITIAL 65536 NEXT 1048576 MINEXTENTS 1 MAXEXTENTS 2147483645
  PCTINCREASE 0 FREELISTS 1 FREELIST GROUPS 1 BUFFER_POOL DEFAULT FLASH_CACHE DEFAULT CELL_FLASH_CACHE DEFAULT)
  TABLESPACE "SYSTEM" ;

   COMMENT ON COLUMN "FINAL_503_TEAM_PETPAL"."AD_MANAGE_TABLE"."AD_TYPE_CODE" IS '광고종류코드';
   COMMENT ON COLUMN "FINAL_503_TEAM_PETPAL"."AD_MANAGE_TABLE"."AD_TYPE_NAME" IS '광고상품명';
   COMMENT ON COLUMN "FINAL_503_TEAM_PETPAL"."AD_MANAGE_TABLE"."AD_PRICE" IS '광고가격';
   COMMENT ON COLUMN "FINAL_503_TEAM_PETPAL"."AD_MANAGE_TABLE"."AD_WEEK" IS '광고게시주';
   COMMENT ON TABLE "FINAL_503_TEAM_PETPAL"."AD_MANAGE_TABLE"  IS '광고관리';
--------------------------------------------------------
--  DDL for Table DECISION_TABLE
--------------------------------------------------------

  CREATE TABLE "FINAL_503_TEAM_PETPAL"."DECISION_TABLE" 
   (	"DECISION_CODE" NUMBER, 
	"DECISION_REASON" VARCHAR2(2000 BYTE), 
	"DECISION_DATE" DATE, 
	"STATE_CODE" NUMBER, 
	"USER_CODE" NUMBER
   ) SEGMENT CREATION IMMEDIATE 
  PCTFREE 10 PCTUSED 40 INITRANS 1 MAXTRANS 255 NOCOMPRESS LOGGING
  STORAGE(INITIAL 65536 NEXT 1048576 MINEXTENTS 1 MAXEXTENTS 2147483645
  PCTINCREASE 0 FREELISTS 1 FREELIST GROUPS 1 BUFFER_POOL DEFAULT FLASH_CACHE DEFAULT CELL_FLASH_CACHE DEFAULT)
  TABLESPACE "SYSTEM" ;

   COMMENT ON COLUMN "FINAL_503_TEAM_PETPAL"."DECISION_TABLE"."DECISION_CODE" IS '심사코드';
   COMMENT ON COLUMN "FINAL_503_TEAM_PETPAL"."DECISION_TABLE"."DECISION_REASON" IS '심사사유';
   COMMENT ON COLUMN "FINAL_503_TEAM_PETPAL"."DECISION_TABLE"."DECISION_DATE" IS '심사일';
   COMMENT ON COLUMN "FINAL_503_TEAM_PETPAL"."DECISION_TABLE"."STATE_CODE" IS '상태코드';
   COMMENT ON COLUMN "FINAL_503_TEAM_PETPAL"."DECISION_TABLE"."USER_CODE" IS '관리자코드';
   COMMENT ON TABLE "FINAL_503_TEAM_PETPAL"."DECISION_TABLE"  IS '심사내역';
--------------------------------------------------------
--  DDL for Table FREE_BOARD
--------------------------------------------------------

  CREATE TABLE "FINAL_503_TEAM_PETPAL"."FREE_BOARD" 
   (	"BOARD_CODE" NUMBER, 
	"BOARD_TITLE" VARCHAR2(500 BYTE), 
	"BOARD_CONTENT" CLOB, 
	"BOARD_VIEWS" NUMBER, 
	"BOARD_POST_DATE" DATE, 
	"BOARD_DELETE_YN" CHAR(1 BYTE), 
	"USER_CODE" NUMBER, 
	"CATEGORY" VARCHAR2(100 BYTE)
   ) SEGMENT CREATION IMMEDIATE 
  PCTFREE 10 PCTUSED 40 INITRANS 1 MAXTRANS 255 NOCOMPRESS LOGGING
  STORAGE(INITIAL 65536 NEXT 1048576 MINEXTENTS 1 MAXEXTENTS 2147483645
  PCTINCREASE 0 FREELISTS 1 FREELIST GROUPS 1 BUFFER_POOL DEFAULT FLASH_CACHE DEFAULT CELL_FLASH_CACHE DEFAULT)
  TABLESPACE "SYSTEM" ;

   COMMENT ON COLUMN "FINAL_503_TEAM_PETPAL"."FREE_BOARD"."BOARD_CODE" IS '게시글코드';
   COMMENT ON COLUMN "FINAL_503_TEAM_PETPAL"."FREE_BOARD"."BOARD_TITLE" IS '제목';
   COMMENT ON COLUMN "FINAL_503_TEAM_PETPAL"."FREE_BOARD"."BOARD_CONTENT" IS '내용';
   COMMENT ON COLUMN "FINAL_503_TEAM_PETPAL"."FREE_BOARD"."BOARD_VIEWS" IS '조회수';
   COMMENT ON COLUMN "FINAL_503_TEAM_PETPAL"."FREE_BOARD"."BOARD_POST_DATE" IS '작성일자';
   COMMENT ON COLUMN "FINAL_503_TEAM_PETPAL"."FREE_BOARD"."BOARD_DELETE_YN" IS '삭제여부';
   COMMENT ON COLUMN "FINAL_503_TEAM_PETPAL"."FREE_BOARD"."USER_CODE" IS '유저코드';
   COMMENT ON COLUMN "FINAL_503_TEAM_PETPAL"."FREE_BOARD"."CATEGORY" IS '카테고리 구분';
   COMMENT ON TABLE "FINAL_503_TEAM_PETPAL"."FREE_BOARD"  IS '자유게시판';
--------------------------------------------------------
--  DDL for Table FREE_BOARD_REPLY
--------------------------------------------------------

  CREATE TABLE "FINAL_503_TEAM_PETPAL"."FREE_BOARD_REPLY" 
   (	"BOARD_CODE" NUMBER, 
	"REPLY_CODE" NUMBER, 
	"USER_CODE" NUMBER
   ) SEGMENT CREATION IMMEDIATE 
  PCTFREE 10 PCTUSED 40 INITRANS 1 MAXTRANS 255 NOCOMPRESS LOGGING
  STORAGE(INITIAL 65536 NEXT 1048576 MINEXTENTS 1 MAXEXTENTS 2147483645
  PCTINCREASE 0 FREELISTS 1 FREELIST GROUPS 1 BUFFER_POOL DEFAULT FLASH_CACHE DEFAULT CELL_FLASH_CACHE DEFAULT)
  TABLESPACE "SYSTEM" ;

   COMMENT ON COLUMN "FINAL_503_TEAM_PETPAL"."FREE_BOARD_REPLY"."BOARD_CODE" IS '게시글코드';
   COMMENT ON COLUMN "FINAL_503_TEAM_PETPAL"."FREE_BOARD_REPLY"."REPLY_CODE" IS '댓글코드';
   COMMENT ON COLUMN "FINAL_503_TEAM_PETPAL"."FREE_BOARD_REPLY"."USER_CODE" IS '유저코드';
   COMMENT ON TABLE "FINAL_503_TEAM_PETPAL"."FREE_BOARD_REPLY"  IS '자유게시판 댓글관리';
--------------------------------------------------------
--  DDL for Table FREE_BOARD_REPORT
--------------------------------------------------------

  CREATE TABLE "FINAL_503_TEAM_PETPAL"."FREE_BOARD_REPORT" 
   (	"BOARD_CODE" NUMBER, 
	"REPORT_CODE" NUMBER
   ) SEGMENT CREATION IMMEDIATE 
  PCTFREE 10 PCTUSED 40 INITRANS 1 MAXTRANS 255 NOCOMPRESS LOGGING
  STORAGE(INITIAL 65536 NEXT 1048576 MINEXTENTS 1 MAXEXTENTS 2147483645
  PCTINCREASE 0 FREELISTS 1 FREELIST GROUPS 1 BUFFER_POOL DEFAULT FLASH_CACHE DEFAULT CELL_FLASH_CACHE DEFAULT)
  TABLESPACE "SYSTEM" ;

   COMMENT ON COLUMN "FINAL_503_TEAM_PETPAL"."FREE_BOARD_REPORT"."BOARD_CODE" IS '게시글코드';
   COMMENT ON COLUMN "FINAL_503_TEAM_PETPAL"."FREE_BOARD_REPORT"."REPORT_CODE" IS '신고관리코드';
   COMMENT ON TABLE "FINAL_503_TEAM_PETPAL"."FREE_BOARD_REPORT"  IS '자유게시판 신고관리';
--------------------------------------------------------
--  DDL for Table FREE_PICTURE_MANAGE
--------------------------------------------------------

  CREATE TABLE "FINAL_503_TEAM_PETPAL"."FREE_PICTURE_MANAGE" 
   (	"BOARD_CODE" NUMBER, 
	"PICTURE_CODE" NUMBER
   ) SEGMENT CREATION IMMEDIATE 
  PCTFREE 10 PCTUSED 40 INITRANS 1 MAXTRANS 255 NOCOMPRESS LOGGING
  STORAGE(INITIAL 65536 NEXT 1048576 MINEXTENTS 1 MAXEXTENTS 2147483645
  PCTINCREASE 0 FREELISTS 1 FREELIST GROUPS 1 BUFFER_POOL DEFAULT FLASH_CACHE DEFAULT CELL_FLASH_CACHE DEFAULT)
  TABLESPACE "SYSTEM" ;

   COMMENT ON COLUMN "FINAL_503_TEAM_PETPAL"."FREE_PICTURE_MANAGE"."BOARD_CODE" IS '게시글코드';
   COMMENT ON COLUMN "FINAL_503_TEAM_PETPAL"."FREE_PICTURE_MANAGE"."PICTURE_CODE" IS '사진코드';
   COMMENT ON TABLE "FINAL_503_TEAM_PETPAL"."FREE_PICTURE_MANAGE"  IS '자유게시판 사진관리';
--------------------------------------------------------
--  DDL for Table FRIENDLY_BOARD
--------------------------------------------------------

  CREATE TABLE "FINAL_503_TEAM_PETPAL"."FRIENDLY_BOARD" 
   (	"BOARD_CODE" NUMBER, 
	"BOARD_TITLE" VARCHAR2(500 BYTE), 
	"BOARD_CONTENT" CLOB, 
	"BOARD_VIEWS" NUMBER, 
	"BOARD_POST_DATE" DATE, 
	"BOARD_DELETE_YN" CHAR(1 BYTE), 
	"DECISION_CODE" NUMBER, 
	"USER_CODE" NUMBER, 
	"PLACE_NAME" VARCHAR2(500 BYTE), 
	"PLACE_PHONE" VARCHAR2(500 BYTE), 
	"PLACE_ADDRESS" VARCHAR2(500 BYTE)
   ) SEGMENT CREATION IMMEDIATE 
  PCTFREE 10 PCTUSED 40 INITRANS 1 MAXTRANS 255 NOCOMPRESS LOGGING
  STORAGE(INITIAL 65536 NEXT 1048576 MINEXTENTS 1 MAXEXTENTS 2147483645
  PCTINCREASE 0 FREELISTS 1 FREELIST GROUPS 1 BUFFER_POOL DEFAULT FLASH_CACHE DEFAULT CELL_FLASH_CACHE DEFAULT)
  TABLESPACE "SYSTEM" ;

   COMMENT ON COLUMN "FINAL_503_TEAM_PETPAL"."FRIENDLY_BOARD"."BOARD_CODE" IS '게시글코드';
   COMMENT ON COLUMN "FINAL_503_TEAM_PETPAL"."FRIENDLY_BOARD"."BOARD_TITLE" IS '제목';
   COMMENT ON COLUMN "FINAL_503_TEAM_PETPAL"."FRIENDLY_BOARD"."BOARD_CONTENT" IS '내용';
   COMMENT ON COLUMN "FINAL_503_TEAM_PETPAL"."FRIENDLY_BOARD"."BOARD_VIEWS" IS '조회수';
   COMMENT ON COLUMN "FINAL_503_TEAM_PETPAL"."FRIENDLY_BOARD"."BOARD_POST_DATE" IS '작성일자';
   COMMENT ON COLUMN "FINAL_503_TEAM_PETPAL"."FRIENDLY_BOARD"."BOARD_DELETE_YN" IS '삭제여부';
   COMMENT ON COLUMN "FINAL_503_TEAM_PETPAL"."FRIENDLY_BOARD"."DECISION_CODE" IS '심사코드';
   COMMENT ON COLUMN "FINAL_503_TEAM_PETPAL"."FRIENDLY_BOARD"."USER_CODE" IS '유저코드';
   COMMENT ON COLUMN "FINAL_503_TEAM_PETPAL"."FRIENDLY_BOARD"."PLACE_NAME" IS '장소명';
   COMMENT ON COLUMN "FINAL_503_TEAM_PETPAL"."FRIENDLY_BOARD"."PLACE_PHONE" IS '장소연락처';
   COMMENT ON COLUMN "FINAL_503_TEAM_PETPAL"."FRIENDLY_BOARD"."PLACE_ADDRESS" IS '세부주소';
   COMMENT ON TABLE "FINAL_503_TEAM_PETPAL"."FRIENDLY_BOARD"  IS '프렌들리게시판';
--------------------------------------------------------
--  DDL for Table FRIENDLY_BOARD_REPLY
--------------------------------------------------------

  CREATE TABLE "FINAL_503_TEAM_PETPAL"."FRIENDLY_BOARD_REPLY" 
   (	"BOARD_CODE" NUMBER, 
	"REPLY_CODE" NUMBER, 
	"USER_CODE" NUMBER
   ) SEGMENT CREATION IMMEDIATE 
  PCTFREE 10 PCTUSED 40 INITRANS 1 MAXTRANS 255 NOCOMPRESS LOGGING
  STORAGE(INITIAL 65536 NEXT 1048576 MINEXTENTS 1 MAXEXTENTS 2147483645
  PCTINCREASE 0 FREELISTS 1 FREELIST GROUPS 1 BUFFER_POOL DEFAULT FLASH_CACHE DEFAULT CELL_FLASH_CACHE DEFAULT)
  TABLESPACE "SYSTEM" ;

   COMMENT ON COLUMN "FINAL_503_TEAM_PETPAL"."FRIENDLY_BOARD_REPLY"."BOARD_CODE" IS '게시글코드';
   COMMENT ON COLUMN "FINAL_503_TEAM_PETPAL"."FRIENDLY_BOARD_REPLY"."REPLY_CODE" IS '댓글코드';
   COMMENT ON COLUMN "FINAL_503_TEAM_PETPAL"."FRIENDLY_BOARD_REPLY"."USER_CODE" IS '유저코드';
   COMMENT ON TABLE "FINAL_503_TEAM_PETPAL"."FRIENDLY_BOARD_REPLY"  IS '프렌들리게시판 댓글관리';
--------------------------------------------------------
--  DDL for Table FRIENDLY_BOARD_REPORT
--------------------------------------------------------

  CREATE TABLE "FINAL_503_TEAM_PETPAL"."FRIENDLY_BOARD_REPORT" 
   (	"BOARD_CODE" NUMBER, 
	"REPORT_CODE" NUMBER
   ) SEGMENT CREATION IMMEDIATE 
  PCTFREE 10 PCTUSED 40 INITRANS 1 MAXTRANS 255 NOCOMPRESS LOGGING
  STORAGE(INITIAL 65536 NEXT 1048576 MINEXTENTS 1 MAXEXTENTS 2147483645
  PCTINCREASE 0 FREELISTS 1 FREELIST GROUPS 1 BUFFER_POOL DEFAULT FLASH_CACHE DEFAULT CELL_FLASH_CACHE DEFAULT)
  TABLESPACE "SYSTEM" ;

   COMMENT ON COLUMN "FINAL_503_TEAM_PETPAL"."FRIENDLY_BOARD_REPORT"."BOARD_CODE" IS '게시글코드';
   COMMENT ON COLUMN "FINAL_503_TEAM_PETPAL"."FRIENDLY_BOARD_REPORT"."REPORT_CODE" IS '신고관리코드';
   COMMENT ON TABLE "FINAL_503_TEAM_PETPAL"."FRIENDLY_BOARD_REPORT"  IS '프렌들리게시판 신고관리';
--------------------------------------------------------
--  DDL for Table FRIENDLY_PICTURE_MANAGE
--------------------------------------------------------

  CREATE TABLE "FINAL_503_TEAM_PETPAL"."FRIENDLY_PICTURE_MANAGE" 
   (	"BOARD_CODE" NUMBER, 
	"PICTURE_CODE" NUMBER
   ) SEGMENT CREATION IMMEDIATE 
  PCTFREE 10 PCTUSED 40 INITRANS 1 MAXTRANS 255 NOCOMPRESS LOGGING
  STORAGE(INITIAL 65536 NEXT 1048576 MINEXTENTS 1 MAXEXTENTS 2147483645
  PCTINCREASE 0 FREELISTS 1 FREELIST GROUPS 1 BUFFER_POOL DEFAULT FLASH_CACHE DEFAULT CELL_FLASH_CACHE DEFAULT)
  TABLESPACE "SYSTEM" ;

   COMMENT ON COLUMN "FINAL_503_TEAM_PETPAL"."FRIENDLY_PICTURE_MANAGE"."BOARD_CODE" IS '게시글코드';
   COMMENT ON COLUMN "FINAL_503_TEAM_PETPAL"."FRIENDLY_PICTURE_MANAGE"."PICTURE_CODE" IS '사진코드';
   COMMENT ON TABLE "FINAL_503_TEAM_PETPAL"."FRIENDLY_PICTURE_MANAGE"  IS '프렌들리게시판 사진관리';
--------------------------------------------------------
--  DDL for Table INFO_BOARD
--------------------------------------------------------

  CREATE TABLE "FINAL_503_TEAM_PETPAL"."INFO_BOARD" 
   (	"BOARD_CODE" NUMBER, 
	"BOARD_TITLE" VARCHAR2(500 BYTE), 
	"BOARD_CONTENT" CLOB, 
	"BOARD_VIEWS" NUMBER, 
	"BOARD_POST_DATE" DATE, 
	"BOARD_DELETE_YN" CHAR(1 BYTE), 
	"DECISION_CODE" NUMBER, 
	"USER_CODE" NUMBER
   ) SEGMENT CREATION IMMEDIATE 
  PCTFREE 10 PCTUSED 40 INITRANS 1 MAXTRANS 255 NOCOMPRESS LOGGING
  STORAGE(INITIAL 65536 NEXT 1048576 MINEXTENTS 1 MAXEXTENTS 2147483645
  PCTINCREASE 0 FREELISTS 1 FREELIST GROUPS 1 BUFFER_POOL DEFAULT FLASH_CACHE DEFAULT CELL_FLASH_CACHE DEFAULT)
  TABLESPACE "SYSTEM" ;

   COMMENT ON COLUMN "FINAL_503_TEAM_PETPAL"."INFO_BOARD"."BOARD_CODE" IS '게시글코드';
   COMMENT ON COLUMN "FINAL_503_TEAM_PETPAL"."INFO_BOARD"."BOARD_TITLE" IS '제목';
   COMMENT ON COLUMN "FINAL_503_TEAM_PETPAL"."INFO_BOARD"."BOARD_CONTENT" IS '내용';
   COMMENT ON COLUMN "FINAL_503_TEAM_PETPAL"."INFO_BOARD"."BOARD_VIEWS" IS '조회수';
   COMMENT ON COLUMN "FINAL_503_TEAM_PETPAL"."INFO_BOARD"."BOARD_POST_DATE" IS '작성일자';
   COMMENT ON COLUMN "FINAL_503_TEAM_PETPAL"."INFO_BOARD"."BOARD_DELETE_YN" IS '삭제여부';
   COMMENT ON COLUMN "FINAL_503_TEAM_PETPAL"."INFO_BOARD"."DECISION_CODE" IS '심사코드';
   COMMENT ON COLUMN "FINAL_503_TEAM_PETPAL"."INFO_BOARD"."USER_CODE" IS '유저코드';
   COMMENT ON TABLE "FINAL_503_TEAM_PETPAL"."INFO_BOARD"  IS '정보공유게시판';
--------------------------------------------------------
--  DDL for Table INFO_BOARD_REPLY
--------------------------------------------------------

  CREATE TABLE "FINAL_503_TEAM_PETPAL"."INFO_BOARD_REPLY" 
   (	"BOARD_CODE" NUMBER, 
	"REPLY_CODE" NUMBER, 
	"USER_CODE" NUMBER
   ) SEGMENT CREATION IMMEDIATE 
  PCTFREE 10 PCTUSED 40 INITRANS 1 MAXTRANS 255 NOCOMPRESS LOGGING
  STORAGE(INITIAL 65536 NEXT 1048576 MINEXTENTS 1 MAXEXTENTS 2147483645
  PCTINCREASE 0 FREELISTS 1 FREELIST GROUPS 1 BUFFER_POOL DEFAULT FLASH_CACHE DEFAULT CELL_FLASH_CACHE DEFAULT)
  TABLESPACE "SYSTEM" ;

   COMMENT ON COLUMN "FINAL_503_TEAM_PETPAL"."INFO_BOARD_REPLY"."BOARD_CODE" IS '게시글코드';
   COMMENT ON COLUMN "FINAL_503_TEAM_PETPAL"."INFO_BOARD_REPLY"."REPLY_CODE" IS '댓글코드';
   COMMENT ON COLUMN "FINAL_503_TEAM_PETPAL"."INFO_BOARD_REPLY"."USER_CODE" IS '유저코드';
   COMMENT ON TABLE "FINAL_503_TEAM_PETPAL"."INFO_BOARD_REPLY"  IS '정보공유게시판 댓글관리';
--------------------------------------------------------
--  DDL for Table INFO_BOARD_REPORT
--------------------------------------------------------

  CREATE TABLE "FINAL_503_TEAM_PETPAL"."INFO_BOARD_REPORT" 
   (	"BOARD_CODE" NUMBER, 
	"REPORT_CODE" NUMBER
   ) SEGMENT CREATION IMMEDIATE 
  PCTFREE 10 PCTUSED 40 INITRANS 1 MAXTRANS 255 NOCOMPRESS LOGGING
  STORAGE(INITIAL 65536 NEXT 1048576 MINEXTENTS 1 MAXEXTENTS 2147483645
  PCTINCREASE 0 FREELISTS 1 FREELIST GROUPS 1 BUFFER_POOL DEFAULT FLASH_CACHE DEFAULT CELL_FLASH_CACHE DEFAULT)
  TABLESPACE "SYSTEM" ;

   COMMENT ON COLUMN "FINAL_503_TEAM_PETPAL"."INFO_BOARD_REPORT"."BOARD_CODE" IS '게시글코드';
   COMMENT ON COLUMN "FINAL_503_TEAM_PETPAL"."INFO_BOARD_REPORT"."REPORT_CODE" IS '신고관리코드';
   COMMENT ON TABLE "FINAL_503_TEAM_PETPAL"."INFO_BOARD_REPORT"  IS '정보공유게시판 신고관리';
--------------------------------------------------------
--  DDL for Table INFO_PICTURE_MANAGE
--------------------------------------------------------

  CREATE TABLE "FINAL_503_TEAM_PETPAL"."INFO_PICTURE_MANAGE" 
   (	"BOARD_CODE" NUMBER, 
	"PICTURE_CODE" NUMBER
   ) SEGMENT CREATION IMMEDIATE 
  PCTFREE 10 PCTUSED 40 INITRANS 1 MAXTRANS 255 NOCOMPRESS LOGGING
  STORAGE(INITIAL 65536 NEXT 1048576 MINEXTENTS 1 MAXEXTENTS 2147483645
  PCTINCREASE 0 FREELISTS 1 FREELIST GROUPS 1 BUFFER_POOL DEFAULT FLASH_CACHE DEFAULT CELL_FLASH_CACHE DEFAULT)
  TABLESPACE "SYSTEM" ;

   COMMENT ON COLUMN "FINAL_503_TEAM_PETPAL"."INFO_PICTURE_MANAGE"."BOARD_CODE" IS '게시글코드';
   COMMENT ON COLUMN "FINAL_503_TEAM_PETPAL"."INFO_PICTURE_MANAGE"."PICTURE_CODE" IS '사진코드';
   COMMENT ON TABLE "FINAL_503_TEAM_PETPAL"."INFO_PICTURE_MANAGE"  IS '정보공유게시판 사진관리';
--------------------------------------------------------
--  DDL for Table MESSAGE_TABLE
--------------------------------------------------------

  CREATE TABLE "FINAL_503_TEAM_PETPAL"."MESSAGE_TABLE" 
   (	"MESSAGE_CODE" NUMBER, 
	"MESSAGE_CONTENT" VARCHAR2(2000 BYTE), 
	"MESSAGE_DATE" DATE, 
	"USER_CODE1" NUMBER, 
	"USER_CODE" NUMBER, 
	"SEND_NICKNAME" VARCHAR2(100 BYTE), 
	"RECEIVE_NICKNAME" VARCHAR2(100 BYTE)
   ) SEGMENT CREATION IMMEDIATE 
  PCTFREE 10 PCTUSED 40 INITRANS 1 MAXTRANS 255 NOCOMPRESS LOGGING
  STORAGE(INITIAL 65536 NEXT 1048576 MINEXTENTS 1 MAXEXTENTS 2147483645
  PCTINCREASE 0 FREELISTS 1 FREELIST GROUPS 1 BUFFER_POOL DEFAULT FLASH_CACHE DEFAULT CELL_FLASH_CACHE DEFAULT)
  TABLESPACE "SYSTEM" ;

   COMMENT ON COLUMN "FINAL_503_TEAM_PETPAL"."MESSAGE_TABLE"."MESSAGE_CODE" IS '쪽지코드';
   COMMENT ON COLUMN "FINAL_503_TEAM_PETPAL"."MESSAGE_TABLE"."MESSAGE_CONTENT" IS '내용';
   COMMENT ON COLUMN "FINAL_503_TEAM_PETPAL"."MESSAGE_TABLE"."MESSAGE_DATE" IS '작성일자';
   COMMENT ON COLUMN "FINAL_503_TEAM_PETPAL"."MESSAGE_TABLE"."USER_CODE1" IS '유저코드(수신자)';
   COMMENT ON COLUMN "FINAL_503_TEAM_PETPAL"."MESSAGE_TABLE"."USER_CODE" IS '유저코드(발신자)';
   COMMENT ON COLUMN "FINAL_503_TEAM_PETPAL"."MESSAGE_TABLE"."SEND_NICKNAME" IS '발신자아이디';
   COMMENT ON COLUMN "FINAL_503_TEAM_PETPAL"."MESSAGE_TABLE"."RECEIVE_NICKNAME" IS '수신자아이디';
   COMMENT ON TABLE "FINAL_503_TEAM_PETPAL"."MESSAGE_TABLE"  IS '쪽지관리';
--------------------------------------------------------
--  DDL for Table MISSING_BOARD
--------------------------------------------------------

  CREATE TABLE "FINAL_503_TEAM_PETPAL"."MISSING_BOARD" 
   (	"BOARD_CODE" NUMBER, 
	"MISSING_DATE" DATE, 
	"MISSING_AREA" VARCHAR2(500 BYTE), 
	"MISSING_PLACE" VARCHAR2(500 BYTE), 
	"MISSING_PHONE" VARCHAR2(500 BYTE), 
	"MISSING_BREED" VARCHAR2(500 BYTE), 
	"MISSING_GENDER" CHAR(1 BYTE), 
	"MISSING_AGE" NUMBER, 
	"MISSING_WEIGTH" NUMBER, 
	"MISSING_CHARACTER" VARCHAR2(500 BYTE), 
	"MISSING_REQUEST" VARCHAR2(500 BYTE), 
	"MISSING_DELETE_YN" CHAR(1 BYTE), 
	"STATE_CODE" NUMBER, 
	"USER_CODE" NUMBER, 
	"DOG_OR_CAT" CHAR(1 BYTE), 
	"MISSING_COLOR" VARCHAR2(500 BYTE), 
	"BOARD_DATE" DATE
   ) SEGMENT CREATION IMMEDIATE 
  PCTFREE 10 PCTUSED 40 INITRANS 1 MAXTRANS 255 NOCOMPRESS LOGGING
  STORAGE(INITIAL 65536 NEXT 1048576 MINEXTENTS 1 MAXEXTENTS 2147483645
  PCTINCREASE 0 FREELISTS 1 FREELIST GROUPS 1 BUFFER_POOL DEFAULT FLASH_CACHE DEFAULT CELL_FLASH_CACHE DEFAULT)
  TABLESPACE "SYSTEM" ;

   COMMENT ON COLUMN "FINAL_503_TEAM_PETPAL"."MISSING_BOARD"."BOARD_CODE" IS '게시글코드';
   COMMENT ON COLUMN "FINAL_503_TEAM_PETPAL"."MISSING_BOARD"."MISSING_DATE" IS '실종 일자';
   COMMENT ON COLUMN "FINAL_503_TEAM_PETPAL"."MISSING_BOARD"."MISSING_AREA" IS '지역';
   COMMENT ON COLUMN "FINAL_503_TEAM_PETPAL"."MISSING_BOARD"."MISSING_PLACE" IS '장소';
   COMMENT ON COLUMN "FINAL_503_TEAM_PETPAL"."MISSING_BOARD"."MISSING_PHONE" IS '연락처';
   COMMENT ON COLUMN "FINAL_503_TEAM_PETPAL"."MISSING_BOARD"."MISSING_BREED" IS '품종';
   COMMENT ON COLUMN "FINAL_503_TEAM_PETPAL"."MISSING_BOARD"."MISSING_GENDER" IS '성별';
   COMMENT ON COLUMN "FINAL_503_TEAM_PETPAL"."MISSING_BOARD"."MISSING_AGE" IS '나이';
   COMMENT ON COLUMN "FINAL_503_TEAM_PETPAL"."MISSING_BOARD"."MISSING_WEIGTH" IS '몸무게';
   COMMENT ON COLUMN "FINAL_503_TEAM_PETPAL"."MISSING_BOARD"."MISSING_CHARACTER" IS '특징';
   COMMENT ON COLUMN "FINAL_503_TEAM_PETPAL"."MISSING_BOARD"."MISSING_REQUEST" IS '추가요청사항';
   COMMENT ON COLUMN "FINAL_503_TEAM_PETPAL"."MISSING_BOARD"."MISSING_DELETE_YN" IS '삭제여부';
   COMMENT ON COLUMN "FINAL_503_TEAM_PETPAL"."MISSING_BOARD"."STATE_CODE" IS '상태코드';
   COMMENT ON COLUMN "FINAL_503_TEAM_PETPAL"."MISSING_BOARD"."USER_CODE" IS '유저코드';
   COMMENT ON COLUMN "FINAL_503_TEAM_PETPAL"."MISSING_BOARD"."DOG_OR_CAT" IS '동물구분';
   COMMENT ON COLUMN "FINAL_503_TEAM_PETPAL"."MISSING_BOARD"."MISSING_COLOR" IS '색상';
   COMMENT ON COLUMN "FINAL_503_TEAM_PETPAL"."MISSING_BOARD"."BOARD_DATE" IS '게시글 등록일자';
   COMMENT ON TABLE "FINAL_503_TEAM_PETPAL"."MISSING_BOARD"  IS '실종신고게시판';
--------------------------------------------------------
--  DDL for Table MISSING_BOARD_REPLY
--------------------------------------------------------

  CREATE TABLE "FINAL_503_TEAM_PETPAL"."MISSING_BOARD_REPLY" 
   (	"BOARD_CODE" NUMBER, 
	"REPLY_CODE" NUMBER, 
	"USER_CODE" NUMBER
   ) SEGMENT CREATION IMMEDIATE 
  PCTFREE 10 PCTUSED 40 INITRANS 1 MAXTRANS 255 NOCOMPRESS LOGGING
  STORAGE(INITIAL 65536 NEXT 1048576 MINEXTENTS 1 MAXEXTENTS 2147483645
  PCTINCREASE 0 FREELISTS 1 FREELIST GROUPS 1 BUFFER_POOL DEFAULT FLASH_CACHE DEFAULT CELL_FLASH_CACHE DEFAULT)
  TABLESPACE "SYSTEM" ;

   COMMENT ON COLUMN "FINAL_503_TEAM_PETPAL"."MISSING_BOARD_REPLY"."BOARD_CODE" IS '게시글코드';
   COMMENT ON COLUMN "FINAL_503_TEAM_PETPAL"."MISSING_BOARD_REPLY"."REPLY_CODE" IS '댓글코드';
   COMMENT ON COLUMN "FINAL_503_TEAM_PETPAL"."MISSING_BOARD_REPLY"."USER_CODE" IS '유저코드';
   COMMENT ON TABLE "FINAL_503_TEAM_PETPAL"."MISSING_BOARD_REPLY"  IS '실종신고게시판 댓글관리';
--------------------------------------------------------
--  DDL for Table MISSING_BOARD_REPORT
--------------------------------------------------------

  CREATE TABLE "FINAL_503_TEAM_PETPAL"."MISSING_BOARD_REPORT" 
   (	"BOARD_CODE" NUMBER, 
	"REPORT_CODE" NUMBER
   ) SEGMENT CREATION IMMEDIATE 
  PCTFREE 10 PCTUSED 40 INITRANS 1 MAXTRANS 255 NOCOMPRESS LOGGING
  STORAGE(INITIAL 65536 NEXT 1048576 MINEXTENTS 1 MAXEXTENTS 2147483645
  PCTINCREASE 0 FREELISTS 1 FREELIST GROUPS 1 BUFFER_POOL DEFAULT FLASH_CACHE DEFAULT CELL_FLASH_CACHE DEFAULT)
  TABLESPACE "SYSTEM" ;

   COMMENT ON COLUMN "FINAL_503_TEAM_PETPAL"."MISSING_BOARD_REPORT"."BOARD_CODE" IS '게시글코드';
   COMMENT ON COLUMN "FINAL_503_TEAM_PETPAL"."MISSING_BOARD_REPORT"."REPORT_CODE" IS '신고관리코드';
   COMMENT ON TABLE "FINAL_503_TEAM_PETPAL"."MISSING_BOARD_REPORT"  IS '실종신고게시판 신고관리';
--------------------------------------------------------
--  DDL for Table MISSING_PICTURE_MANAGE
--------------------------------------------------------

  CREATE TABLE "FINAL_503_TEAM_PETPAL"."MISSING_PICTURE_MANAGE" 
   (	"BOARD_CODE" NUMBER, 
	"PICTURE_CODE" NUMBER
   ) SEGMENT CREATION IMMEDIATE 
  PCTFREE 10 PCTUSED 40 INITRANS 1 MAXTRANS 255 NOCOMPRESS LOGGING
  STORAGE(INITIAL 65536 NEXT 1048576 MINEXTENTS 1 MAXEXTENTS 2147483645
  PCTINCREASE 0 FREELISTS 1 FREELIST GROUPS 1 BUFFER_POOL DEFAULT FLASH_CACHE DEFAULT CELL_FLASH_CACHE DEFAULT)
  TABLESPACE "SYSTEM" ;

   COMMENT ON COLUMN "FINAL_503_TEAM_PETPAL"."MISSING_PICTURE_MANAGE"."BOARD_CODE" IS '게시글코드';
   COMMENT ON COLUMN "FINAL_503_TEAM_PETPAL"."MISSING_PICTURE_MANAGE"."PICTURE_CODE" IS '사진코드';
   COMMENT ON TABLE "FINAL_503_TEAM_PETPAL"."MISSING_PICTURE_MANAGE"  IS '실종신고게시판 사진관리';
--------------------------------------------------------
--  DDL for Table NEWS_PICTURE_MANAGE
--------------------------------------------------------

  CREATE TABLE "FINAL_503_TEAM_PETPAL"."NEWS_PICTURE_MANAGE" 
   (	"NEWS_CODE" NUMBER, 
	"PICTURE_CODE" NUMBER
   ) SEGMENT CREATION IMMEDIATE 
  PCTFREE 10 PCTUSED 40 INITRANS 1 MAXTRANS 255 NOCOMPRESS LOGGING
  STORAGE(INITIAL 65536 NEXT 1048576 MINEXTENTS 1 MAXEXTENTS 2147483645
  PCTINCREASE 0 FREELISTS 1 FREELIST GROUPS 1 BUFFER_POOL DEFAULT FLASH_CACHE DEFAULT CELL_FLASH_CACHE DEFAULT)
  TABLESPACE "SYSTEM" ;

   COMMENT ON COLUMN "FINAL_503_TEAM_PETPAL"."NEWS_PICTURE_MANAGE"."NEWS_CODE" IS '뉴스레터 코드';
   COMMENT ON COLUMN "FINAL_503_TEAM_PETPAL"."NEWS_PICTURE_MANAGE"."PICTURE_CODE" IS '사진코드';
   COMMENT ON TABLE "FINAL_503_TEAM_PETPAL"."NEWS_PICTURE_MANAGE"  IS '뉴스레터관리';
--------------------------------------------------------
--  DDL for Table NEWS_TABLE
--------------------------------------------------------

  CREATE TABLE "FINAL_503_TEAM_PETPAL"."NEWS_TABLE" 
   (	"NEWS_CODE" NUMBER, 
	"NEWS_SEND_DATE" DATE, 
	"USER_CODE" NUMBER
   ) SEGMENT CREATION IMMEDIATE 
  PCTFREE 10 PCTUSED 40 INITRANS 1 MAXTRANS 255 NOCOMPRESS LOGGING
  STORAGE(INITIAL 65536 NEXT 1048576 MINEXTENTS 1 MAXEXTENTS 2147483645
  PCTINCREASE 0 FREELISTS 1 FREELIST GROUPS 1 BUFFER_POOL DEFAULT FLASH_CACHE DEFAULT CELL_FLASH_CACHE DEFAULT)
  TABLESPACE "SYSTEM" ;

   COMMENT ON COLUMN "FINAL_503_TEAM_PETPAL"."NEWS_TABLE"."NEWS_CODE" IS '뉴스레터 코드';
   COMMENT ON COLUMN "FINAL_503_TEAM_PETPAL"."NEWS_TABLE"."NEWS_SEND_DATE" IS '전송일자';
   COMMENT ON COLUMN "FINAL_503_TEAM_PETPAL"."NEWS_TABLE"."USER_CODE" IS '관리자코드';
   COMMENT ON TABLE "FINAL_503_TEAM_PETPAL"."NEWS_TABLE"  IS '뉴스레터';
--------------------------------------------------------
--  DDL for Table PICTURE_TABLE
--------------------------------------------------------

  CREATE TABLE "FINAL_503_TEAM_PETPAL"."PICTURE_TABLE" 
   (	"PICTURE_CODE" NUMBER, 
	"PICTURE_NAME" VARCHAR2(500 BYTE), 
	"PICTURE_URL" VARCHAR2(500 BYTE), 
	"PICTURE_UPLOAD_DATE" DATE, 
	"PICTURE_DELETE_YN" CHAR(1 BYTE), 
	"PICTURE_NEW_NAME" VARCHAR2(500 BYTE), 
	"PICTURE_UTIL_PATH" VARCHAR2(1000 BYTE)
   ) SEGMENT CREATION IMMEDIATE 
  PCTFREE 10 PCTUSED 40 INITRANS 1 MAXTRANS 255 NOCOMPRESS LOGGING
  STORAGE(INITIAL 65536 NEXT 1048576 MINEXTENTS 1 MAXEXTENTS 2147483645
  PCTINCREASE 0 FREELISTS 1 FREELIST GROUPS 1 BUFFER_POOL DEFAULT FLASH_CACHE DEFAULT CELL_FLASH_CACHE DEFAULT)
  TABLESPACE "SYSTEM" ;

   COMMENT ON COLUMN "FINAL_503_TEAM_PETPAL"."PICTURE_TABLE"."PICTURE_CODE" IS '사진코드';
   COMMENT ON COLUMN "FINAL_503_TEAM_PETPAL"."PICTURE_TABLE"."PICTURE_NAME" IS '사진명';
   COMMENT ON COLUMN "FINAL_503_TEAM_PETPAL"."PICTURE_TABLE"."PICTURE_URL" IS '경로';
   COMMENT ON COLUMN "FINAL_503_TEAM_PETPAL"."PICTURE_TABLE"."PICTURE_UPLOAD_DATE" IS '업로드일시';
   COMMENT ON COLUMN "FINAL_503_TEAM_PETPAL"."PICTURE_TABLE"."PICTURE_DELETE_YN" IS '삭제유무';
   COMMENT ON COLUMN "FINAL_503_TEAM_PETPAL"."PICTURE_TABLE"."PICTURE_NEW_NAME" IS '수정파일명';
   COMMENT ON TABLE "FINAL_503_TEAM_PETPAL"."PICTURE_TABLE"  IS '사진관리';
--------------------------------------------------------
--  DDL for Table QUESTION_BOARD
--------------------------------------------------------

  CREATE TABLE "FINAL_503_TEAM_PETPAL"."QUESTION_BOARD" 
   (	"BOARD_CODE" NUMBER, 
	"BOARD_TITLE" VARCHAR2(500 BYTE), 
	"BOARD_CONTENT" CLOB, 
	"QUESTION_TYPE" NUMBER, 
	"BOARD_POST_DATE" DATE, 
	"ADMIN_REPLY_CONTENT" VARCHAR2(2000 BYTE), 
	"STATE_CODE" NUMBER, 
	"USER_CODE" NUMBER
   ) SEGMENT CREATION IMMEDIATE 
  PCTFREE 10 PCTUSED 40 INITRANS 1 MAXTRANS 255 NOCOMPRESS LOGGING
  STORAGE(INITIAL 65536 NEXT 1048576 MINEXTENTS 1 MAXEXTENTS 2147483645
  PCTINCREASE 0 FREELISTS 1 FREELIST GROUPS 1 BUFFER_POOL DEFAULT FLASH_CACHE DEFAULT CELL_FLASH_CACHE DEFAULT)
  TABLESPACE "SYSTEM" ;

   COMMENT ON COLUMN "FINAL_503_TEAM_PETPAL"."QUESTION_BOARD"."BOARD_CODE" IS '게시글코드';
   COMMENT ON COLUMN "FINAL_503_TEAM_PETPAL"."QUESTION_BOARD"."BOARD_TITLE" IS '제목';
   COMMENT ON COLUMN "FINAL_503_TEAM_PETPAL"."QUESTION_BOARD"."BOARD_CONTENT" IS '내용';
   COMMENT ON COLUMN "FINAL_503_TEAM_PETPAL"."QUESTION_BOARD"."QUESTION_TYPE" IS '구분';
   COMMENT ON COLUMN "FINAL_503_TEAM_PETPAL"."QUESTION_BOARD"."BOARD_POST_DATE" IS '작성일자';
   COMMENT ON COLUMN "FINAL_503_TEAM_PETPAL"."QUESTION_BOARD"."ADMIN_REPLY_CONTENT" IS '답변내용';
   COMMENT ON COLUMN "FINAL_503_TEAM_PETPAL"."QUESTION_BOARD"."STATE_CODE" IS '상태코드';
   COMMENT ON COLUMN "FINAL_503_TEAM_PETPAL"."QUESTION_BOARD"."USER_CODE" IS '유저코드';
   COMMENT ON TABLE "FINAL_503_TEAM_PETPAL"."QUESTION_BOARD"  IS '문의게시판';
--------------------------------------------------------
--  DDL for Table REPLY_MANAGE
--------------------------------------------------------

  CREATE TABLE "FINAL_503_TEAM_PETPAL"."REPLY_MANAGE" 
   (	"REPLY_CODE" NUMBER, 
	"REPLY_CONTENT" VARCHAR2(500 BYTE), 
	"REPLY_DATE" DATE, 
	"REPLY_DELETE_YN" CHAR(1 BYTE), 
	"REPORT_YN" CHAR(1 BYTE), 
	"USER_CODE" NUMBER
   ) SEGMENT CREATION IMMEDIATE 
  PCTFREE 10 PCTUSED 40 INITRANS 1 MAXTRANS 255 NOCOMPRESS LOGGING
  STORAGE(INITIAL 65536 NEXT 1048576 MINEXTENTS 1 MAXEXTENTS 2147483645
  PCTINCREASE 0 FREELISTS 1 FREELIST GROUPS 1 BUFFER_POOL DEFAULT FLASH_CACHE DEFAULT CELL_FLASH_CACHE DEFAULT)
  TABLESPACE "SYSTEM" ;

   COMMENT ON COLUMN "FINAL_503_TEAM_PETPAL"."REPLY_MANAGE"."REPLY_CODE" IS '댓글코드';
   COMMENT ON COLUMN "FINAL_503_TEAM_PETPAL"."REPLY_MANAGE"."REPLY_CONTENT" IS '댓글내용';
   COMMENT ON COLUMN "FINAL_503_TEAM_PETPAL"."REPLY_MANAGE"."REPLY_DATE" IS '작성일자';
   COMMENT ON COLUMN "FINAL_503_TEAM_PETPAL"."REPLY_MANAGE"."REPLY_DELETE_YN" IS '삭제여부';
   COMMENT ON COLUMN "FINAL_503_TEAM_PETPAL"."REPLY_MANAGE"."REPORT_YN" IS '신고승인여부';
   COMMENT ON COLUMN "FINAL_503_TEAM_PETPAL"."REPLY_MANAGE"."USER_CODE" IS '유저코드';
   COMMENT ON TABLE "FINAL_503_TEAM_PETPAL"."REPLY_MANAGE"  IS '댓글관리';
--------------------------------------------------------
--  DDL for Table REPLY_REPORT_TABLE
--------------------------------------------------------

  CREATE TABLE "FINAL_503_TEAM_PETPAL"."REPLY_REPORT_TABLE" 
   (	"USER_CODE1" NUMBER, 
	"REPLY_CODE" NUMBER, 
	"USER_CODE" NUMBER, 
	"REPLY_REPORT_TITLE" VARCHAR2(500 BYTE), 
	"REPLY_REPORT_CONTENT" VARCHAR2(500 BYTE), 
	"REPLY_REPORT_DATE" DATE, 
	"DECISION_CODE" NUMBER
   ) SEGMENT CREATION IMMEDIATE 
  PCTFREE 10 PCTUSED 40 INITRANS 1 MAXTRANS 255 NOCOMPRESS LOGGING
  STORAGE(INITIAL 65536 NEXT 1048576 MINEXTENTS 1 MAXEXTENTS 2147483645
  PCTINCREASE 0 FREELISTS 1 FREELIST GROUPS 1 BUFFER_POOL DEFAULT FLASH_CACHE DEFAULT CELL_FLASH_CACHE DEFAULT)
  TABLESPACE "SYSTEM" ;

   COMMENT ON COLUMN "FINAL_503_TEAM_PETPAL"."REPLY_REPORT_TABLE"."USER_CODE1" IS '신고대상';
   COMMENT ON COLUMN "FINAL_503_TEAM_PETPAL"."REPLY_REPORT_TABLE"."REPLY_CODE" IS '댓글코드';
   COMMENT ON COLUMN "FINAL_503_TEAM_PETPAL"."REPLY_REPORT_TABLE"."USER_CODE" IS '신고자';
   COMMENT ON COLUMN "FINAL_503_TEAM_PETPAL"."REPLY_REPORT_TABLE"."REPLY_REPORT_TITLE" IS '제목';
   COMMENT ON COLUMN "FINAL_503_TEAM_PETPAL"."REPLY_REPORT_TABLE"."REPLY_REPORT_CONTENT" IS '내용';
   COMMENT ON COLUMN "FINAL_503_TEAM_PETPAL"."REPLY_REPORT_TABLE"."REPLY_REPORT_DATE" IS '작성일자';
   COMMENT ON COLUMN "FINAL_503_TEAM_PETPAL"."REPLY_REPORT_TABLE"."DECISION_CODE" IS '심사코드';
   COMMENT ON TABLE "FINAL_503_TEAM_PETPAL"."REPLY_REPORT_TABLE"  IS '댓글 신고관리';
--------------------------------------------------------
--  DDL for Table REPORT_MANAGE
--------------------------------------------------------

  CREATE TABLE "FINAL_503_TEAM_PETPAL"."REPORT_MANAGE" 
   (	"REPORT_CODE" NUMBER, 
	"REPORT_TITLE" VARCHAR2(2000 BYTE), 
	"REPORT_CONTENT" VARCHAR2(2000 BYTE), 
	"REPORT_DATE" DATE, 
	"DECISION_CODE" NUMBER, 
	"USER_CODE" NUMBER
   ) SEGMENT CREATION IMMEDIATE 
  PCTFREE 10 PCTUSED 40 INITRANS 1 MAXTRANS 255 NOCOMPRESS LOGGING
  STORAGE(INITIAL 65536 NEXT 1048576 MINEXTENTS 1 MAXEXTENTS 2147483645
  PCTINCREASE 0 FREELISTS 1 FREELIST GROUPS 1 BUFFER_POOL DEFAULT FLASH_CACHE DEFAULT CELL_FLASH_CACHE DEFAULT)
  TABLESPACE "SYSTEM" ;

   COMMENT ON COLUMN "FINAL_503_TEAM_PETPAL"."REPORT_MANAGE"."REPORT_CODE" IS '신고관리코드';
   COMMENT ON COLUMN "FINAL_503_TEAM_PETPAL"."REPORT_MANAGE"."REPORT_TITLE" IS '제목';
   COMMENT ON COLUMN "FINAL_503_TEAM_PETPAL"."REPORT_MANAGE"."REPORT_CONTENT" IS '내용';
   COMMENT ON COLUMN "FINAL_503_TEAM_PETPAL"."REPORT_MANAGE"."REPORT_DATE" IS '작성일자';
   COMMENT ON COLUMN "FINAL_503_TEAM_PETPAL"."REPORT_MANAGE"."DECISION_CODE" IS '심사코드';
   COMMENT ON COLUMN "FINAL_503_TEAM_PETPAL"."REPORT_MANAGE"."USER_CODE" IS '신고자
';
   COMMENT ON TABLE "FINAL_503_TEAM_PETPAL"."REPORT_MANAGE"  IS '신고관리';
--------------------------------------------------------
--  DDL for Table REVIEW_BOARD
--------------------------------------------------------

  CREATE TABLE "FINAL_503_TEAM_PETPAL"."REVIEW_BOARD" 
   (	"BOARD_CODE" NUMBER, 
	"BOARD_TITLE" VARCHAR2(500 BYTE), 
	"BOARD_CONTENT" CLOB, 
	"BOARD_VIEWS" NUMBER, 
	"BOARD_POST_DATE" DATE, 
	"BOARD_DELETE_YN" CHAR(1 BYTE), 
	"USER_CODE" NUMBER
   ) SEGMENT CREATION IMMEDIATE 
  PCTFREE 10 PCTUSED 40 INITRANS 1 MAXTRANS 255 NOCOMPRESS LOGGING
  STORAGE(INITIAL 65536 NEXT 1048576 MINEXTENTS 1 MAXEXTENTS 2147483645
  PCTINCREASE 0 FREELISTS 1 FREELIST GROUPS 1 BUFFER_POOL DEFAULT FLASH_CACHE DEFAULT CELL_FLASH_CACHE DEFAULT)
  TABLESPACE "SYSTEM" ;

   COMMENT ON COLUMN "FINAL_503_TEAM_PETPAL"."REVIEW_BOARD"."BOARD_CODE" IS '게시글코드';
   COMMENT ON COLUMN "FINAL_503_TEAM_PETPAL"."REVIEW_BOARD"."BOARD_TITLE" IS '제목';
   COMMENT ON COLUMN "FINAL_503_TEAM_PETPAL"."REVIEW_BOARD"."BOARD_CONTENT" IS '내용';
   COMMENT ON COLUMN "FINAL_503_TEAM_PETPAL"."REVIEW_BOARD"."BOARD_VIEWS" IS '조회수';
   COMMENT ON COLUMN "FINAL_503_TEAM_PETPAL"."REVIEW_BOARD"."BOARD_POST_DATE" IS '작성일자';
   COMMENT ON COLUMN "FINAL_503_TEAM_PETPAL"."REVIEW_BOARD"."BOARD_DELETE_YN" IS '삭제여부';
   COMMENT ON COLUMN "FINAL_503_TEAM_PETPAL"."REVIEW_BOARD"."USER_CODE" IS '유저코드';
   COMMENT ON TABLE "FINAL_503_TEAM_PETPAL"."REVIEW_BOARD"  IS '용품리뷰게시판';
--------------------------------------------------------
--  DDL for Table REVIEW_BOARD_REPLY
--------------------------------------------------------

  CREATE TABLE "FINAL_503_TEAM_PETPAL"."REVIEW_BOARD_REPLY" 
   (	"BOARD_CODE" NUMBER, 
	"REPLY_CODE" NUMBER, 
	"USER_CODE" NUMBER
   ) SEGMENT CREATION IMMEDIATE 
  PCTFREE 10 PCTUSED 40 INITRANS 1 MAXTRANS 255 NOCOMPRESS LOGGING
  STORAGE(INITIAL 65536 NEXT 1048576 MINEXTENTS 1 MAXEXTENTS 2147483645
  PCTINCREASE 0 FREELISTS 1 FREELIST GROUPS 1 BUFFER_POOL DEFAULT FLASH_CACHE DEFAULT CELL_FLASH_CACHE DEFAULT)
  TABLESPACE "SYSTEM" ;

   COMMENT ON COLUMN "FINAL_503_TEAM_PETPAL"."REVIEW_BOARD_REPLY"."BOARD_CODE" IS '게시글코드';
   COMMENT ON COLUMN "FINAL_503_TEAM_PETPAL"."REVIEW_BOARD_REPLY"."REPLY_CODE" IS '댓글코드';
   COMMENT ON COLUMN "FINAL_503_TEAM_PETPAL"."REVIEW_BOARD_REPLY"."USER_CODE" IS '유저코드';
   COMMENT ON TABLE "FINAL_503_TEAM_PETPAL"."REVIEW_BOARD_REPLY"  IS '용품리뷰게시판 댓글관리';
--------------------------------------------------------
--  DDL for Table REVIEW_BOARD_REPORT
--------------------------------------------------------

  CREATE TABLE "FINAL_503_TEAM_PETPAL"."REVIEW_BOARD_REPORT" 
   (	"BOARD_CODE" NUMBER, 
	"REPORT_CODE" NUMBER
   ) SEGMENT CREATION IMMEDIATE 
  PCTFREE 10 PCTUSED 40 INITRANS 1 MAXTRANS 255 NOCOMPRESS LOGGING
  STORAGE(INITIAL 65536 NEXT 1048576 MINEXTENTS 1 MAXEXTENTS 2147483645
  PCTINCREASE 0 FREELISTS 1 FREELIST GROUPS 1 BUFFER_POOL DEFAULT FLASH_CACHE DEFAULT CELL_FLASH_CACHE DEFAULT)
  TABLESPACE "SYSTEM" ;

   COMMENT ON COLUMN "FINAL_503_TEAM_PETPAL"."REVIEW_BOARD_REPORT"."BOARD_CODE" IS '게시글코드';
   COMMENT ON COLUMN "FINAL_503_TEAM_PETPAL"."REVIEW_BOARD_REPORT"."REPORT_CODE" IS '신고관리코드';
   COMMENT ON TABLE "FINAL_503_TEAM_PETPAL"."REVIEW_BOARD_REPORT"  IS '용품리뷰게시판 신고관리';
--------------------------------------------------------
--  DDL for Table REVIEW_PICTURE_MANAGE
--------------------------------------------------------

  CREATE TABLE "FINAL_503_TEAM_PETPAL"."REVIEW_PICTURE_MANAGE" 
   (	"BOARD_CODE" NUMBER, 
	"PICTURE_CODE" NUMBER
   ) SEGMENT CREATION IMMEDIATE 
  PCTFREE 10 PCTUSED 40 INITRANS 1 MAXTRANS 255 NOCOMPRESS LOGGING
  STORAGE(INITIAL 65536 NEXT 1048576 MINEXTENTS 1 MAXEXTENTS 2147483645
  PCTINCREASE 0 FREELISTS 1 FREELIST GROUPS 1 BUFFER_POOL DEFAULT FLASH_CACHE DEFAULT CELL_FLASH_CACHE DEFAULT)
  TABLESPACE "SYSTEM" ;

   COMMENT ON COLUMN "FINAL_503_TEAM_PETPAL"."REVIEW_PICTURE_MANAGE"."BOARD_CODE" IS '게시글코드';
   COMMENT ON COLUMN "FINAL_503_TEAM_PETPAL"."REVIEW_PICTURE_MANAGE"."PICTURE_CODE" IS '사진코드';
   COMMENT ON TABLE "FINAL_503_TEAM_PETPAL"."REVIEW_PICTURE_MANAGE"  IS '용품리뷰게시판 사진관리';
--------------------------------------------------------
--  DDL for Table SHARE_BOARD
--------------------------------------------------------

  CREATE TABLE "FINAL_503_TEAM_PETPAL"."SHARE_BOARD" 
   (	"BOARD_CODE" NUMBER, 
	"BOARD_TITLE" VARCHAR2(500 BYTE), 
	"BOARD_CONTENT" CLOB, 
	"BOARD_DELETE_YN" CHAR(1 BYTE), 
	"BOARD_VIEWS" NUMBER, 
	"BOARD_POST_DATE" DATE, 
	"STATE_CODE" NUMBER, 
	"USER_CODE" NUMBER
   ) SEGMENT CREATION IMMEDIATE 
  PCTFREE 10 PCTUSED 40 INITRANS 1 MAXTRANS 255 NOCOMPRESS LOGGING
  STORAGE(INITIAL 65536 NEXT 1048576 MINEXTENTS 1 MAXEXTENTS 2147483645
  PCTINCREASE 0 FREELISTS 1 FREELIST GROUPS 1 BUFFER_POOL DEFAULT FLASH_CACHE DEFAULT CELL_FLASH_CACHE DEFAULT)
  TABLESPACE "SYSTEM" ;

   COMMENT ON COLUMN "FINAL_503_TEAM_PETPAL"."SHARE_BOARD"."BOARD_CODE" IS '게시글코드';
   COMMENT ON COLUMN "FINAL_503_TEAM_PETPAL"."SHARE_BOARD"."BOARD_TITLE" IS '제목';
   COMMENT ON COLUMN "FINAL_503_TEAM_PETPAL"."SHARE_BOARD"."BOARD_CONTENT" IS '내용';
   COMMENT ON COLUMN "FINAL_503_TEAM_PETPAL"."SHARE_BOARD"."BOARD_DELETE_YN" IS '삭제여부';
   COMMENT ON COLUMN "FINAL_503_TEAM_PETPAL"."SHARE_BOARD"."BOARD_VIEWS" IS '작성일자';
   COMMENT ON COLUMN "FINAL_503_TEAM_PETPAL"."SHARE_BOARD"."BOARD_POST_DATE" IS '조회수';
   COMMENT ON COLUMN "FINAL_503_TEAM_PETPAL"."SHARE_BOARD"."STATE_CODE" IS '상태코드';
   COMMENT ON COLUMN "FINAL_503_TEAM_PETPAL"."SHARE_BOARD"."USER_CODE" IS '유저코드';
   COMMENT ON TABLE "FINAL_503_TEAM_PETPAL"."SHARE_BOARD"  IS '무료나눔게시판';
--------------------------------------------------------
--  DDL for Table SHARE_BOARD_REPORT
--------------------------------------------------------

  CREATE TABLE "FINAL_503_TEAM_PETPAL"."SHARE_BOARD_REPORT" 
   (	"BOARD_CODE" NUMBER, 
	"REPORT_CODE" NUMBER
   ) SEGMENT CREATION IMMEDIATE 
  PCTFREE 10 PCTUSED 40 INITRANS 1 MAXTRANS 255 NOCOMPRESS LOGGING
  STORAGE(INITIAL 65536 NEXT 1048576 MINEXTENTS 1 MAXEXTENTS 2147483645
  PCTINCREASE 0 FREELISTS 1 FREELIST GROUPS 1 BUFFER_POOL DEFAULT FLASH_CACHE DEFAULT CELL_FLASH_CACHE DEFAULT)
  TABLESPACE "SYSTEM" ;

   COMMENT ON COLUMN "FINAL_503_TEAM_PETPAL"."SHARE_BOARD_REPORT"."BOARD_CODE" IS '게시글코드';
   COMMENT ON COLUMN "FINAL_503_TEAM_PETPAL"."SHARE_BOARD_REPORT"."REPORT_CODE" IS '신고관리코드';
   COMMENT ON TABLE "FINAL_503_TEAM_PETPAL"."SHARE_BOARD_REPORT"  IS '무료나눔게시판 신고관리';
--------------------------------------------------------
--  DDL for Table SHARE_PICTURE_MANAGE
--------------------------------------------------------

  CREATE TABLE "FINAL_503_TEAM_PETPAL"."SHARE_PICTURE_MANAGE" 
   (	"BOARD_CODE" NUMBER, 
	"PICTURE_CODE" NUMBER
   ) SEGMENT CREATION IMMEDIATE 
  PCTFREE 10 PCTUSED 40 INITRANS 1 MAXTRANS 255 NOCOMPRESS LOGGING
  STORAGE(INITIAL 65536 NEXT 1048576 MINEXTENTS 1 MAXEXTENTS 2147483645
  PCTINCREASE 0 FREELISTS 1 FREELIST GROUPS 1 BUFFER_POOL DEFAULT FLASH_CACHE DEFAULT CELL_FLASH_CACHE DEFAULT)
  TABLESPACE "SYSTEM" ;

   COMMENT ON COLUMN "FINAL_503_TEAM_PETPAL"."SHARE_PICTURE_MANAGE"."BOARD_CODE" IS '게시글코드';
   COMMENT ON COLUMN "FINAL_503_TEAM_PETPAL"."SHARE_PICTURE_MANAGE"."PICTURE_CODE" IS '사진코드';
   COMMENT ON TABLE "FINAL_503_TEAM_PETPAL"."SHARE_PICTURE_MANAGE"  IS '무료나눔게시판 사진관리';
--------------------------------------------------------
--  DDL for Table STATE_TABLE
--------------------------------------------------------

  CREATE TABLE "FINAL_503_TEAM_PETPAL"."STATE_TABLE" 
   (	"STATE_CODE" NUMBER, 
	"STATE_NAME" VARCHAR2(100 BYTE)
   ) SEGMENT CREATION IMMEDIATE 
  PCTFREE 10 PCTUSED 40 INITRANS 1 MAXTRANS 255 NOCOMPRESS LOGGING
  STORAGE(INITIAL 65536 NEXT 1048576 MINEXTENTS 1 MAXEXTENTS 2147483645
  PCTINCREASE 0 FREELISTS 1 FREELIST GROUPS 1 BUFFER_POOL DEFAULT FLASH_CACHE DEFAULT CELL_FLASH_CACHE DEFAULT)
  TABLESPACE "SYSTEM" ;

   COMMENT ON COLUMN "FINAL_503_TEAM_PETPAL"."STATE_TABLE"."STATE_CODE" IS '상태코드';
   COMMENT ON COLUMN "FINAL_503_TEAM_PETPAL"."STATE_TABLE"."STATE_NAME" IS '상태명';
   COMMENT ON TABLE "FINAL_503_TEAM_PETPAL"."STATE_TABLE"  IS '상태';
--------------------------------------------------------
--  DDL for Table USER_TABLE
--------------------------------------------------------

  CREATE TABLE "FINAL_503_TEAM_PETPAL"."USER_TABLE" 
   (	"USER_CODE" NUMBER, 
	"USER_ID" VARCHAR2(100 BYTE), 
	"USER_NAME" VARCHAR2(100 BYTE), 
	"USER_NIKNAME" VARCHAR2(100 BYTE), 
	"USER_PWD" VARCHAR2(100 BYTE), 
	"USER_PHONE" VARCHAR2(100 BYTE), 
	"USER_EMAIL" VARCHAR2(200 BYTE), 
	"EMAIL_YN" CHAR(1 BYTE), 
	"REPLY_YN" CHAR(1 BYTE), 
	"WITHDRAW_YN" CHAR(1 BYTE) DEFAULT 'N', 
	"REPORT_COUNT" NUMBER DEFAULT 0, 
	"PERMISSON_SET" NUMBER
   ) SEGMENT CREATION IMMEDIATE 
  PCTFREE 10 PCTUSED 40 INITRANS 1 MAXTRANS 255 NOCOMPRESS LOGGING
  STORAGE(INITIAL 65536 NEXT 1048576 MINEXTENTS 1 MAXEXTENTS 2147483645
  PCTINCREASE 0 FREELISTS 1 FREELIST GROUPS 1 BUFFER_POOL DEFAULT FLASH_CACHE DEFAULT CELL_FLASH_CACHE DEFAULT)
  TABLESPACE "SYSTEM" ;

   COMMENT ON COLUMN "FINAL_503_TEAM_PETPAL"."USER_TABLE"."USER_CODE" IS '유저코드';
   COMMENT ON COLUMN "FINAL_503_TEAM_PETPAL"."USER_TABLE"."USER_ID" IS '아이디';
   COMMENT ON COLUMN "FINAL_503_TEAM_PETPAL"."USER_TABLE"."USER_NAME" IS '이름';
   COMMENT ON COLUMN "FINAL_503_TEAM_PETPAL"."USER_TABLE"."USER_NIKNAME" IS '닉네임';
   COMMENT ON COLUMN "FINAL_503_TEAM_PETPAL"."USER_TABLE"."USER_PWD" IS '비밀번호';
   COMMENT ON COLUMN "FINAL_503_TEAM_PETPAL"."USER_TABLE"."USER_PHONE" IS '휴대전화';
   COMMENT ON COLUMN "FINAL_503_TEAM_PETPAL"."USER_TABLE"."USER_EMAIL" IS '이메일';
   COMMENT ON COLUMN "FINAL_503_TEAM_PETPAL"."USER_TABLE"."EMAIL_YN" IS '이메일 뉴스레터 수신여부';
   COMMENT ON COLUMN "FINAL_503_TEAM_PETPAL"."USER_TABLE"."REPLY_YN" IS '이메일 댓글알림 여부';
   COMMENT ON COLUMN "FINAL_503_TEAM_PETPAL"."USER_TABLE"."WITHDRAW_YN" IS '탈퇴여부';
   COMMENT ON COLUMN "FINAL_503_TEAM_PETPAL"."USER_TABLE"."REPORT_COUNT" IS '신고누적횟수';
   COMMENT ON COLUMN "FINAL_503_TEAM_PETPAL"."USER_TABLE"."PERMISSON_SET" IS '권한설정';
   COMMENT ON TABLE "FINAL_503_TEAM_PETPAL"."USER_TABLE"  IS '유저관리';
--------------------------------------------------------
--  DDL for Table WITHDRAW_USER_TABLE
--------------------------------------------------------

  CREATE TABLE "FINAL_503_TEAM_PETPAL"."WITHDRAW_USER_TABLE" 
   (	"WITHDRAW_DATE" DATE, 
	"USER_CODE" NUMBER, 
	"RE_JOIN_DATE" DATE DEFAULT NULL
   ) SEGMENT CREATION IMMEDIATE 
  PCTFREE 10 PCTUSED 40 INITRANS 1 MAXTRANS 255 NOCOMPRESS LOGGING
  STORAGE(INITIAL 65536 NEXT 1048576 MINEXTENTS 1 MAXEXTENTS 2147483645
  PCTINCREASE 0 FREELISTS 1 FREELIST GROUPS 1 BUFFER_POOL DEFAULT FLASH_CACHE DEFAULT CELL_FLASH_CACHE DEFAULT)
  TABLESPACE "SYSTEM" ;

   COMMENT ON COLUMN "FINAL_503_TEAM_PETPAL"."WITHDRAW_USER_TABLE"."WITHDRAW_DATE" IS '탈퇴일자';
   COMMENT ON COLUMN "FINAL_503_TEAM_PETPAL"."WITHDRAW_USER_TABLE"."USER_CODE" IS '유저코드';
   COMMENT ON COLUMN "FINAL_503_TEAM_PETPAL"."WITHDRAW_USER_TABLE"."RE_JOIN_DATE" IS '재가입가능날짜';
   COMMENT ON TABLE "FINAL_503_TEAM_PETPAL"."WITHDRAW_USER_TABLE"  IS '탈퇴회원관리';
REM INSERTING into FINAL_503_TEAM_PETPAL.ADMIN_TABLE
SET DEFINE OFF;
REM INSERTING into FINAL_503_TEAM_PETPAL.ADOPT_BOARD
SET DEFINE OFF;
Insert into FINAL_503_TEAM_PETPAL.ADOPT_BOARD (BOARD_CODE,ADOPT_BREED,ADOPT_GENDER,ADOPT_AGE,ADOPT_WEIGTH,ADOPT_COLOR,ADOPT_INTRODUCE,ADOPT_PHONE,ADOPT_CAUTION,ADOPT_DELETE_YN,STATE_CODE,BOARD_DATE,USER_CODE,DOG_OR_CAT,USER_LOCATION) values (44,'믹스','M',3,7,'흰색, 회색','활동적이고 똑똑한 아이입니다. 사람을 잘 따르고 무서워하지도 않아서 사랑으로 길러주시면 아이가 금방 환경에 적응하고 좋은 반려생활을 하실 수 있을 거예요!! 다만 물을 별로 좋아하지 않아 씻길 때 살짝 애를 먹으실 수 있습니다 ㅎㅎㅎ','010-4985-3904','밤 6시 이후로는 문자 부탁드려요','N',1,to_date('21/07/13','RR/MM/DD'),48,'D','경기도 광주시 ');
Insert into FINAL_503_TEAM_PETPAL.ADOPT_BOARD (BOARD_CODE,ADOPT_BREED,ADOPT_GENDER,ADOPT_AGE,ADOPT_WEIGTH,ADOPT_COLOR,ADOPT_INTRODUCE,ADOPT_PHONE,ADOPT_CAUTION,ADOPT_DELETE_YN,STATE_CODE,BOARD_DATE,USER_CODE,DOG_OR_CAT,USER_LOCATION) values (45,'믹스','F',2,6,'흰색','온순하고 사람을 좋아하는 아이입니다. 호기심이 많아 작은 물품은 삼킬 수가 있으니 집안 환경을 깨끗하게 유지할 수 있는 분의 입양 신청을 기다립니다! 마우의 평생가족을 기다리겠습니다!!','010-4942-3593','밤 9시 이후로는 문자 부탁드립니다','N',1,to_date('21/07/13','RR/MM/DD'),48,'D','대전특별시 용문동');
Insert into FINAL_503_TEAM_PETPAL.ADOPT_BOARD (BOARD_CODE,ADOPT_BREED,ADOPT_GENDER,ADOPT_AGE,ADOPT_WEIGTH,ADOPT_COLOR,ADOPT_INTRODUCE,ADOPT_PHONE,ADOPT_CAUTION,ADOPT_DELETE_YN,STATE_CODE,BOARD_DATE,USER_CODE,DOG_OR_CAT,USER_LOCATION) values (46,'페르시안','F',2,5,'화이트','흰색 털에 파란색, 노란색 오드아이를 가지고 있어요 종은 페르시안이에요 생각보다 사람을 잘 따르고 사람을 좋아해서 입양후에도 금방 친해질 수 있을거에요 다른 고양이들보다 살이 조금 쪄서 가끔 놀아주면서 운동도 시켜줘야해요 책임감있게 잘 키워주실 분 연락주세요~','010-2214-6788','모르는 전화는 잘 안받아서 문자로 연락 부탁드립니다.','N',1,to_date('21/07/13','RR/MM/DD'),27,'C','전라남도 나주시');
Insert into FINAL_503_TEAM_PETPAL.ADOPT_BOARD (BOARD_CODE,ADOPT_BREED,ADOPT_GENDER,ADOPT_AGE,ADOPT_WEIGTH,ADOPT_COLOR,ADOPT_INTRODUCE,ADOPT_PHONE,ADOPT_CAUTION,ADOPT_DELETE_YN,STATE_CODE,BOARD_DATE,USER_CODE,DOG_OR_CAT,USER_LOCATION) values (47,'코리안 숏헤어','F',2,6,'노랑색, 흰색','호기심이 많고 먹는 걸 좋아하는 아이입니다. 사람을 많이 따르고 좋아해요. 호기심이 많으니, 작은 물건을 삼킨 적이 있어 집안을 반드시 정돈해주실 수 있는 책임감 있는 분을 찾고 있습니다.','010-4594-3895','밤 6시 이후로는 문자 부탁드립니다','N',1,to_date('21/07/13','RR/MM/DD'),48,'C','전라북도 익산시 삼기면');
Insert into FINAL_503_TEAM_PETPAL.ADOPT_BOARD (BOARD_CODE,ADOPT_BREED,ADOPT_GENDER,ADOPT_AGE,ADOPT_WEIGTH,ADOPT_COLOR,ADOPT_INTRODUCE,ADOPT_PHONE,ADOPT_CAUTION,ADOPT_DELETE_YN,STATE_CODE,BOARD_DATE,USER_CODE,DOG_OR_CAT,USER_LOCATION) values (48,'핏불테리어','F',5,25,'갈색','매우 활동적이고 사람을 잘 따릅니다 의외로 애교도 많고 순합니다 워낙 활동성이 강한 종이라 서울에서는 못 키울것 같아서 입양을 보내려합니다 마당이 있으시고 같이 여러 활동을 하실 수 있으신 분이 입양하셨으면 좋겠습니다','010-7354-8835','언제든지 연락 가능합니다','N',1,to_date('21/07/13','RR/MM/DD'),27,'D','서울시 도봉구');
Insert into FINAL_503_TEAM_PETPAL.ADOPT_BOARD (BOARD_CODE,ADOPT_BREED,ADOPT_GENDER,ADOPT_AGE,ADOPT_WEIGTH,ADOPT_COLOR,ADOPT_INTRODUCE,ADOPT_PHONE,ADOPT_CAUTION,ADOPT_DELETE_YN,STATE_CODE,BOARD_DATE,USER_CODE,DOG_OR_CAT,USER_LOCATION) values (49,'웰시코기','M',0,2.5,'브라운','태어난지 얼마 되지않은 베이비입니다. 5개월이 되가고 있어요!
너무나 귀엽구 말도 잘듣는 아가라 좋은 가정에 입양이 瑛 좋겠어요.
대소변은 50%확률로 가려요...ㅎㅎ 교육이 더 필요해요!
많은 관심이 필요한 아이라 시간이 많은 견주였음 좋겠습니다,','010-7754-4423','오후 7시 이후 연락 바랍니다.','N',1,to_date('21/07/13','RR/MM/DD'),30,'D','서울시 강북구');
Insert into FINAL_503_TEAM_PETPAL.ADOPT_BOARD (BOARD_CODE,ADOPT_BREED,ADOPT_GENDER,ADOPT_AGE,ADOPT_WEIGTH,ADOPT_COLOR,ADOPT_INTRODUCE,ADOPT_PHONE,ADOPT_CAUTION,ADOPT_DELETE_YN,STATE_CODE,BOARD_DATE,USER_CODE,DOG_OR_CAT,USER_LOCATION) values (50,'먼치킨','M',2,4,'회색','애교가 많지만 낯을 가려서 친해지려면 좀 시간이 걸려요..
장난도 많고 장난감 흔들어주면 아깽이 같이 반응이 좋아요!!
애정이 넘치는 주인분 만났음 좋겠어요!!','010-7966-5312','전화와 문자 모두 가능합니다.','N',1,to_date('21/07/13','RR/MM/DD'),30,'C','서울시 강남구');
Insert into FINAL_503_TEAM_PETPAL.ADOPT_BOARD (BOARD_CODE,ADOPT_BREED,ADOPT_GENDER,ADOPT_AGE,ADOPT_WEIGTH,ADOPT_COLOR,ADOPT_INTRODUCE,ADOPT_PHONE,ADOPT_CAUTION,ADOPT_DELETE_YN,STATE_CODE,BOARD_DATE,USER_CODE,DOG_OR_CAT,USER_LOCATION) values (51,'비숑','M',3,8,'흰색','별명이 수백개일정도로 매력이 많은 강아쥐예요 .
털관리 잘해줄 견주분을 만났음 좋겠습니다. ','010-2119-0193','문자만 가능','N',1,to_date('21/07/13','RR/MM/DD'),30,'D','경기도 광주시');
REM INSERTING into FINAL_503_TEAM_PETPAL.ADOPT_BOARD_REPLY
SET DEFINE OFF;
REM INSERTING into FINAL_503_TEAM_PETPAL.ADOPT_BOARD_REPORT
SET DEFINE OFF;
REM INSERTING into FINAL_503_TEAM_PETPAL.ADOPT_PICTURE_MANAGE
SET DEFINE OFF;
Insert into FINAL_503_TEAM_PETPAL.ADOPT_PICTURE_MANAGE (BOARD_CODE,PICTURE_CODE) values (44,186);
Insert into FINAL_503_TEAM_PETPAL.ADOPT_PICTURE_MANAGE (BOARD_CODE,PICTURE_CODE) values (45,187);
Insert into FINAL_503_TEAM_PETPAL.ADOPT_PICTURE_MANAGE (BOARD_CODE,PICTURE_CODE) values (46,189);
Insert into FINAL_503_TEAM_PETPAL.ADOPT_PICTURE_MANAGE (BOARD_CODE,PICTURE_CODE) values (46,190);
Insert into FINAL_503_TEAM_PETPAL.ADOPT_PICTURE_MANAGE (BOARD_CODE,PICTURE_CODE) values (47,194);
Insert into FINAL_503_TEAM_PETPAL.ADOPT_PICTURE_MANAGE (BOARD_CODE,PICTURE_CODE) values (48,197);
Insert into FINAL_503_TEAM_PETPAL.ADOPT_PICTURE_MANAGE (BOARD_CODE,PICTURE_CODE) values (48,198);
Insert into FINAL_503_TEAM_PETPAL.ADOPT_PICTURE_MANAGE (BOARD_CODE,PICTURE_CODE) values (48,199);
Insert into FINAL_503_TEAM_PETPAL.ADOPT_PICTURE_MANAGE (BOARD_CODE,PICTURE_CODE) values (49,200);
Insert into FINAL_503_TEAM_PETPAL.ADOPT_PICTURE_MANAGE (BOARD_CODE,PICTURE_CODE) values (49,201);
Insert into FINAL_503_TEAM_PETPAL.ADOPT_PICTURE_MANAGE (BOARD_CODE,PICTURE_CODE) values (49,202);
Insert into FINAL_503_TEAM_PETPAL.ADOPT_PICTURE_MANAGE (BOARD_CODE,PICTURE_CODE) values (50,205);
Insert into FINAL_503_TEAM_PETPAL.ADOPT_PICTURE_MANAGE (BOARD_CODE,PICTURE_CODE) values (50,206);
Insert into FINAL_503_TEAM_PETPAL.ADOPT_PICTURE_MANAGE (BOARD_CODE,PICTURE_CODE) values (51,207);
Insert into FINAL_503_TEAM_PETPAL.ADOPT_PICTURE_MANAGE (BOARD_CODE,PICTURE_CODE) values (51,208);
REM INSERTING into FINAL_503_TEAM_PETPAL.AD_APPLY_TABLE
SET DEFINE OFF;
Insert into FINAL_503_TEAM_PETPAL.AD_APPLY_TABLE (AD_CODE,COMPANY_NAME,APPLY_DATE,COMPANY_NUMBER,COMPANY_PHONE,COMPANY_EMAIL,AD_CONTENT,POST_YN,REFUND_YN,PAY_DATE_2ND,PICTURE_CODE,PAY_DATE_1ST,USER_CODE,AD_TYPE_CODE,AD_TITLE,PAY_METHOD,DECISION_CODE,CANCEL_APPLY_DATE,POST_START_DATE,POST_END_DATE,STATE_CODE,LEADER_NAME,COMPANY_LOCATION,INDUSTRY,INDUSTRY_DETAIL,PAY_DATE,PAY_NEW_STATUS) values (4,'기업1',to_date('21/06/07','RR/MM/DD'),'310-11234-12345','01011111111','EMAIL@EMAIL.COM','광고1내용입니다.','N','N',null,1,null,1,1,'광고1제목',null,12,null,null,null,4,'김해인','서울 중구 소공동 (서울중구 세종대로)','서비스업','애완동물 보호 서비스업',null,null);
Insert into FINAL_503_TEAM_PETPAL.AD_APPLY_TABLE (AD_CODE,COMPANY_NAME,APPLY_DATE,COMPANY_NUMBER,COMPANY_PHONE,COMPANY_EMAIL,AD_CONTENT,POST_YN,REFUND_YN,PAY_DATE_2ND,PICTURE_CODE,PAY_DATE_1ST,USER_CODE,AD_TYPE_CODE,AD_TITLE,PAY_METHOD,DECISION_CODE,CANCEL_APPLY_DATE,POST_START_DATE,POST_END_DATE,STATE_CODE,LEADER_NAME,COMPANY_LOCATION,INDUSTRY,INDUSTRY_DETAIL,PAY_DATE,PAY_NEW_STATUS) values (5,'기업2',to_date('21/06/08','RR/MM/DD'),'410-11234-12345','01022222222','EMAIL@EMAIL.COM','광고2내용입니다.','N','N',null,1,null,1,1,'광고2제목',null,15,null,null,null,2,'김해인','서울 중구 소공동 (서울중구 세종대로)','서비스업','애완동물 보호 서비스업',to_date('21/06/26','RR/MM/DD'),'납부초과');
Insert into FINAL_503_TEAM_PETPAL.AD_APPLY_TABLE (AD_CODE,COMPANY_NAME,APPLY_DATE,COMPANY_NUMBER,COMPANY_PHONE,COMPANY_EMAIL,AD_CONTENT,POST_YN,REFUND_YN,PAY_DATE_2ND,PICTURE_CODE,PAY_DATE_1ST,USER_CODE,AD_TYPE_CODE,AD_TITLE,PAY_METHOD,DECISION_CODE,CANCEL_APPLY_DATE,POST_START_DATE,POST_END_DATE,STATE_CODE,LEADER_NAME,COMPANY_LOCATION,INDUSTRY,INDUSTRY_DETAIL,PAY_DATE,PAY_NEW_STATUS) values (6,'기업3',to_date('21/06/08','RR/MM/DD'),'510-11234-12345','01033333333','EMAIL@EMAIL.COM','광고3내용입니다.','N','N',null,1,null,1,1,'광고3제목',null,14,null,null,null,3,'김해인','서울 중구 소공동 (서울중구 세종대로)','서비스업','애완동물 보호 서비스업',null,null);
Insert into FINAL_503_TEAM_PETPAL.AD_APPLY_TABLE (AD_CODE,COMPANY_NAME,APPLY_DATE,COMPANY_NUMBER,COMPANY_PHONE,COMPANY_EMAIL,AD_CONTENT,POST_YN,REFUND_YN,PAY_DATE_2ND,PICTURE_CODE,PAY_DATE_1ST,USER_CODE,AD_TYPE_CODE,AD_TITLE,PAY_METHOD,DECISION_CODE,CANCEL_APPLY_DATE,POST_START_DATE,POST_END_DATE,STATE_CODE,LEADER_NAME,COMPANY_LOCATION,INDUSTRY,INDUSTRY_DETAIL,PAY_DATE,PAY_NEW_STATUS) values (8,'기업4',to_date('21/06/08','RR/MM/DD'),'610-11234-12345','010-4444-4444','EMAIL@EMAIL.COM','광고4내용입니다.','N','N',null,1,null,1,2,'광고4제목',null,195,null,null,null,2,'김해인','서울 중구 소공동 (서울중구 세종대로)','서비스업','애완동물 보호 서비스업',to_date('21/07/03','RR/MM/DD'),'납부초과');
Insert into FINAL_503_TEAM_PETPAL.AD_APPLY_TABLE (AD_CODE,COMPANY_NAME,APPLY_DATE,COMPANY_NUMBER,COMPANY_PHONE,COMPANY_EMAIL,AD_CONTENT,POST_YN,REFUND_YN,PAY_DATE_2ND,PICTURE_CODE,PAY_DATE_1ST,USER_CODE,AD_TYPE_CODE,AD_TITLE,PAY_METHOD,DECISION_CODE,CANCEL_APPLY_DATE,POST_START_DATE,POST_END_DATE,STATE_CODE,LEADER_NAME,COMPANY_LOCATION,INDUSTRY,INDUSTRY_DETAIL,PAY_DATE,PAY_NEW_STATUS) values (9,'기업5',to_date('21/06/10','RR/MM/DD'),'610-11234-12345','010-4444-4444','EMAIL@EMAIL.COM','광고5내용입니다.','N','N',null,1,null,3,2,'광고5제목',null,null,null,null,null,3,'김해인','서울 중구 소공동 (서울중구 세종대로)','서비스업','애완동물 보호 서비스업',null,null);
Insert into FINAL_503_TEAM_PETPAL.AD_APPLY_TABLE (AD_CODE,COMPANY_NAME,APPLY_DATE,COMPANY_NUMBER,COMPANY_PHONE,COMPANY_EMAIL,AD_CONTENT,POST_YN,REFUND_YN,PAY_DATE_2ND,PICTURE_CODE,PAY_DATE_1ST,USER_CODE,AD_TYPE_CODE,AD_TITLE,PAY_METHOD,DECISION_CODE,CANCEL_APPLY_DATE,POST_START_DATE,POST_END_DATE,STATE_CODE,LEADER_NAME,COMPANY_LOCATION,INDUSTRY,INDUSTRY_DETAIL,PAY_DATE,PAY_NEW_STATUS) values (10,'기업6',to_date('21/06/11','RR/MM/DD'),'710-11234-12345','010-5555-5555','EMAIL@EMAIL.COM','광고5내용입니다.','N','N',to_date('21/06/28','RR/MM/DD'),1,to_date('21/06/23','RR/MM/DD'),1,2,'광고4제목',null,173,null,to_date('21/06/24','RR/MM/DD'),to_date('21/06/27','RR/MM/DD'),2,'김해인','서울 중구 소공동 (서울중구 세종대로)','서비스업','애완동물 보호 서비스업',to_date('21/06/27','RR/MM/DD'),'납부완료');
Insert into FINAL_503_TEAM_PETPAL.AD_APPLY_TABLE (AD_CODE,COMPANY_NAME,APPLY_DATE,COMPANY_NUMBER,COMPANY_PHONE,COMPANY_EMAIL,AD_CONTENT,POST_YN,REFUND_YN,PAY_DATE_2ND,PICTURE_CODE,PAY_DATE_1ST,USER_CODE,AD_TYPE_CODE,AD_TITLE,PAY_METHOD,DECISION_CODE,CANCEL_APPLY_DATE,POST_START_DATE,POST_END_DATE,STATE_CODE,LEADER_NAME,COMPANY_LOCATION,INDUSTRY,INDUSTRY_DETAIL,PAY_DATE,PAY_NEW_STATUS) values (11,'기업7',to_date('21/06/12','RR/MM/DD'),'710-11234-12345','010-5555-5555','EMAIL@EMAIL.COM','광고5내용입니다.','N','N',to_date('21/06/28','RR/MM/DD'),1,to_date('21/06/23','RR/MM/DD'),1,2,'광고4제목',null,198,null,to_date('21/06/24','RR/MM/DD'),to_date('21/06/27','RR/MM/DD'),2,'김해인','서울 중구 소공동 (서울중구 세종대로)','서비스업','애완동물 보호 서비스업',to_date('21/06/27','RR/MM/DD'),'납부완료');
Insert into FINAL_503_TEAM_PETPAL.AD_APPLY_TABLE (AD_CODE,COMPANY_NAME,APPLY_DATE,COMPANY_NUMBER,COMPANY_PHONE,COMPANY_EMAIL,AD_CONTENT,POST_YN,REFUND_YN,PAY_DATE_2ND,PICTURE_CODE,PAY_DATE_1ST,USER_CODE,AD_TYPE_CODE,AD_TITLE,PAY_METHOD,DECISION_CODE,CANCEL_APPLY_DATE,POST_START_DATE,POST_END_DATE,STATE_CODE,LEADER_NAME,COMPANY_LOCATION,INDUSTRY,INDUSTRY_DETAIL,PAY_DATE,PAY_NEW_STATUS) values (12,'기업8',to_date('21/06/12','RR/MM/DD'),'610-11234-12345','010-4444-4444','EMAIL@EMAIL.COM','광고12내용입니다.','N','N',null,1,null,1,2,'광고12제목',null,16,null,null,null,2,'김해인','서울 중구 소공동 (서울중구 세종대로)','서비스업','애완동물 보호 서비스업',to_date('21/06/26','RR/MM/DD'),'납부초과');
Insert into FINAL_503_TEAM_PETPAL.AD_APPLY_TABLE (AD_CODE,COMPANY_NAME,APPLY_DATE,COMPANY_NUMBER,COMPANY_PHONE,COMPANY_EMAIL,AD_CONTENT,POST_YN,REFUND_YN,PAY_DATE_2ND,PICTURE_CODE,PAY_DATE_1ST,USER_CODE,AD_TYPE_CODE,AD_TITLE,PAY_METHOD,DECISION_CODE,CANCEL_APPLY_DATE,POST_START_DATE,POST_END_DATE,STATE_CODE,LEADER_NAME,COMPANY_LOCATION,INDUSTRY,INDUSTRY_DETAIL,PAY_DATE,PAY_NEW_STATUS) values (13,'기업9',to_date('21/06/13','RR/MM/DD'),'610-11234-12345','010-4444-4444','EMAIL@EMAIL.COM','광고12내용입니다.','N','N',null,1,null,1,2,'광고12제목',null,17,null,null,null,2,'김해인','서울 중구 소공동 (서울중구 세종대로)','서비스업','애완동물 보호 서비스업',to_date('21/06/26','RR/MM/DD'),'납부초과');
Insert into FINAL_503_TEAM_PETPAL.AD_APPLY_TABLE (AD_CODE,COMPANY_NAME,APPLY_DATE,COMPANY_NUMBER,COMPANY_PHONE,COMPANY_EMAIL,AD_CONTENT,POST_YN,REFUND_YN,PAY_DATE_2ND,PICTURE_CODE,PAY_DATE_1ST,USER_CODE,AD_TYPE_CODE,AD_TITLE,PAY_METHOD,DECISION_CODE,CANCEL_APPLY_DATE,POST_START_DATE,POST_END_DATE,STATE_CODE,LEADER_NAME,COMPANY_LOCATION,INDUSTRY,INDUSTRY_DETAIL,PAY_DATE,PAY_NEW_STATUS) values (14,'기업10',to_date('21/06/14','RR/MM/DD'),'610-11234-12345','010-4444-4444','EMAIL@EMAIL.COM','광고12내용입니다.','N','N',null,1,null,1,2,'광고12제목',null,22,null,null,null,2,'김해인','서울 중구 소공동 (서울중구 세종대로)','서비스업','애완동물 보호 서비스업',to_date('21/06/27','RR/MM/DD'),'납부초과');
Insert into FINAL_503_TEAM_PETPAL.AD_APPLY_TABLE (AD_CODE,COMPANY_NAME,APPLY_DATE,COMPANY_NUMBER,COMPANY_PHONE,COMPANY_EMAIL,AD_CONTENT,POST_YN,REFUND_YN,PAY_DATE_2ND,PICTURE_CODE,PAY_DATE_1ST,USER_CODE,AD_TYPE_CODE,AD_TITLE,PAY_METHOD,DECISION_CODE,CANCEL_APPLY_DATE,POST_START_DATE,POST_END_DATE,STATE_CODE,LEADER_NAME,COMPANY_LOCATION,INDUSTRY,INDUSTRY_DETAIL,PAY_DATE,PAY_NEW_STATUS) values (15,'기업11',to_date('21/06/15','RR/MM/DD'),'610-11234-12345','010-4444-4444','EMAIL@EMAIL.COM','광고12내용입니다.','N','N',null,1,null,1,2,'광고12제목',null,24,null,null,null,3,'김해인','서울 중구 소공동 (서울중구 세종대로)','서비스업','애완동물 보호 서비스업',null,null);
Insert into FINAL_503_TEAM_PETPAL.AD_APPLY_TABLE (AD_CODE,COMPANY_NAME,APPLY_DATE,COMPANY_NUMBER,COMPANY_PHONE,COMPANY_EMAIL,AD_CONTENT,POST_YN,REFUND_YN,PAY_DATE_2ND,PICTURE_CODE,PAY_DATE_1ST,USER_CODE,AD_TYPE_CODE,AD_TITLE,PAY_METHOD,DECISION_CODE,CANCEL_APPLY_DATE,POST_START_DATE,POST_END_DATE,STATE_CODE,LEADER_NAME,COMPANY_LOCATION,INDUSTRY,INDUSTRY_DETAIL,PAY_DATE,PAY_NEW_STATUS) values (16,'기업12',to_date('21/06/16','RR/MM/DD'),'610-11234-12345','010-4444-4444','EMAIL@EMAIL.COM','광고9내용입니다.','N','N',null,1,null,1,2,'광고9제목',null,196,null,null,null,3,'김해인','서울 중구 소공동 (서울중구 세종대로)','서비스업','애완동물 보호 서비스업',null,null);
Insert into FINAL_503_TEAM_PETPAL.AD_APPLY_TABLE (AD_CODE,COMPANY_NAME,APPLY_DATE,COMPANY_NUMBER,COMPANY_PHONE,COMPANY_EMAIL,AD_CONTENT,POST_YN,REFUND_YN,PAY_DATE_2ND,PICTURE_CODE,PAY_DATE_1ST,USER_CODE,AD_TYPE_CODE,AD_TITLE,PAY_METHOD,DECISION_CODE,CANCEL_APPLY_DATE,POST_START_DATE,POST_END_DATE,STATE_CODE,LEADER_NAME,COMPANY_LOCATION,INDUSTRY,INDUSTRY_DETAIL,PAY_DATE,PAY_NEW_STATUS) values (17,'기업13',to_date('21/06/16','RR/MM/DD'),'610-11234-12345','010-4444-4444','EMAIL@EMAIL.COM','광고9내용입니다.','N','N',null,1,null,1,2,'광고9제목',null,53,null,null,null,2,'김해인','서울 중구 소공동 (서울중구 세종대로)','서비스업','애완동물 보호 서비스업',to_date('21/06/30','RR/MM/DD'),'납부초과');
Insert into FINAL_503_TEAM_PETPAL.AD_APPLY_TABLE (AD_CODE,COMPANY_NAME,APPLY_DATE,COMPANY_NUMBER,COMPANY_PHONE,COMPANY_EMAIL,AD_CONTENT,POST_YN,REFUND_YN,PAY_DATE_2ND,PICTURE_CODE,PAY_DATE_1ST,USER_CODE,AD_TYPE_CODE,AD_TITLE,PAY_METHOD,DECISION_CODE,CANCEL_APPLY_DATE,POST_START_DATE,POST_END_DATE,STATE_CODE,LEADER_NAME,COMPANY_LOCATION,INDUSTRY,INDUSTRY_DETAIL,PAY_DATE,PAY_NEW_STATUS) values (18,'기업14',to_date('21/06/17','RR/MM/DD'),'610-11234-12345','010-4444-4444','EMAIL@EMAIL.COM','광고9내용입니다.','N','N',null,1,null,1,2,'광고9제목',null,55,null,null,null,3,'김해인','서울 중구 소공동 (서울중구 세종대로)','서비스업','애완동물 보호 서비스업',null,null);
Insert into FINAL_503_TEAM_PETPAL.AD_APPLY_TABLE (AD_CODE,COMPANY_NAME,APPLY_DATE,COMPANY_NUMBER,COMPANY_PHONE,COMPANY_EMAIL,AD_CONTENT,POST_YN,REFUND_YN,PAY_DATE_2ND,PICTURE_CODE,PAY_DATE_1ST,USER_CODE,AD_TYPE_CODE,AD_TITLE,PAY_METHOD,DECISION_CODE,CANCEL_APPLY_DATE,POST_START_DATE,POST_END_DATE,STATE_CODE,LEADER_NAME,COMPANY_LOCATION,INDUSTRY,INDUSTRY_DETAIL,PAY_DATE,PAY_NEW_STATUS) values (19,'기업15',to_date('21/06/20','RR/MM/DD'),'610-11234-12345','010-4444-4444','EMAIL@EMAIL.COM','광고9내용입니다.','N','N',null,1,null,1,2,'광고9제목',null,51,null,null,null,3,'김해인','서울 중구 소공동 (서울중구 세종대로)','서비스업','애완동물 보호 서비스업',null,null);
Insert into FINAL_503_TEAM_PETPAL.AD_APPLY_TABLE (AD_CODE,COMPANY_NAME,APPLY_DATE,COMPANY_NUMBER,COMPANY_PHONE,COMPANY_EMAIL,AD_CONTENT,POST_YN,REFUND_YN,PAY_DATE_2ND,PICTURE_CODE,PAY_DATE_1ST,USER_CODE,AD_TYPE_CODE,AD_TITLE,PAY_METHOD,DECISION_CODE,CANCEL_APPLY_DATE,POST_START_DATE,POST_END_DATE,STATE_CODE,LEADER_NAME,COMPANY_LOCATION,INDUSTRY,INDUSTRY_DETAIL,PAY_DATE,PAY_NEW_STATUS) values (20,'기업20',to_date('21/06/22','RR/MM/DD'),'710-11234-12345','010-5555-5555','EMAIL@EMAIL.COM','광고20내용입니다.','Y','N',null,1,to_date('21/06/30','RR/MM/DD'),26,2,'게시전납부완료광고','카카오페이',33,null,to_date('21/07/01','RR/MM/DD'),to_date('21/07/08','RR/MM/DD'),2,'김대표','서울시 중구 소공로','서비스업','애완동물 보호 및 서비스업',to_date('21/07/08','RR/MM/DD'),'납부전');
Insert into FINAL_503_TEAM_PETPAL.AD_APPLY_TABLE (AD_CODE,COMPANY_NAME,APPLY_DATE,COMPANY_NUMBER,COMPANY_PHONE,COMPANY_EMAIL,AD_CONTENT,POST_YN,REFUND_YN,PAY_DATE_2ND,PICTURE_CODE,PAY_DATE_1ST,USER_CODE,AD_TYPE_CODE,AD_TITLE,PAY_METHOD,DECISION_CODE,CANCEL_APPLY_DATE,POST_START_DATE,POST_END_DATE,STATE_CODE,LEADER_NAME,COMPANY_LOCATION,INDUSTRY,INDUSTRY_DETAIL,PAY_DATE,PAY_NEW_STATUS) values (34,'기업상호명',to_date('21/06/30','RR/MM/DD'),'cghvmn','사업자전화번호','사업자 이메일','광고게시물','N','N',null,56,null,27,3,'제목',null,159,to_date('21/07/03','RR/MM/DD'),null,null,4,'대표자명','주소','업태','업종',to_date('21/07/02','RR/MM/DD'),'납부취소');
Insert into FINAL_503_TEAM_PETPAL.AD_APPLY_TABLE (AD_CODE,COMPANY_NAME,APPLY_DATE,COMPANY_NUMBER,COMPANY_PHONE,COMPANY_EMAIL,AD_CONTENT,POST_YN,REFUND_YN,PAY_DATE_2ND,PICTURE_CODE,PAY_DATE_1ST,USER_CODE,AD_TYPE_CODE,AD_TITLE,PAY_METHOD,DECISION_CODE,CANCEL_APPLY_DATE,POST_START_DATE,POST_END_DATE,STATE_CODE,LEADER_NAME,COMPANY_LOCATION,INDUSTRY,INDUSTRY_DETAIL,PAY_DATE,PAY_NEW_STATUS) values (36,'기업22',to_date('21/06/20','RR/MM/DD'),'710-11234-12345','010-5555-5555','EMAIL@EMAIL.COM','광고22내용입니다.','N','N',null,1,null,26,1,'게시전납기초과광고',null,43,null,null,null,2,'김대표','서울시 중구 소공로','서비스업','애완동물 보호 및 서비스업',to_date('21/06/21','RR/MM/DD'),'납부초과');
Insert into FINAL_503_TEAM_PETPAL.AD_APPLY_TABLE (AD_CODE,COMPANY_NAME,APPLY_DATE,COMPANY_NUMBER,COMPANY_PHONE,COMPANY_EMAIL,AD_CONTENT,POST_YN,REFUND_YN,PAY_DATE_2ND,PICTURE_CODE,PAY_DATE_1ST,USER_CODE,AD_TYPE_CODE,AD_TITLE,PAY_METHOD,DECISION_CODE,CANCEL_APPLY_DATE,POST_START_DATE,POST_END_DATE,STATE_CODE,LEADER_NAME,COMPANY_LOCATION,INDUSTRY,INDUSTRY_DETAIL,PAY_DATE,PAY_NEW_STATUS) values (35,'기업21',to_date('21/06/28','RR/MM/DD'),'710-11234-12345','010-5555-5555','EMAIL@EMAIL.COM','광고21내용입니다.','Y','N',null,1,to_date('21/07/01','RR/MM/DD'),26,3,'게시전납부완광고','카카오페이',42,null,to_date('21/07/02','RR/MM/DD'),to_date('21/07/16','RR/MM/DD'),2,'김대표','서울시 중구 소공로','서비스업','애완동물 보호 및 서비스업',to_date('21/07/16','RR/MM/DD'),'납부전');
Insert into FINAL_503_TEAM_PETPAL.AD_APPLY_TABLE (AD_CODE,COMPANY_NAME,APPLY_DATE,COMPANY_NUMBER,COMPANY_PHONE,COMPANY_EMAIL,AD_CONTENT,POST_YN,REFUND_YN,PAY_DATE_2ND,PICTURE_CODE,PAY_DATE_1ST,USER_CODE,AD_TYPE_CODE,AD_TITLE,PAY_METHOD,DECISION_CODE,CANCEL_APPLY_DATE,POST_START_DATE,POST_END_DATE,STATE_CODE,LEADER_NAME,COMPANY_LOCATION,INDUSTRY,INDUSTRY_DETAIL,PAY_DATE,PAY_NEW_STATUS) values (37,'기업23',to_date('21/06/22','RR/MM/DD'),'710-11234-12345','010-5555-5555','EMAIL@EMAIL.COM','광고23내용입니다.','Y','N',null,1,to_date('21/06/27','RR/MM/DD'),26,3,'게시중광고','카카오페이',44,null,to_date('21/06/28','RR/MM/DD'),to_date('21/07/13','RR/MM/DD'),2,'김대표','서울시 중구 소공로','서비스업','애완동물 보호 및 서비스업',to_date('21/07/13','RR/MM/DD'),'납부전');
Insert into FINAL_503_TEAM_PETPAL.AD_APPLY_TABLE (AD_CODE,COMPANY_NAME,APPLY_DATE,COMPANY_NUMBER,COMPANY_PHONE,COMPANY_EMAIL,AD_CONTENT,POST_YN,REFUND_YN,PAY_DATE_2ND,PICTURE_CODE,PAY_DATE_1ST,USER_CODE,AD_TYPE_CODE,AD_TITLE,PAY_METHOD,DECISION_CODE,CANCEL_APPLY_DATE,POST_START_DATE,POST_END_DATE,STATE_CODE,LEADER_NAME,COMPANY_LOCATION,INDUSTRY,INDUSTRY_DETAIL,PAY_DATE,PAY_NEW_STATUS) values (38,'기업24',to_date('21/06/18','RR/MM/DD'),'710-11234-12345','010-5555-5555','EMAIL@EMAIL.COM','광고24내용입니다.','N','N',null,1,to_date('21/06/20','RR/MM/DD'),26,1,'게시종료납부전광고','카카오페이',45,null,to_date('21/06/21','RR/MM/DD'),to_date('21/06/28','RR/MM/DD'),2,'김대표','서울시 중구 소공로','서비스업','애완동물 보호 및 서비스업',to_date('21/06/28','RR/MM/DD'),'납부전');
Insert into FINAL_503_TEAM_PETPAL.AD_APPLY_TABLE (AD_CODE,COMPANY_NAME,APPLY_DATE,COMPANY_NUMBER,COMPANY_PHONE,COMPANY_EMAIL,AD_CONTENT,POST_YN,REFUND_YN,PAY_DATE_2ND,PICTURE_CODE,PAY_DATE_1ST,USER_CODE,AD_TYPE_CODE,AD_TITLE,PAY_METHOD,DECISION_CODE,CANCEL_APPLY_DATE,POST_START_DATE,POST_END_DATE,STATE_CODE,LEADER_NAME,COMPANY_LOCATION,INDUSTRY,INDUSTRY_DETAIL,PAY_DATE,PAY_NEW_STATUS) values (39,'기업25',to_date('21/06/10','RR/MM/DD'),'710-11234-12345','010-5555-5555','EMAIL@EMAIL.COM','광고25내용입니다.','N','N',to_date('21/06/27','RR/MM/DD'),1,to_date('21/06/12','RR/MM/DD'),26,1,'게시종료납부전광고','카카오페이',46,null,to_date('21/06/13','RR/MM/DD'),to_date('21/06/20','RR/MM/DD'),2,'김대표','서울시 중구 소공로','서비스업','애완동물 보호 및 서비스업',to_date('21/06/20','RR/MM/DD'),'납부완료');
Insert into FINAL_503_TEAM_PETPAL.AD_APPLY_TABLE (AD_CODE,COMPANY_NAME,APPLY_DATE,COMPANY_NUMBER,COMPANY_PHONE,COMPANY_EMAIL,AD_CONTENT,POST_YN,REFUND_YN,PAY_DATE_2ND,PICTURE_CODE,PAY_DATE_1ST,USER_CODE,AD_TYPE_CODE,AD_TITLE,PAY_METHOD,DECISION_CODE,CANCEL_APPLY_DATE,POST_START_DATE,POST_END_DATE,STATE_CODE,LEADER_NAME,COMPANY_LOCATION,INDUSTRY,INDUSTRY_DETAIL,PAY_DATE,PAY_NEW_STATUS) values (40,'기업26',to_date('21/06/11','RR/MM/DD'),'710-11234-12345','010-5555-5555','EMAIL@EMAIL.COM','광고25내용입니다.','N','N',null,1,null,26,1,'게시전환불신청광고',null,47,to_date('21/06/13','RR/MM/DD'),null,null,4,'김대표','서울시 중구 소공로','서비스업','애완동물 보호 및 서비스업',to_date('21/06/12','RR/MM/DD'),'납부취소');
Insert into FINAL_503_TEAM_PETPAL.AD_APPLY_TABLE (AD_CODE,COMPANY_NAME,APPLY_DATE,COMPANY_NUMBER,COMPANY_PHONE,COMPANY_EMAIL,AD_CONTENT,POST_YN,REFUND_YN,PAY_DATE_2ND,PICTURE_CODE,PAY_DATE_1ST,USER_CODE,AD_TYPE_CODE,AD_TITLE,PAY_METHOD,DECISION_CODE,CANCEL_APPLY_DATE,POST_START_DATE,POST_END_DATE,STATE_CODE,LEADER_NAME,COMPANY_LOCATION,INDUSTRY,INDUSTRY_DETAIL,PAY_DATE,PAY_NEW_STATUS) values (41,'기업27',to_date('21/06/11','RR/MM/DD'),'710-11234-12345','010-5555-5555','EMAIL@EMAIL.COM','광고27내용입니다.','N','Y',null,1,to_date('21/06/13','RR/MM/DD'),26,1,'게시당일환불신청광고',null,48,to_date('21/06/13','RR/MM/DD'),to_date('21/06/14','RR/MM/DD'),to_date('21/06/21','RR/MM/DD'),4,'김대표','서울시 중구 소공로','서비스업','애완동물 보호 및 서비스업',to_date('21/06/13','RR/MM/DD'),'환불');
Insert into FINAL_503_TEAM_PETPAL.AD_APPLY_TABLE (AD_CODE,COMPANY_NAME,APPLY_DATE,COMPANY_NUMBER,COMPANY_PHONE,COMPANY_EMAIL,AD_CONTENT,POST_YN,REFUND_YN,PAY_DATE_2ND,PICTURE_CODE,PAY_DATE_1ST,USER_CODE,AD_TYPE_CODE,AD_TITLE,PAY_METHOD,DECISION_CODE,CANCEL_APPLY_DATE,POST_START_DATE,POST_END_DATE,STATE_CODE,LEADER_NAME,COMPANY_LOCATION,INDUSTRY,INDUSTRY_DETAIL,PAY_DATE,PAY_NEW_STATUS) values (42,'기업28',to_date('21/06/11','RR/MM/DD'),'710-11234-12345','010-5555-5555','EMAIL@EMAIL.COM','광고27내용입니다.','N','N',null,1,to_date('21/06/13','RR/MM/DD'),26,1,'게시후환불신청광고',null,49,to_date('21/06/15','RR/MM/DD'),to_date('21/06/14','RR/MM/DD'),to_date('21/06/21','RR/MM/DD'),4,'김대표','서울시 중구 소공로','서비스업','애완동물 보호 및 서비스업',to_date('21/06/15','RR/MM/DD'),'납부전');
Insert into FINAL_503_TEAM_PETPAL.AD_APPLY_TABLE (AD_CODE,COMPANY_NAME,APPLY_DATE,COMPANY_NUMBER,COMPANY_PHONE,COMPANY_EMAIL,AD_CONTENT,POST_YN,REFUND_YN,PAY_DATE_2ND,PICTURE_CODE,PAY_DATE_1ST,USER_CODE,AD_TYPE_CODE,AD_TITLE,PAY_METHOD,DECISION_CODE,CANCEL_APPLY_DATE,POST_START_DATE,POST_END_DATE,STATE_CODE,LEADER_NAME,COMPANY_LOCATION,INDUSTRY,INDUSTRY_DETAIL,PAY_DATE,PAY_NEW_STATUS) values (43,'기업29',to_date('21/06/20','RR/MM/DD'),'610-11234-12345','010-4444-4444','EMAIL@EMAIL.COM','광고29내용입니다.','Y','N',null,1,to_date('21/07/01','RR/MM/DD'),9,2,'광고29제목','카카오페이',57,null,to_date('21/07/02','RR/MM/DD'),to_date('21/07/09','RR/MM/DD'),2,'부대표','경기도 의왕시','서비스업','애완동물 보호 및 서비스업',to_date('21/07/09','RR/MM/DD'),'납부전');
Insert into FINAL_503_TEAM_PETPAL.AD_APPLY_TABLE (AD_CODE,COMPANY_NAME,APPLY_DATE,COMPANY_NUMBER,COMPANY_PHONE,COMPANY_EMAIL,AD_CONTENT,POST_YN,REFUND_YN,PAY_DATE_2ND,PICTURE_CODE,PAY_DATE_1ST,USER_CODE,AD_TYPE_CODE,AD_TITLE,PAY_METHOD,DECISION_CODE,CANCEL_APPLY_DATE,POST_START_DATE,POST_END_DATE,STATE_CODE,LEADER_NAME,COMPANY_LOCATION,INDUSTRY,INDUSTRY_DETAIL,PAY_DATE,PAY_NEW_STATUS) values (44,'기업30',to_date('21/06/20','RR/MM/DD'),'610-11234-12345','010-4444-4444','EMAIL@EMAIL.COM','광고30내용입니다.','N','N',null,1,null,9,2,'광고30제목',null,59,null,null,null,3,'부대표','경기도 의왕시','서비스업','애완동물 보호 및 서비스업',null,null);
Insert into FINAL_503_TEAM_PETPAL.AD_APPLY_TABLE (AD_CODE,COMPANY_NAME,APPLY_DATE,COMPANY_NUMBER,COMPANY_PHONE,COMPANY_EMAIL,AD_CONTENT,POST_YN,REFUND_YN,PAY_DATE_2ND,PICTURE_CODE,PAY_DATE_1ST,USER_CODE,AD_TYPE_CODE,AD_TITLE,PAY_METHOD,DECISION_CODE,CANCEL_APPLY_DATE,POST_START_DATE,POST_END_DATE,STATE_CODE,LEADER_NAME,COMPANY_LOCATION,INDUSTRY,INDUSTRY_DETAIL,PAY_DATE,PAY_NEW_STATUS) values (45,'기업31',to_date('21/06/20','RR/MM/DD'),'610-11234-12345','010-4444-4444','EMAIL@EMAIL.COM','광고31내용입니다.','Y','N',null,1,to_date('21/07/01','RR/MM/DD'),9,2,'광고31제목','카카오페이',61,null,to_date('21/07/02','RR/MM/DD'),to_date('21/07/09','RR/MM/DD'),2,'부대표','경기도 의왕시','서비스업','애완동물 보호 및 서비스업',to_date('21/07/09','RR/MM/DD'),'납부전');
Insert into FINAL_503_TEAM_PETPAL.AD_APPLY_TABLE (AD_CODE,COMPANY_NAME,APPLY_DATE,COMPANY_NUMBER,COMPANY_PHONE,COMPANY_EMAIL,AD_CONTENT,POST_YN,REFUND_YN,PAY_DATE_2ND,PICTURE_CODE,PAY_DATE_1ST,USER_CODE,AD_TYPE_CODE,AD_TITLE,PAY_METHOD,DECISION_CODE,CANCEL_APPLY_DATE,POST_START_DATE,POST_END_DATE,STATE_CODE,LEADER_NAME,COMPANY_LOCATION,INDUSTRY,INDUSTRY_DETAIL,PAY_DATE,PAY_NEW_STATUS) values (46,'기업32',to_date('21/06/20','RR/MM/DD'),'610-11234-12345','010-4444-4444','EMAIL@EMAIL.COM','광고32내용입니다.','Y','N',null,1,to_date('21/07/01','RR/MM/DD'),9,2,'광고32제목','카카오페이',63,null,to_date('21/07/02','RR/MM/DD'),to_date('21/07/09','RR/MM/DD'),2,'부대표','경기도 의왕시','서비스업','애완동물 보호 및 서비스업',to_date('21/07/09','RR/MM/DD'),'납부전');
Insert into FINAL_503_TEAM_PETPAL.AD_APPLY_TABLE (AD_CODE,COMPANY_NAME,APPLY_DATE,COMPANY_NUMBER,COMPANY_PHONE,COMPANY_EMAIL,AD_CONTENT,POST_YN,REFUND_YN,PAY_DATE_2ND,PICTURE_CODE,PAY_DATE_1ST,USER_CODE,AD_TYPE_CODE,AD_TITLE,PAY_METHOD,DECISION_CODE,CANCEL_APPLY_DATE,POST_START_DATE,POST_END_DATE,STATE_CODE,LEADER_NAME,COMPANY_LOCATION,INDUSTRY,INDUSTRY_DETAIL,PAY_DATE,PAY_NEW_STATUS) values (47,'기업33',to_date('21/06/20','RR/MM/DD'),'610-11234-12345','010-4444-4444','EMAIL@EMAIL.COM','광고33내용입니다.','N','N',null,1,null,9,2,'광고33제목',null,65,null,null,null,3,'부대표','경기도 의왕시','서비스업','애완동물 보호 및 서비스업',null,null);
Insert into FINAL_503_TEAM_PETPAL.AD_APPLY_TABLE (AD_CODE,COMPANY_NAME,APPLY_DATE,COMPANY_NUMBER,COMPANY_PHONE,COMPANY_EMAIL,AD_CONTENT,POST_YN,REFUND_YN,PAY_DATE_2ND,PICTURE_CODE,PAY_DATE_1ST,USER_CODE,AD_TYPE_CODE,AD_TITLE,PAY_METHOD,DECISION_CODE,CANCEL_APPLY_DATE,POST_START_DATE,POST_END_DATE,STATE_CODE,LEADER_NAME,COMPANY_LOCATION,INDUSTRY,INDUSTRY_DETAIL,PAY_DATE,PAY_NEW_STATUS) values (48,'기업33',to_date('21/06/20','RR/MM/DD'),'610-11234-12345','010-4444-4444','EMAIL@EMAIL.COM','광고33내용입니다.','N','N',null,1,null,9,2,'광고33제목',null,67,null,null,null,3,'부대표','경기도 의왕시','서비스업','애완동물 보호 및 서비스업',null,null);
Insert into FINAL_503_TEAM_PETPAL.AD_APPLY_TABLE (AD_CODE,COMPANY_NAME,APPLY_DATE,COMPANY_NUMBER,COMPANY_PHONE,COMPANY_EMAIL,AD_CONTENT,POST_YN,REFUND_YN,PAY_DATE_2ND,PICTURE_CODE,PAY_DATE_1ST,USER_CODE,AD_TYPE_CODE,AD_TITLE,PAY_METHOD,DECISION_CODE,CANCEL_APPLY_DATE,POST_START_DATE,POST_END_DATE,STATE_CODE,LEADER_NAME,COMPANY_LOCATION,INDUSTRY,INDUSTRY_DETAIL,PAY_DATE,PAY_NEW_STATUS) values (49,'기업33',to_date('21/06/20','RR/MM/DD'),'610-11234-12345','010-4444-4444','EMAIL@EMAIL.COM','광고33내용입니다.','N','N',null,1,null,9,2,'광고33제목',null,69,null,null,null,2,'부대표','경기도 의왕시','서비스업','애완동물 보호 및 서비스업',to_date('21/06/30','RR/MM/DD'),'납부초과');
Insert into FINAL_503_TEAM_PETPAL.AD_APPLY_TABLE (AD_CODE,COMPANY_NAME,APPLY_DATE,COMPANY_NUMBER,COMPANY_PHONE,COMPANY_EMAIL,AD_CONTENT,POST_YN,REFUND_YN,PAY_DATE_2ND,PICTURE_CODE,PAY_DATE_1ST,USER_CODE,AD_TYPE_CODE,AD_TITLE,PAY_METHOD,DECISION_CODE,CANCEL_APPLY_DATE,POST_START_DATE,POST_END_DATE,STATE_CODE,LEADER_NAME,COMPANY_LOCATION,INDUSTRY,INDUSTRY_DETAIL,PAY_DATE,PAY_NEW_STATUS) values (50,'기업33',to_date('21/06/20','RR/MM/DD'),'610-11234-12345','010-4444-4444','EMAIL@EMAIL.COM','광고33내용입니다.','N','N',null,1,null,9,2,'광고33제목',null,71,null,null,null,3,'부대표','경기도 의왕시','서비스업','애완동물 보호 및 서비스업',null,null);
Insert into FINAL_503_TEAM_PETPAL.AD_APPLY_TABLE (AD_CODE,COMPANY_NAME,APPLY_DATE,COMPANY_NUMBER,COMPANY_PHONE,COMPANY_EMAIL,AD_CONTENT,POST_YN,REFUND_YN,PAY_DATE_2ND,PICTURE_CODE,PAY_DATE_1ST,USER_CODE,AD_TYPE_CODE,AD_TITLE,PAY_METHOD,DECISION_CODE,CANCEL_APPLY_DATE,POST_START_DATE,POST_END_DATE,STATE_CODE,LEADER_NAME,COMPANY_LOCATION,INDUSTRY,INDUSTRY_DETAIL,PAY_DATE,PAY_NEW_STATUS) values (51,'기업33',to_date('21/06/20','RR/MM/DD'),'610-11234-12345','010-4444-4444','EMAIL@EMAIL.COM','광고33내용입니다.','N','N',null,1,null,9,2,'광고33제목',null,73,null,null,null,2,'부대표','경기도 의왕시','서비스업','애완동물 보호 및 서비스업',to_date('21/06/30','RR/MM/DD'),'납부초과');
Insert into FINAL_503_TEAM_PETPAL.AD_APPLY_TABLE (AD_CODE,COMPANY_NAME,APPLY_DATE,COMPANY_NUMBER,COMPANY_PHONE,COMPANY_EMAIL,AD_CONTENT,POST_YN,REFUND_YN,PAY_DATE_2ND,PICTURE_CODE,PAY_DATE_1ST,USER_CODE,AD_TYPE_CODE,AD_TITLE,PAY_METHOD,DECISION_CODE,CANCEL_APPLY_DATE,POST_START_DATE,POST_END_DATE,STATE_CODE,LEADER_NAME,COMPANY_LOCATION,INDUSTRY,INDUSTRY_DETAIL,PAY_DATE,PAY_NEW_STATUS) values (52,'기업33',to_date('21/06/20','RR/MM/DD'),'610-11234-12345','010-4444-4444','EMAIL@EMAIL.COM','광고33내용입니다.','N','N',null,1,null,9,2,'광고33제목',null,75,null,null,null,3,'부대표','경기도 의왕시','서비스업','애완동물 보호 및 서비스업',null,null);
Insert into FINAL_503_TEAM_PETPAL.AD_APPLY_TABLE (AD_CODE,COMPANY_NAME,APPLY_DATE,COMPANY_NUMBER,COMPANY_PHONE,COMPANY_EMAIL,AD_CONTENT,POST_YN,REFUND_YN,PAY_DATE_2ND,PICTURE_CODE,PAY_DATE_1ST,USER_CODE,AD_TYPE_CODE,AD_TITLE,PAY_METHOD,DECISION_CODE,CANCEL_APPLY_DATE,POST_START_DATE,POST_END_DATE,STATE_CODE,LEADER_NAME,COMPANY_LOCATION,INDUSTRY,INDUSTRY_DETAIL,PAY_DATE,PAY_NEW_STATUS) values (53,'기업33',to_date('21/06/20','RR/MM/DD'),'610-11234-12345','010-4444-4444','EMAIL@EMAIL.COM','광고33내용입니다.','N','N',null,1,null,9,2,'광고33제목',null,77,null,null,null,2,'부대표','경기도 의왕시','서비스업','애완동물 보호 및 서비스업',to_date('21/06/30','RR/MM/DD'),'납부초과');
Insert into FINAL_503_TEAM_PETPAL.AD_APPLY_TABLE (AD_CODE,COMPANY_NAME,APPLY_DATE,COMPANY_NUMBER,COMPANY_PHONE,COMPANY_EMAIL,AD_CONTENT,POST_YN,REFUND_YN,PAY_DATE_2ND,PICTURE_CODE,PAY_DATE_1ST,USER_CODE,AD_TYPE_CODE,AD_TITLE,PAY_METHOD,DECISION_CODE,CANCEL_APPLY_DATE,POST_START_DATE,POST_END_DATE,STATE_CODE,LEADER_NAME,COMPANY_LOCATION,INDUSTRY,INDUSTRY_DETAIL,PAY_DATE,PAY_NEW_STATUS) values (54,'기업33',to_date('21/06/20','RR/MM/DD'),'610-11234-12345','010-4444-4444','EMAIL@EMAIL.COM','광고33내용입니다.','N','N',null,1,null,9,2,'광고33제목',null,79,null,null,null,2,'부대표','경기도 의왕시','서비스업','애완동물 보호 및 서비스업',to_date('21/06/30','RR/MM/DD'),'납부초과');
Insert into FINAL_503_TEAM_PETPAL.AD_APPLY_TABLE (AD_CODE,COMPANY_NAME,APPLY_DATE,COMPANY_NUMBER,COMPANY_PHONE,COMPANY_EMAIL,AD_CONTENT,POST_YN,REFUND_YN,PAY_DATE_2ND,PICTURE_CODE,PAY_DATE_1ST,USER_CODE,AD_TYPE_CODE,AD_TITLE,PAY_METHOD,DECISION_CODE,CANCEL_APPLY_DATE,POST_START_DATE,POST_END_DATE,STATE_CODE,LEADER_NAME,COMPANY_LOCATION,INDUSTRY,INDUSTRY_DETAIL,PAY_DATE,PAY_NEW_STATUS) values (55,'기업33',to_date('21/06/20','RR/MM/DD'),'610-11234-12345','010-4444-4444','EMAIL@EMAIL.COM','광고33내용입니다.','N','N',null,1,null,9,2,'광고33제목',null,81,null,null,null,2,'부대표','경기도 의왕시','서비스업','애완동물 보호 및 서비스업',to_date('21/06/30','RR/MM/DD'),'납부초과');
Insert into FINAL_503_TEAM_PETPAL.AD_APPLY_TABLE (AD_CODE,COMPANY_NAME,APPLY_DATE,COMPANY_NUMBER,COMPANY_PHONE,COMPANY_EMAIL,AD_CONTENT,POST_YN,REFUND_YN,PAY_DATE_2ND,PICTURE_CODE,PAY_DATE_1ST,USER_CODE,AD_TYPE_CODE,AD_TITLE,PAY_METHOD,DECISION_CODE,CANCEL_APPLY_DATE,POST_START_DATE,POST_END_DATE,STATE_CODE,LEADER_NAME,COMPANY_LOCATION,INDUSTRY,INDUSTRY_DETAIL,PAY_DATE,PAY_NEW_STATUS) values (56,'기업33',to_date('21/06/20','RR/MM/DD'),'610-11234-12345','010-4444-4444','EMAIL@EMAIL.COM','광고33내용입니다.','N','N',null,1,null,9,2,'광고33제목',null,83,null,null,null,2,'부대표','경기도 의왕시','서비스업','애완동물 보호 및 서비스업',to_date('21/06/30','RR/MM/DD'),'납부초과');
Insert into FINAL_503_TEAM_PETPAL.AD_APPLY_TABLE (AD_CODE,COMPANY_NAME,APPLY_DATE,COMPANY_NUMBER,COMPANY_PHONE,COMPANY_EMAIL,AD_CONTENT,POST_YN,REFUND_YN,PAY_DATE_2ND,PICTURE_CODE,PAY_DATE_1ST,USER_CODE,AD_TYPE_CODE,AD_TITLE,PAY_METHOD,DECISION_CODE,CANCEL_APPLY_DATE,POST_START_DATE,POST_END_DATE,STATE_CODE,LEADER_NAME,COMPANY_LOCATION,INDUSTRY,INDUSTRY_DETAIL,PAY_DATE,PAY_NEW_STATUS) values (57,'기업33',to_date('21/06/20','RR/MM/DD'),'610-11234-12345','010-4444-4444','EMAIL@EMAIL.COM','광고33내용입니다.','N','N',null,1,null,9,2,'광고33제목',null,85,null,null,null,2,'부대표','경기도 의왕시','서비스업','애완동물 보호 및 서비스업',to_date('21/06/30','RR/MM/DD'),'납부초과');
Insert into FINAL_503_TEAM_PETPAL.AD_APPLY_TABLE (AD_CODE,COMPANY_NAME,APPLY_DATE,COMPANY_NUMBER,COMPANY_PHONE,COMPANY_EMAIL,AD_CONTENT,POST_YN,REFUND_YN,PAY_DATE_2ND,PICTURE_CODE,PAY_DATE_1ST,USER_CODE,AD_TYPE_CODE,AD_TITLE,PAY_METHOD,DECISION_CODE,CANCEL_APPLY_DATE,POST_START_DATE,POST_END_DATE,STATE_CODE,LEADER_NAME,COMPANY_LOCATION,INDUSTRY,INDUSTRY_DETAIL,PAY_DATE,PAY_NEW_STATUS) values (58,'기업33',to_date('21/06/20','RR/MM/DD'),'610-11234-12345','010-4444-4444','EMAIL@EMAIL.COM','광고33내용입니다.','N','N',null,1,null,9,2,'광고33제목',null,98,null,null,null,2,'부대표','경기도 의왕시','서비스업','애완동물 보호 및 서비스업',to_date('21/06/30','RR/MM/DD'),'납부초과');
Insert into FINAL_503_TEAM_PETPAL.AD_APPLY_TABLE (AD_CODE,COMPANY_NAME,APPLY_DATE,COMPANY_NUMBER,COMPANY_PHONE,COMPANY_EMAIL,AD_CONTENT,POST_YN,REFUND_YN,PAY_DATE_2ND,PICTURE_CODE,PAY_DATE_1ST,USER_CODE,AD_TYPE_CODE,AD_TITLE,PAY_METHOD,DECISION_CODE,CANCEL_APPLY_DATE,POST_START_DATE,POST_END_DATE,STATE_CODE,LEADER_NAME,COMPANY_LOCATION,INDUSTRY,INDUSTRY_DETAIL,PAY_DATE,PAY_NEW_STATUS) values (59,'기업33',to_date('21/06/20','RR/MM/DD'),'610-11234-12345','010-4444-4444','EMAIL@EMAIL.COM','광고33내용입니다.','Y','N',null,1,to_date('21/06/30','RR/MM/DD'),9,2,'광고33제목',null,114,null,to_date('21/07/01','RR/MM/DD'),to_date('21/07/08','RR/MM/DD'),2,'부대표','경기도 의왕시','서비스업','애완동물 보호 및 서비스업',to_date('21/07/08','RR/MM/DD'),'납부전');
Insert into FINAL_503_TEAM_PETPAL.AD_APPLY_TABLE (AD_CODE,COMPANY_NAME,APPLY_DATE,COMPANY_NUMBER,COMPANY_PHONE,COMPANY_EMAIL,AD_CONTENT,POST_YN,REFUND_YN,PAY_DATE_2ND,PICTURE_CODE,PAY_DATE_1ST,USER_CODE,AD_TYPE_CODE,AD_TITLE,PAY_METHOD,DECISION_CODE,CANCEL_APPLY_DATE,POST_START_DATE,POST_END_DATE,STATE_CODE,LEADER_NAME,COMPANY_LOCATION,INDUSTRY,INDUSTRY_DETAIL,PAY_DATE,PAY_NEW_STATUS) values (60,'기업33',to_date('21/06/20','RR/MM/DD'),'610-11234-12345','010-4444-4444','EMAIL@EMAIL.COM','광고33내용입니다.','N','N',null,1,null,9,2,'광고33제목',null,90,null,null,null,2,'부대표','경기도 의왕시','서비스업','애완동물 보호 및 서비스업',to_date('21/06/30','RR/MM/DD'),'납부초과');
Insert into FINAL_503_TEAM_PETPAL.AD_APPLY_TABLE (AD_CODE,COMPANY_NAME,APPLY_DATE,COMPANY_NUMBER,COMPANY_PHONE,COMPANY_EMAIL,AD_CONTENT,POST_YN,REFUND_YN,PAY_DATE_2ND,PICTURE_CODE,PAY_DATE_1ST,USER_CODE,AD_TYPE_CODE,AD_TITLE,PAY_METHOD,DECISION_CODE,CANCEL_APPLY_DATE,POST_START_DATE,POST_END_DATE,STATE_CODE,LEADER_NAME,COMPANY_LOCATION,INDUSTRY,INDUSTRY_DETAIL,PAY_DATE,PAY_NEW_STATUS) values (61,'기업33',to_date('21/06/20','RR/MM/DD'),'610-11234-12345','010-4444-4444','EMAIL@EMAIL.COM','광고33내용입니다.','N','N',null,1,null,9,2,'광고33제목',null,194,null,null,null,2,'부대표','경기도 의왕시','서비스업','애완동물 보호 및 서비스업',to_date('21/07/03','RR/MM/DD'),'납부초과');
Insert into FINAL_503_TEAM_PETPAL.AD_APPLY_TABLE (AD_CODE,COMPANY_NAME,APPLY_DATE,COMPANY_NUMBER,COMPANY_PHONE,COMPANY_EMAIL,AD_CONTENT,POST_YN,REFUND_YN,PAY_DATE_2ND,PICTURE_CODE,PAY_DATE_1ST,USER_CODE,AD_TYPE_CODE,AD_TITLE,PAY_METHOD,DECISION_CODE,CANCEL_APPLY_DATE,POST_START_DATE,POST_END_DATE,STATE_CODE,LEADER_NAME,COMPANY_LOCATION,INDUSTRY,INDUSTRY_DETAIL,PAY_DATE,PAY_NEW_STATUS) values (62,'(주)나라월드',to_date('21/07/01','RR/MM/DD'),'73-65423-464','070-0000-0000','nrnr@petpal.com','<p><img src="/petpal/resources/uploadFiles/903bbf437bce468ba6139e8af7172acf.jpg" style="width: 25%;"><font color="#00ff00">br;<b>광고</b> 게시그르으으을</font><br></p>','N','N',null,69,null,27,4,'(주)나라월드 광고',null,null,null,null,null,1,'나라','제주특별자치도','소매업','전자상거래',null,null);
Insert into FINAL_503_TEAM_PETPAL.AD_APPLY_TABLE (AD_CODE,COMPANY_NAME,APPLY_DATE,COMPANY_NUMBER,COMPANY_PHONE,COMPANY_EMAIL,AD_CONTENT,POST_YN,REFUND_YN,PAY_DATE_2ND,PICTURE_CODE,PAY_DATE_1ST,USER_CODE,AD_TYPE_CODE,AD_TITLE,PAY_METHOD,DECISION_CODE,CANCEL_APPLY_DATE,POST_START_DATE,POST_END_DATE,STATE_CODE,LEADER_NAME,COMPANY_LOCATION,INDUSTRY,INDUSTRY_DETAIL,PAY_DATE,PAY_NEW_STATUS) values (63,'기업기업',to_date('21/07/01','RR/MM/DD'),'111-222-3333','010-333-4444','email@gmail.com','<p><u>광고</u>br;<font color="#ff00ff"><b>게시글</b>br;</font><font color="#ffffff" style="background-color: rgb(0, 0, 0);">입니다.</font></p><p><img src="/petpal/resources/uploadFiles/7ed80fa63cd84e66968f2394edabdfa1.PNG" style="width: 326px;"><font color="#ffffff" style="background-color: rgb(0, 0, 0);"><br></font><img src="/petpal/resources/uploadFiles/db4472cbe9814337bd087a50139ce2c2.PNG" style="width: 328px;"></p>','N','N',null,70,null,27,2,'제모오오오오오옥!',null,136,null,null,null,3,'나는 대표자','주소주소오오','소매업','전자상거래',null,null);
Insert into FINAL_503_TEAM_PETPAL.AD_APPLY_TABLE (AD_CODE,COMPANY_NAME,APPLY_DATE,COMPANY_NUMBER,COMPANY_PHONE,COMPANY_EMAIL,AD_CONTENT,POST_YN,REFUND_YN,PAY_DATE_2ND,PICTURE_CODE,PAY_DATE_1ST,USER_CODE,AD_TYPE_CODE,AD_TITLE,PAY_METHOD,DECISION_CODE,CANCEL_APPLY_DATE,POST_START_DATE,POST_END_DATE,STATE_CODE,LEADER_NAME,COMPANY_LOCATION,INDUSTRY,INDUSTRY_DETAIL,PAY_DATE,PAY_NEW_STATUS) values (64,'(주)나라월드',to_date('21/07/01','RR/MM/DD'),'111-2344-8757','4444-44444-44444','wnl1508@gmail.com','<p>광고 할게요~~~<img src="/petpal/resources/uploadFiles/714bd56e5fd14c72a7cbbdb642484613.PNG" style="width: 326px;"></p>','N','N',null,88,null,27,2,'(주)나라월드 광고',null,134,null,null,null,2,'나는 대표자','서울시 강남구','소매업','전자상거래',to_date('21/07/01','RR/MM/DD'),'납부초과');
Insert into FINAL_503_TEAM_PETPAL.AD_APPLY_TABLE (AD_CODE,COMPANY_NAME,APPLY_DATE,COMPANY_NUMBER,COMPANY_PHONE,COMPANY_EMAIL,AD_CONTENT,POST_YN,REFUND_YN,PAY_DATE_2ND,PICTURE_CODE,PAY_DATE_1ST,USER_CODE,AD_TYPE_CODE,AD_TITLE,PAY_METHOD,DECISION_CODE,CANCEL_APPLY_DATE,POST_START_DATE,POST_END_DATE,STATE_CODE,LEADER_NAME,COMPANY_LOCATION,INDUSTRY,INDUSTRY_DETAIL,PAY_DATE,PAY_NEW_STATUS) values (65,'(주)나라월드',to_date('21/07/02','RR/MM/DD'),'73-65423-464','070-0000-0000','nrnr@petpal.com','<p>11111111111111111111111111111111111111<img src="/petpal/resources/uploadFiles/a54b01a414464307bc30b57d4f6a4363.PNG" style="width: 328px;"></p>','N','N',null,89,null,27,2,'(주)나라월드 광고',null,154,null,null,null,2,'나라','서울시 강남구','소매업','전자상거래',to_date('21/07/02','RR/MM/DD'),'납부초과');
Insert into FINAL_503_TEAM_PETPAL.AD_APPLY_TABLE (AD_CODE,COMPANY_NAME,APPLY_DATE,COMPANY_NUMBER,COMPANY_PHONE,COMPANY_EMAIL,AD_CONTENT,POST_YN,REFUND_YN,PAY_DATE_2ND,PICTURE_CODE,PAY_DATE_1ST,USER_CODE,AD_TYPE_CODE,AD_TITLE,PAY_METHOD,DECISION_CODE,CANCEL_APPLY_DATE,POST_START_DATE,POST_END_DATE,STATE_CODE,LEADER_NAME,COMPANY_LOCATION,INDUSTRY,INDUSTRY_DETAIL,PAY_DATE,PAY_NEW_STATUS) values (66,'(주)나라월드',to_date('21/07/02','RR/MM/DD'),'73-65423-464','070-0000-0000','nrnr@petpal.com','<p><img src="/petpal/resources/uploadFiles/d1f9450252a54620b647d62ca65baa50.PNG" style="width: 326px;">2222222222222<br></p>','N','N',null,90,null,27,3,'22222222222',null,156,null,null,null,2,'나라','서울시 강남구','소매업','업종',to_date('21/07/02','RR/MM/DD'),'납부초과');
Insert into FINAL_503_TEAM_PETPAL.AD_APPLY_TABLE (AD_CODE,COMPANY_NAME,APPLY_DATE,COMPANY_NUMBER,COMPANY_PHONE,COMPANY_EMAIL,AD_CONTENT,POST_YN,REFUND_YN,PAY_DATE_2ND,PICTURE_CODE,PAY_DATE_1ST,USER_CODE,AD_TYPE_CODE,AD_TITLE,PAY_METHOD,DECISION_CODE,CANCEL_APPLY_DATE,POST_START_DATE,POST_END_DATE,STATE_CODE,LEADER_NAME,COMPANY_LOCATION,INDUSTRY,INDUSTRY_DETAIL,PAY_DATE,PAY_NEW_STATUS) values (67,'(주)나라월드',to_date('21/07/02','RR/MM/DD'),'73-65423-464','4444-44444-44444','nrnr@petpal.com','<p>ghjm<img src="/petpal/resources/uploadFiles/efa0ceb95256455590662267856190e7.jpg" style="width: 327.112px;"></p>','N','N',null,91,null,27,3,'(주)나라월드 광고',null,161,null,null,null,2,'나라','서울시 강남구','업태','전자상거래',to_date('21/07/02','RR/MM/DD'),'납부초과');
Insert into FINAL_503_TEAM_PETPAL.AD_APPLY_TABLE (AD_CODE,COMPANY_NAME,APPLY_DATE,COMPANY_NUMBER,COMPANY_PHONE,COMPANY_EMAIL,AD_CONTENT,POST_YN,REFUND_YN,PAY_DATE_2ND,PICTURE_CODE,PAY_DATE_1ST,USER_CODE,AD_TYPE_CODE,AD_TITLE,PAY_METHOD,DECISION_CODE,CANCEL_APPLY_DATE,POST_START_DATE,POST_END_DATE,STATE_CODE,LEADER_NAME,COMPANY_LOCATION,INDUSTRY,INDUSTRY_DETAIL,PAY_DATE,PAY_NEW_STATUS) values (68,'기업상호명',to_date('21/07/02','RR/MM/DD'),'73-65423-464','4444-44444-44444','nrnr@petpal.com','<p>dfsdff<img src="/petpal/resources/uploadFiles/fb7d26d145ac4a6197cc6b42a9c36581.PNG" style="width: 328px;"></p>','N','N',null,92,null,27,3,'(주)나라월드 광고',null,163,null,null,null,4,'나라','제주특별자치도','소매업','업종',null,null);
Insert into FINAL_503_TEAM_PETPAL.AD_APPLY_TABLE (AD_CODE,COMPANY_NAME,APPLY_DATE,COMPANY_NUMBER,COMPANY_PHONE,COMPANY_EMAIL,AD_CONTENT,POST_YN,REFUND_YN,PAY_DATE_2ND,PICTURE_CODE,PAY_DATE_1ST,USER_CODE,AD_TYPE_CODE,AD_TITLE,PAY_METHOD,DECISION_CODE,CANCEL_APPLY_DATE,POST_START_DATE,POST_END_DATE,STATE_CODE,LEADER_NAME,COMPANY_LOCATION,INDUSTRY,INDUSTRY_DETAIL,PAY_DATE,PAY_NEW_STATUS) values (69,'k',to_date('21/06/27','RR/MM/DD'),'k','k','k','<p>kkk<img src="/petpal/resources/uploadFiles/43fc1096e1cb46a99912699dd2657ee4.PNG" style="width: 328px;"></p>','N','N',null,93,null,27,3,'k',null,165,null,null,null,2,'k','k','k','k',to_date('21/06/29','RR/MM/DD'),'납부초과');
Insert into FINAL_503_TEAM_PETPAL.AD_APPLY_TABLE (AD_CODE,COMPANY_NAME,APPLY_DATE,COMPANY_NUMBER,COMPANY_PHONE,COMPANY_EMAIL,AD_CONTENT,POST_YN,REFUND_YN,PAY_DATE_2ND,PICTURE_CODE,PAY_DATE_1ST,USER_CODE,AD_TYPE_CODE,AD_TITLE,PAY_METHOD,DECISION_CODE,CANCEL_APPLY_DATE,POST_START_DATE,POST_END_DATE,STATE_CODE,LEADER_NAME,COMPANY_LOCATION,INDUSTRY,INDUSTRY_DETAIL,PAY_DATE,PAY_NEW_STATUS) values (70,'사료맛집',to_date('21/07/02','RR/MM/DD'),'afsd','asdf','asfd','<p>asdf<img src="/petpal/resources/uploadFiles/87a06943ec964294bca2526b9ec1bbf0.jpg" style="width: 472.15px;"></p>','Y','N',to_date('21/07/08','RR/MM/DD'),94,to_date('21/07/02','RR/MM/DD'),27,3,'asdf',null,167,null,to_date('21/07/01','RR/MM/DD'),to_date('21/07/02','RR/MM/DD'),2,'afsd','asfd','asdf','asdf',to_date('21/07/02','RR/MM/DD'),'납부완료');
Insert into FINAL_503_TEAM_PETPAL.AD_APPLY_TABLE (AD_CODE,COMPANY_NAME,APPLY_DATE,COMPANY_NUMBER,COMPANY_PHONE,COMPANY_EMAIL,AD_CONTENT,POST_YN,REFUND_YN,PAY_DATE_2ND,PICTURE_CODE,PAY_DATE_1ST,USER_CODE,AD_TYPE_CODE,AD_TITLE,PAY_METHOD,DECISION_CODE,CANCEL_APPLY_DATE,POST_START_DATE,POST_END_DATE,STATE_CODE,LEADER_NAME,COMPANY_LOCATION,INDUSTRY,INDUSTRY_DETAIL,PAY_DATE,PAY_NEW_STATUS) values (71,'d',to_date('21/07/02','RR/MM/DD'),'d','d','dd','<p>dfdfd<img src="/petpal/resources/uploadFiles/2965059fb7374d3ca9ebe89166efa313.PNG" style="width: 328px;"></p>','Y','N',null,95,to_date('21/07/03','RR/MM/DD'),27,1,'fdf',null,169,null,to_date('21/07/03','RR/MM/DD'),to_date('21/07/11','RR/MM/DD'),2,'d','d','d','d',to_date('21/07/11','RR/MM/DD'),'납부전');
Insert into FINAL_503_TEAM_PETPAL.AD_APPLY_TABLE (AD_CODE,COMPANY_NAME,APPLY_DATE,COMPANY_NUMBER,COMPANY_PHONE,COMPANY_EMAIL,AD_CONTENT,POST_YN,REFUND_YN,PAY_DATE_2ND,PICTURE_CODE,PAY_DATE_1ST,USER_CODE,AD_TYPE_CODE,AD_TITLE,PAY_METHOD,DECISION_CODE,CANCEL_APPLY_DATE,POST_START_DATE,POST_END_DATE,STATE_CODE,LEADER_NAME,COMPANY_LOCATION,INDUSTRY,INDUSTRY_DETAIL,PAY_DATE,PAY_NEW_STATUS) values (72,'(주)나라월드',to_date('21/07/02','RR/MM/DD'),'k','f','f','<p>마지마가가가각ㄱ가가각<img src="/petpal/resources/uploadFiles/06edb05102934e70b2d1fe7b9417d365.PNG" style="width: 326px;"></p>','Y','N',null,96,to_date('21/07/02','RR/MM/DD'),27,1,'제발 마지막시도길,,',null,171,null,to_date('21/07/03','RR/MM/DD'),to_date('21/07/07','RR/MM/DD'),2,'d','d','f','f',to_date('21/07/07','RR/MM/DD'),'납부전');
Insert into FINAL_503_TEAM_PETPAL.AD_APPLY_TABLE (AD_CODE,COMPANY_NAME,APPLY_DATE,COMPANY_NUMBER,COMPANY_PHONE,COMPANY_EMAIL,AD_CONTENT,POST_YN,REFUND_YN,PAY_DATE_2ND,PICTURE_CODE,PAY_DATE_1ST,USER_CODE,AD_TYPE_CODE,AD_TITLE,PAY_METHOD,DECISION_CODE,CANCEL_APPLY_DATE,POST_START_DATE,POST_END_DATE,STATE_CODE,LEADER_NAME,COMPANY_LOCATION,INDUSTRY,INDUSTRY_DETAIL,PAY_DATE,PAY_NEW_STATUS) values (73,'반려플레이스',to_date('21/07/02','RR/MM/DD'),'s','dfsdf','sfd','<p>진짜ㅏㅏㅏ아ㅏ앙<img src="/petpal/resources/uploadFiles/d30fb13e253440f1bfb5fece61bb0e12.PNG" style="width: 326px;"></p>','Y','N',null,97,to_date('21/07/02','RR/MM/DD'),27,2,'반려견에게 최고의 장소!',null,173,null,to_date('21/07/03','RR/MM/DD'),to_date('21/07/17','RR/MM/DD'),2,'fd','dfs','sf','sfdds',to_date('21/07/17','RR/MM/DD'),'납부전');
Insert into FINAL_503_TEAM_PETPAL.AD_APPLY_TABLE (AD_CODE,COMPANY_NAME,APPLY_DATE,COMPANY_NUMBER,COMPANY_PHONE,COMPANY_EMAIL,AD_CONTENT,POST_YN,REFUND_YN,PAY_DATE_2ND,PICTURE_CODE,PAY_DATE_1ST,USER_CODE,AD_TYPE_CODE,AD_TITLE,PAY_METHOD,DECISION_CODE,CANCEL_APPLY_DATE,POST_START_DATE,POST_END_DATE,STATE_CODE,LEADER_NAME,COMPANY_LOCATION,INDUSTRY,INDUSTRY_DETAIL,PAY_DATE,PAY_NEW_STATUS) values (76,'(주)나라월드',to_date('21/07/03','RR/MM/DD'),'111-2344-8757','010-333-4444','email@gmail.com','<p>왜이러는거야,,,,<img src="/petpal/resources/uploadFiles/9d47a51c12fe4bff934afd3693d1d18d.PNG" style="width: 328px;"></p>','Y','Y',null,102,to_date('21/07/09','RR/MM/DD'),27,1,'갑자기 왜이래',null,321,to_date('21/07/09','RR/MM/DD'),to_date('21/07/10','RR/MM/DD'),to_date('21/07/17','RR/MM/DD'),4,'나는 대표자','서울시 강남구','소매업','전자상거래',to_date('21/07/09','RR/MM/DD'),'환불');
Insert into FINAL_503_TEAM_PETPAL.AD_APPLY_TABLE (AD_CODE,COMPANY_NAME,APPLY_DATE,COMPANY_NUMBER,COMPANY_PHONE,COMPANY_EMAIL,AD_CONTENT,POST_YN,REFUND_YN,PAY_DATE_2ND,PICTURE_CODE,PAY_DATE_1ST,USER_CODE,AD_TYPE_CODE,AD_TITLE,PAY_METHOD,DECISION_CODE,CANCEL_APPLY_DATE,POST_START_DATE,POST_END_DATE,STATE_CODE,LEADER_NAME,COMPANY_LOCATION,INDUSTRY,INDUSTRY_DETAIL,PAY_DATE,PAY_NEW_STATUS) values (87,'캣타워 천국',to_date('21/07/11','RR/MM/DD'),'ㄹ','ㄹ','ㄹ','<p>ㅇㅇ<img src="/petpal/resources/uploadFiles/4025bc96bef24aca8a3953f250095abb.PNG" style="width: 384px;"></p>','Y','N',null,170,to_date('21/07/11','RR/MM/DD'),27,3,'ㅇ',null,413,null,to_date('21/07/12','RR/MM/DD'),to_date('21/07/26','RR/MM/DD'),2,'ㄹ','ㄹ','ㄹ','ㄹ',to_date('21/07/26','RR/MM/DD'),'납부전');
Insert into FINAL_503_TEAM_PETPAL.AD_APPLY_TABLE (AD_CODE,COMPANY_NAME,APPLY_DATE,COMPANY_NUMBER,COMPANY_PHONE,COMPANY_EMAIL,AD_CONTENT,POST_YN,REFUND_YN,PAY_DATE_2ND,PICTURE_CODE,PAY_DATE_1ST,USER_CODE,AD_TYPE_CODE,AD_TITLE,PAY_METHOD,DECISION_CODE,CANCEL_APPLY_DATE,POST_START_DATE,POST_END_DATE,STATE_CODE,LEADER_NAME,COMPANY_LOCATION,INDUSTRY,INDUSTRY_DETAIL,PAY_DATE,PAY_NEW_STATUS) values (78,'(주)참치월드',to_date('21/07/07','RR/MM/DD'),'111-222-3333','070-0000-0000','email@gmail.com','<p>참치 먹고싶어욤</p><p><img src="/petpal/resources/uploadFiles/02e13804717d4f3c907a8cf983ea73a1.PNG" style="width: 384px;"><br></p>','N','N',null,131,null,27,1,'돌아온 참치월드',null,233,null,null,null,2,'나는 대표자','서울시 강남구','소매업','전자상거래',to_date('21/07/07','RR/MM/DD'),'납부초과');
Insert into FINAL_503_TEAM_PETPAL.AD_APPLY_TABLE (AD_CODE,COMPANY_NAME,APPLY_DATE,COMPANY_NUMBER,COMPANY_PHONE,COMPANY_EMAIL,AD_CONTENT,POST_YN,REFUND_YN,PAY_DATE_2ND,PICTURE_CODE,PAY_DATE_1ST,USER_CODE,AD_TYPE_CODE,AD_TITLE,PAY_METHOD,DECISION_CODE,CANCEL_APPLY_DATE,POST_START_DATE,POST_END_DATE,STATE_CODE,LEADER_NAME,COMPANY_LOCATION,INDUSTRY,INDUSTRY_DETAIL,PAY_DATE,PAY_NEW_STATUS) values (79,'광광고고',to_date('21/07/08','RR/MM/DD'),'1212-2323-3434','010-333-4444','사업자 이메일','<p>광고<img src="/petpal/resources/uploadFiles/154f75fb32b24629885cc9d76a8a315b.PNG" style="width: 327px;"></p>','N','N',null,140,null,27,2,'광광고고',null,293,null,null,null,3,'김광고','서울','ㅇㅇ','ㅇㅇ',null,null);
Insert into FINAL_503_TEAM_PETPAL.AD_APPLY_TABLE (AD_CODE,COMPANY_NAME,APPLY_DATE,COMPANY_NUMBER,COMPANY_PHONE,COMPANY_EMAIL,AD_CONTENT,POST_YN,REFUND_YN,PAY_DATE_2ND,PICTURE_CODE,PAY_DATE_1ST,USER_CODE,AD_TYPE_CODE,AD_TITLE,PAY_METHOD,DECISION_CODE,CANCEL_APPLY_DATE,POST_START_DATE,POST_END_DATE,STATE_CODE,LEADER_NAME,COMPANY_LOCATION,INDUSTRY,INDUSTRY_DETAIL,PAY_DATE,PAY_NEW_STATUS) values (88,'반려인 핫플',to_date('21/07/11','RR/MM/DD'),'ㄹ','ㅇㄹ','ㄴㄷ','<p><img src="/petpal/resources/uploadFiles/b8ff1f8779be4db7b3ecdf3267e13799.PNG" style="width: 529px;"><br></p>','N','N',null,171,null,27,3,'ㄹㄴㅇㄹ',null,414,null,null,null,2,'ㅇㅇ','ㄴ','ㅁㄹ','ㄷㄹ',to_date('21/07/11','RR/MM/DD'),'납부전');
Insert into FINAL_503_TEAM_PETPAL.AD_APPLY_TABLE (AD_CODE,COMPANY_NAME,APPLY_DATE,COMPANY_NUMBER,COMPANY_PHONE,COMPANY_EMAIL,AD_CONTENT,POST_YN,REFUND_YN,PAY_DATE_2ND,PICTURE_CODE,PAY_DATE_1ST,USER_CODE,AD_TYPE_CODE,AD_TITLE,PAY_METHOD,DECISION_CODE,CANCEL_APPLY_DATE,POST_START_DATE,POST_END_DATE,STATE_CODE,LEADER_NAME,COMPANY_LOCATION,INDUSTRY,INDUSTRY_DETAIL,PAY_DATE,PAY_NEW_STATUS) values (81,'해인회사',to_date('21/07/09','RR/MM/DD'),'112-123-45687','010-4545-2858','kimseein@naver.com','<p>강아지한테 너무 좋아요!<img src="/petpal/resources/uploadFiles/9fc7b8d41d6a47b182ce81b9e991af14.jpg" style="width: 500px;"></p>','Y','N',null,153,to_date('21/07/09','RR/MM/DD'),42,2,'강아지에게 그렇게 좋은 장난감',null,319,null,to_date('21/07/09','RR/MM/DD'),to_date('21/07/17','RR/MM/DD'),2,'김해인','서울특별시 서초구','서비스업','반려동물 서비스업',to_date('21/07/17','RR/MM/DD'),'납부전');
Insert into FINAL_503_TEAM_PETPAL.AD_APPLY_TABLE (AD_CODE,COMPANY_NAME,APPLY_DATE,COMPANY_NUMBER,COMPANY_PHONE,COMPANY_EMAIL,AD_CONTENT,POST_YN,REFUND_YN,PAY_DATE_2ND,PICTURE_CODE,PAY_DATE_1ST,USER_CODE,AD_TYPE_CODE,AD_TITLE,PAY_METHOD,DECISION_CODE,CANCEL_APPLY_DATE,POST_START_DATE,POST_END_DATE,STATE_CODE,LEADER_NAME,COMPANY_LOCATION,INDUSTRY,INDUSTRY_DETAIL,PAY_DATE,PAY_NEW_STATUS) values (82,'해인회사',to_date('21/07/09','RR/MM/DD'),'111-112-15234','010-4587-1564','kimseein@naver.com','<p>취소<img src="/petpal/resources/uploadFiles/6a29355e2d0044049039f66ebf585430.jpg" style="width: 500px;"></p>','N','N',null,154,null,42,2,'고양이 어항 장난감',null,320,null,null,null,2,'김해인','서울시','서비스업','서비스업 반려동물',to_date('21/07/09','RR/MM/DD'),'납부초과');
Insert into FINAL_503_TEAM_PETPAL.AD_APPLY_TABLE (AD_CODE,COMPANY_NAME,APPLY_DATE,COMPANY_NUMBER,COMPANY_PHONE,COMPANY_EMAIL,AD_CONTENT,POST_YN,REFUND_YN,PAY_DATE_2ND,PICTURE_CODE,PAY_DATE_1ST,USER_CODE,AD_TYPE_CODE,AD_TITLE,PAY_METHOD,DECISION_CODE,CANCEL_APPLY_DATE,POST_START_DATE,POST_END_DATE,STATE_CODE,LEADER_NAME,COMPANY_LOCATION,INDUSTRY,INDUSTRY_DETAIL,PAY_DATE,PAY_NEW_STATUS) values (86,'사료맛집',to_date('21/07/11','RR/MM/DD'),'ㅇ','ㅇ','ㅇ','<p>ㅇㅇㅇ<img src="/petpal/resources/uploadFiles/7f94eb29f2ca43f28fe7c1e7bd10c5d4.PNG" style="width: 326px;"></p>','N','N',null,169,null,27,3,'ㅇㅇ',null,null,null,null,null,1,'ㅇ','ㅇ','ㅇ','ㅇ',null,null);
Insert into FINAL_503_TEAM_PETPAL.AD_APPLY_TABLE (AD_CODE,COMPANY_NAME,APPLY_DATE,COMPANY_NUMBER,COMPANY_PHONE,COMPANY_EMAIL,AD_CONTENT,POST_YN,REFUND_YN,PAY_DATE_2ND,PICTURE_CODE,PAY_DATE_1ST,USER_CODE,AD_TYPE_CODE,AD_TITLE,PAY_METHOD,DECISION_CODE,CANCEL_APPLY_DATE,POST_START_DATE,POST_END_DATE,STATE_CODE,LEADER_NAME,COMPANY_LOCATION,INDUSTRY,INDUSTRY_DETAIL,PAY_DATE,PAY_NEW_STATUS) values (84,'해인회사',to_date('21/07/10','RR/MM/DD'),'123-121-38943','010-4950-3902','kimseein@naver.com','<p>고양이 전용 어항이 나왔습니다. 고양이들이 움직이는 로봇 물고기들을 보며 놀 수 있어요!<img src="/petpal/resources/uploadFiles/14ec81e81b9d478bb8ba69719c119662.PNG" style="width: 612.995px;"></p>','Y','N',null,162,to_date('21/07/10','RR/MM/DD'),48,4,'고양이를 위한 전용 어항',null,373,null,to_date('21/07/11','RR/MM/DD'),to_date('21/07/25','RR/MM/DD'),2,'김해인','서울특별시 서초구','서비스업','반려동물 서비스업',to_date('21/07/25','RR/MM/DD'),'납부전');
Insert into FINAL_503_TEAM_PETPAL.AD_APPLY_TABLE (AD_CODE,COMPANY_NAME,APPLY_DATE,COMPANY_NUMBER,COMPANY_PHONE,COMPANY_EMAIL,AD_CONTENT,POST_YN,REFUND_YN,PAY_DATE_2ND,PICTURE_CODE,PAY_DATE_1ST,USER_CODE,AD_TYPE_CODE,AD_TITLE,PAY_METHOD,DECISION_CODE,CANCEL_APPLY_DATE,POST_START_DATE,POST_END_DATE,STATE_CODE,LEADER_NAME,COMPANY_LOCATION,INDUSTRY,INDUSTRY_DETAIL,PAY_DATE,PAY_NEW_STATUS) values (85,'해인회사',to_date('21/07/10','RR/MM/DD'),'103-948-38947','010-4950-9384','kimseein@naver.com','<p style="text-align: center; "><font color="#4a7b8c" style="background-color: rgb(255, 255, 0);">넓은 마당에서 반려동물이 마음껏 뛰놀 수 있는</font> 카페<font color="#ffffff"> <b style="background-color: rgb(156, 0, 255);">''하나개Farm''</b></font> 입니다.</p><p style="text-align: center; ">카페 음식도 정말 맛있어요!</p><p style="text-align: center; ">한번 방문해보시면 좋을 듯~! ^^</p><p style="text-align: center; "><img src="/petpal/resources/uploadFiles/e92a7dcef61e4c53a4ba08ca919e77e4.jpg" style="width: 50%;"><br></p><p style="text-align: center; "><img src="/petpal/resources/uploadFiles/76ff1f413a8540d3b1f0c1e87869b4d5.PNG" style="width: 50%;"><b><span style="font-family: br;Arial Blackbr;;"><font color="#ff0000"><br></font></span></b></p><p style="text-align: center; "><b><span style="font-family: br;Arial Blackbr;;"><font color="#ff0000">하나개Farm</font></span></b></p><p style="text-align: center; ">주소 : 인천광역시 중구 하나개로157(무의동)</p><p style="text-align: center; ">전화번호 : 032-752-4324</p><p style="text-align: center; ">영업시간 : 09:00 ~ 22:00 (코로나 4단계 조치로 인해 오후 9시 30분까지 마지막 주문 받습니다)</p><p style="text-align: center; ">연중무휴</p><p style="text-align: center; ">공영주차장 이용</p><p style="text-align: center; ">카페 내 화장실</p><p><br></p><p><br></p>','N','N',null,163,null,48,2,'반려동물이 입장 가능한 카페!',null,null,null,null,null,1,'김해인','서울특별시 서초구 서초중앙로 100','서비스업','반려동물 서비스업',null,null);
Insert into FINAL_503_TEAM_PETPAL.AD_APPLY_TABLE (AD_CODE,COMPANY_NAME,APPLY_DATE,COMPANY_NUMBER,COMPANY_PHONE,COMPANY_EMAIL,AD_CONTENT,POST_YN,REFUND_YN,PAY_DATE_2ND,PICTURE_CODE,PAY_DATE_1ST,USER_CODE,AD_TYPE_CODE,AD_TITLE,PAY_METHOD,DECISION_CODE,CANCEL_APPLY_DATE,POST_START_DATE,POST_END_DATE,STATE_CODE,LEADER_NAME,COMPANY_LOCATION,INDUSTRY,INDUSTRY_DETAIL,PAY_DATE,PAY_NEW_STATUS) values (89,'UCWORLD',to_date('21/07/12','RR/MM/DD'),'123-1234-52346','02-123-1234','test@test.com','<p>잠만보~~~~~~~~~~~~~~~~~<img style="width: 1140.09px;" src="/petpal/resources/uploadFiles/aa64a439f1f644c6bacdd458aa30b19e.jpg"></p>','Y','N',null,176,to_date('21/07/12','RR/MM/DD'),49,2,'잠만보를 찾습니다',null,433,null,to_date('21/07/13','RR/MM/DD'),to_date('21/07/20','RR/MM/DD'),2,'유승제','서울시 강남구','서비스','광고',to_date('21/07/20','RR/MM/DD'),'납부전');
REM INSERTING into FINAL_503_TEAM_PETPAL.AD_CLICK_COUNT
SET DEFINE OFF;
Insert into FINAL_503_TEAM_PETPAL.AD_CLICK_COUNT (CLICK_DATE,USER_CODE,AD_CODE) values (to_date('21/06/22','RR/MM/DD'),1,4);
Insert into FINAL_503_TEAM_PETPAL.AD_CLICK_COUNT (CLICK_DATE,USER_CODE,AD_CODE) values (to_date('21/06/22','RR/MM/DD'),2,5);
Insert into FINAL_503_TEAM_PETPAL.AD_CLICK_COUNT (CLICK_DATE,USER_CODE,AD_CODE) values (to_date('21/06/22','RR/MM/DD'),3,6);
Insert into FINAL_503_TEAM_PETPAL.AD_CLICK_COUNT (CLICK_DATE,USER_CODE,AD_CODE) values (to_date('21/06/28','RR/MM/DD'),2,10);
Insert into FINAL_503_TEAM_PETPAL.AD_CLICK_COUNT (CLICK_DATE,USER_CODE,AD_CODE) values (to_date('21/06/28','RR/MM/DD'),2,11);
Insert into FINAL_503_TEAM_PETPAL.AD_CLICK_COUNT (CLICK_DATE,USER_CODE,AD_CODE) values (to_date('21/06/29','RR/MM/DD'),2,11);
Insert into FINAL_503_TEAM_PETPAL.AD_CLICK_COUNT (CLICK_DATE,USER_CODE,AD_CODE) values (to_date('21/06/29','RR/MM/DD'),2,37);
Insert into FINAL_503_TEAM_PETPAL.AD_CLICK_COUNT (CLICK_DATE,USER_CODE,AD_CODE) values (to_date('21/06/30','RR/MM/DD'),2,37);
Insert into FINAL_503_TEAM_PETPAL.AD_CLICK_COUNT (CLICK_DATE,USER_CODE,AD_CODE) values (to_date('21/07/01','RR/MM/DD'),2,37);
Insert into FINAL_503_TEAM_PETPAL.AD_CLICK_COUNT (CLICK_DATE,USER_CODE,AD_CODE) values (to_date('21/07/02','RR/MM/DD'),2,35);
Insert into FINAL_503_TEAM_PETPAL.AD_CLICK_COUNT (CLICK_DATE,USER_CODE,AD_CODE) values (to_date('21/07/02','RR/MM/DD'),2,35);
Insert into FINAL_503_TEAM_PETPAL.AD_CLICK_COUNT (CLICK_DATE,USER_CODE,AD_CODE) values (to_date('21/07/02','RR/MM/DD'),2,59);
Insert into FINAL_503_TEAM_PETPAL.AD_CLICK_COUNT (CLICK_DATE,USER_CODE,AD_CODE) values (to_date('21/07/03','RR/MM/DD'),1,70);
Insert into FINAL_503_TEAM_PETPAL.AD_CLICK_COUNT (CLICK_DATE,USER_CODE,AD_CODE) values (to_date('21/07/08','RR/MM/DD'),1,78);
Insert into FINAL_503_TEAM_PETPAL.AD_CLICK_COUNT (CLICK_DATE,USER_CODE,AD_CODE) values (to_date('21/07/08','RR/MM/DD'),17,36);
Insert into FINAL_503_TEAM_PETPAL.AD_CLICK_COUNT (CLICK_DATE,USER_CODE,AD_CODE) values (to_date('21/07/09','RR/MM/DD'),17,72);
Insert into FINAL_503_TEAM_PETPAL.AD_CLICK_COUNT (CLICK_DATE,USER_CODE,AD_CODE) values (to_date('21/07/09','RR/MM/DD'),17,78);
Insert into FINAL_503_TEAM_PETPAL.AD_CLICK_COUNT (CLICK_DATE,USER_CODE,AD_CODE) values (to_date('21/07/09','RR/MM/DD'),17,76);
Insert into FINAL_503_TEAM_PETPAL.AD_CLICK_COUNT (CLICK_DATE,USER_CODE,AD_CODE) values (to_date('21/07/09','RR/MM/DD'),17,76);
Insert into FINAL_503_TEAM_PETPAL.AD_CLICK_COUNT (CLICK_DATE,USER_CODE,AD_CODE) values (to_date('21/07/09','RR/MM/DD'),17,71);
Insert into FINAL_503_TEAM_PETPAL.AD_CLICK_COUNT (CLICK_DATE,USER_CODE,AD_CODE) values (to_date('21/07/09','RR/MM/DD'),17,37);
Insert into FINAL_503_TEAM_PETPAL.AD_CLICK_COUNT (CLICK_DATE,USER_CODE,AD_CODE) values (to_date('21/07/09','RR/MM/DD'),17,36);
Insert into FINAL_503_TEAM_PETPAL.AD_CLICK_COUNT (CLICK_DATE,USER_CODE,AD_CODE) values (to_date('21/07/09','RR/MM/DD'),17,6);
Insert into FINAL_503_TEAM_PETPAL.AD_CLICK_COUNT (CLICK_DATE,USER_CODE,AD_CODE) values (to_date('21/07/09','RR/MM/DD'),17,41);
Insert into FINAL_503_TEAM_PETPAL.AD_CLICK_COUNT (CLICK_DATE,USER_CODE,AD_CODE) values (to_date('21/07/09','RR/MM/DD'),17,36);
Insert into FINAL_503_TEAM_PETPAL.AD_CLICK_COUNT (CLICK_DATE,USER_CODE,AD_CODE) values (to_date('21/07/09','RR/MM/DD'),17,71);
Insert into FINAL_503_TEAM_PETPAL.AD_CLICK_COUNT (CLICK_DATE,USER_CODE,AD_CODE) values (to_date('21/07/09','RR/MM/DD'),17,76);
Insert into FINAL_503_TEAM_PETPAL.AD_CLICK_COUNT (CLICK_DATE,USER_CODE,AD_CODE) values (to_date('21/07/09','RR/MM/DD'),17,78);
Insert into FINAL_503_TEAM_PETPAL.AD_CLICK_COUNT (CLICK_DATE,USER_CODE,AD_CODE) values (to_date('21/07/09','RR/MM/DD'),42,35);
Insert into FINAL_503_TEAM_PETPAL.AD_CLICK_COUNT (CLICK_DATE,USER_CODE,AD_CODE) values (to_date('21/07/09','RR/MM/DD'),17,37);
Insert into FINAL_503_TEAM_PETPAL.AD_CLICK_COUNT (CLICK_DATE,USER_CODE,AD_CODE) values (to_date('21/07/10','RR/MM/DD'),null,73);
Insert into FINAL_503_TEAM_PETPAL.AD_CLICK_COUNT (CLICK_DATE,USER_CODE,AD_CODE) values (to_date('21/07/10','RR/MM/DD'),null,35);
Insert into FINAL_503_TEAM_PETPAL.AD_CLICK_COUNT (CLICK_DATE,USER_CODE,AD_CODE) values (to_date('21/07/10','RR/MM/DD'),null,71);
Insert into FINAL_503_TEAM_PETPAL.AD_CLICK_COUNT (CLICK_DATE,USER_CODE,AD_CODE) values (to_date('21/07/10','RR/MM/DD'),null,71);
Insert into FINAL_503_TEAM_PETPAL.AD_CLICK_COUNT (CLICK_DATE,USER_CODE,AD_CODE) values (to_date('21/07/09','RR/MM/DD'),17,6);
Insert into FINAL_503_TEAM_PETPAL.AD_CLICK_COUNT (CLICK_DATE,USER_CODE,AD_CODE) values (to_date('21/07/09','RR/MM/DD'),17,38);
Insert into FINAL_503_TEAM_PETPAL.AD_CLICK_COUNT (CLICK_DATE,USER_CODE,AD_CODE) values (to_date('21/07/09','RR/MM/DD'),42,36);
Insert into FINAL_503_TEAM_PETPAL.AD_CLICK_COUNT (CLICK_DATE,USER_CODE,AD_CODE) values (to_date('21/07/10','RR/MM/DD'),null,37);
Insert into FINAL_503_TEAM_PETPAL.AD_CLICK_COUNT (CLICK_DATE,USER_CODE,AD_CODE) values (to_date('21/07/10','RR/MM/DD'),null,35);
Insert into FINAL_503_TEAM_PETPAL.AD_CLICK_COUNT (CLICK_DATE,USER_CODE,AD_CODE) values (to_date('21/07/10','RR/MM/DD'),null,73);
Insert into FINAL_503_TEAM_PETPAL.AD_CLICK_COUNT (CLICK_DATE,USER_CODE,AD_CODE) values (to_date('21/07/10','RR/MM/DD'),null,71);
Insert into FINAL_503_TEAM_PETPAL.AD_CLICK_COUNT (CLICK_DATE,USER_CODE,AD_CODE) values (to_date('21/07/10','RR/MM/DD'),27,35);
Insert into FINAL_503_TEAM_PETPAL.AD_CLICK_COUNT (CLICK_DATE,USER_CODE,AD_CODE) values (to_date('21/07/10','RR/MM/DD'),27,71);
Insert into FINAL_503_TEAM_PETPAL.AD_CLICK_COUNT (CLICK_DATE,USER_CODE,AD_CODE) values (to_date('21/07/10','RR/MM/DD'),27,73);
Insert into FINAL_503_TEAM_PETPAL.AD_CLICK_COUNT (CLICK_DATE,USER_CODE,AD_CODE) values (to_date('21/07/11','RR/MM/DD'),28,73);
Insert into FINAL_503_TEAM_PETPAL.AD_CLICK_COUNT (CLICK_DATE,USER_CODE,AD_CODE) values (to_date('21/07/12','RR/MM/DD'),null,87);
Insert into FINAL_503_TEAM_PETPAL.AD_CLICK_COUNT (CLICK_DATE,USER_CODE,AD_CODE) values (to_date('21/07/12','RR/MM/DD'),null,87);
Insert into FINAL_503_TEAM_PETPAL.AD_CLICK_COUNT (CLICK_DATE,USER_CODE,AD_CODE) values (to_date('21/07/12','RR/MM/DD'),null,37);
Insert into FINAL_503_TEAM_PETPAL.AD_CLICK_COUNT (CLICK_DATE,USER_CODE,AD_CODE) values (to_date('21/07/12','RR/MM/DD'),null,35);
Insert into FINAL_503_TEAM_PETPAL.AD_CLICK_COUNT (CLICK_DATE,USER_CODE,AD_CODE) values (to_date('21/07/12','RR/MM/DD'),49,84);
Insert into FINAL_503_TEAM_PETPAL.AD_CLICK_COUNT (CLICK_DATE,USER_CODE,AD_CODE) values (to_date('21/07/13','RR/MM/DD'),null,87);
Insert into FINAL_503_TEAM_PETPAL.AD_CLICK_COUNT (CLICK_DATE,USER_CODE,AD_CODE) values (to_date('21/07/13','RR/MM/DD'),null,35);
Insert into FINAL_503_TEAM_PETPAL.AD_CLICK_COUNT (CLICK_DATE,USER_CODE,AD_CODE) values (to_date('21/07/13','RR/MM/DD'),17,35);
REM INSERTING into FINAL_503_TEAM_PETPAL.AD_MANAGE_TABLE
SET DEFINE OFF;
Insert into FINAL_503_TEAM_PETPAL.AD_MANAGE_TABLE (AD_TYPE_CODE,AD_TYPE_NAME,AD_PRICE,AD_WEEK) values (1,'그 외',200000,1);
Insert into FINAL_503_TEAM_PETPAL.AD_MANAGE_TABLE (AD_TYPE_CODE,AD_TYPE_NAME,AD_PRICE,AD_WEEK) values (2,'장소',100000,1);
Insert into FINAL_503_TEAM_PETPAL.AD_MANAGE_TABLE (AD_TYPE_CODE,AD_TYPE_NAME,AD_PRICE,AD_WEEK) values (3,'그 외',350000,2);
Insert into FINAL_503_TEAM_PETPAL.AD_MANAGE_TABLE (AD_TYPE_CODE,AD_TYPE_NAME,AD_PRICE,AD_WEEK) values (4,'장소',250000,2);
REM INSERTING into FINAL_503_TEAM_PETPAL.DECISION_TABLE
SET DEFINE OFF;
Insert into FINAL_503_TEAM_PETPAL.DECISION_TABLE (DECISION_CODE,DECISION_REASON,DECISION_DATE,STATE_CODE,USER_CODE) values (1,'승인됨 ㅇㅇ ',null,2,8);
Insert into FINAL_503_TEAM_PETPAL.DECISION_TABLE (DECISION_CODE,DECISION_REASON,DECISION_DATE,STATE_CODE,USER_CODE) values (10,'이용약관 위배로인하여 삭제되었습니다.',to_date('21/06/21','RR/MM/DD'),1,8);
Insert into FINAL_503_TEAM_PETPAL.DECISION_TABLE (DECISION_CODE,DECISION_REASON,DECISION_DATE,STATE_CODE,USER_CODE) values (11,'이용약관 위배사항이 없습니다.',to_date('21/06/21','RR/MM/DD'),1,8);
Insert into FINAL_503_TEAM_PETPAL.DECISION_TABLE (DECISION_CODE,DECISION_REASON,DECISION_DATE,STATE_CODE,USER_CODE) values (12,'적합한 광고입니다.',to_date('21/06/26','RR/MM/DD'),2,6);
Insert into FINAL_503_TEAM_PETPAL.DECISION_TABLE (DECISION_CODE,DECISION_REASON,DECISION_DATE,STATE_CODE,USER_CODE) values (18,'조사 결과 안전 인증이 허위이기 때문에 광고를 거절합니다.',to_date('21/06/27','RR/MM/DD'),3,7);
Insert into FINAL_503_TEAM_PETPAL.DECISION_TABLE (DECISION_CODE,DECISION_REASON,DECISION_DATE,STATE_CODE,USER_CODE) values (14,'거절합니다',to_date('21/06/26','RR/MM/DD'),3,7);
Insert into FINAL_503_TEAM_PETPAL.DECISION_TABLE (DECISION_CODE,DECISION_REASON,DECISION_DATE,STATE_CODE,USER_CODE) values (15,'승인한다',to_date('21/06/26','RR/MM/DD'),2,7);
Insert into FINAL_503_TEAM_PETPAL.DECISION_TABLE (DECISION_CODE,DECISION_REASON,DECISION_DATE,STATE_CODE,USER_CODE) values (16,'적합한 광고임1',to_date('21/06/26','RR/MM/DD'),2,7);
Insert into FINAL_503_TEAM_PETPAL.DECISION_TABLE (DECISION_CODE,DECISION_REASON,DECISION_DATE,STATE_CODE,USER_CODE) values (17,'괜찮은 광고입니다-2',to_date('21/06/26','RR/MM/DD'),2,7);
Insert into FINAL_503_TEAM_PETPAL.DECISION_TABLE (DECISION_CODE,DECISION_REASON,DECISION_DATE,STATE_CODE,USER_CODE) values (19,'광고 내용이 부적합합니다.',to_date('21/06/27','RR/MM/DD'),3,7);
Insert into FINAL_503_TEAM_PETPAL.DECISION_TABLE (DECISION_CODE,DECISION_REASON,DECISION_DATE,STATE_CODE,USER_CODE) values (20,'광고 내용이 부적합합니다.',to_date('21/06/27','RR/MM/DD'),3,7);
Insert into FINAL_503_TEAM_PETPAL.DECISION_TABLE (DECISION_CODE,DECISION_REASON,DECISION_DATE,STATE_CODE,USER_CODE) values (21,'광고 내용이 적합하여 승인합니다.',to_date('21/06/27','RR/MM/DD'),2,7);
Insert into FINAL_503_TEAM_PETPAL.DECISION_TABLE (DECISION_CODE,DECISION_REASON,DECISION_DATE,STATE_CODE,USER_CODE) values (22,'광고 내용이 적합하여 승인합니다.',to_date('21/06/27','RR/MM/DD'),2,7);
Insert into FINAL_503_TEAM_PETPAL.DECISION_TABLE (DECISION_CODE,DECISION_REASON,DECISION_DATE,STATE_CODE,USER_CODE) values (23,'광고 내용이 검토 결과 부적합하여 반려합니다.',to_date('21/06/27','RR/MM/DD'),3,7);
Insert into FINAL_503_TEAM_PETPAL.DECISION_TABLE (DECISION_CODE,DECISION_REASON,DECISION_DATE,STATE_CODE,USER_CODE) values (24,'광고 내용이 검토 결과 부적합하여 반려합니다.',to_date('21/06/27','RR/MM/DD'),3,7);
Insert into FINAL_503_TEAM_PETPAL.DECISION_TABLE (DECISION_CODE,DECISION_REASON,DECISION_DATE,STATE_CODE,USER_CODE) values (33,'서브관리자에 의해 승인된 광고입니다.',to_date('21/06/29','RR/MM/DD'),2,6);
Insert into FINAL_503_TEAM_PETPAL.DECISION_TABLE (DECISION_CODE,DECISION_REASON,DECISION_DATE,STATE_CODE,USER_CODE) values (42,'서브관리자에 의해 승인된 광고입니다.',to_date('21/06/30','RR/MM/DD'),2,6);
Insert into FINAL_503_TEAM_PETPAL.DECISION_TABLE (DECISION_CODE,DECISION_REASON,DECISION_DATE,STATE_CODE,USER_CODE) values (43,'서브관리자에 의해 승인된 광고입니다.',to_date('21/06/21','RR/MM/DD'),2,6);
Insert into FINAL_503_TEAM_PETPAL.DECISION_TABLE (DECISION_CODE,DECISION_REASON,DECISION_DATE,STATE_CODE,USER_CODE) values (44,'서브관리자에 의해 승인된 광고입니다.',to_date('21/06/25','RR/MM/DD'),2,6);
Insert into FINAL_503_TEAM_PETPAL.DECISION_TABLE (DECISION_CODE,DECISION_REASON,DECISION_DATE,STATE_CODE,USER_CODE) values (45,'서브관리자에 의해 승인된 광고입니다.',to_date('21/06/19','RR/MM/DD'),2,6);
Insert into FINAL_503_TEAM_PETPAL.DECISION_TABLE (DECISION_CODE,DECISION_REASON,DECISION_DATE,STATE_CODE,USER_CODE) values (46,'서브관리자에 의해 승인된 광고입니다.',to_date('21/06/11','RR/MM/DD'),2,6);
Insert into FINAL_503_TEAM_PETPAL.DECISION_TABLE (DECISION_CODE,DECISION_REASON,DECISION_DATE,STATE_CODE,USER_CODE) values (47,'서브관리자에 의해 승인된 광고입니다.',to_date('21/06/12','RR/MM/DD'),2,6);
Insert into FINAL_503_TEAM_PETPAL.DECISION_TABLE (DECISION_CODE,DECISION_REASON,DECISION_DATE,STATE_CODE,USER_CODE) values (48,'서브관리자에 의해 승인된 광고입니다.',to_date('21/06/12','RR/MM/DD'),2,6);
Insert into FINAL_503_TEAM_PETPAL.DECISION_TABLE (DECISION_CODE,DECISION_REASON,DECISION_DATE,STATE_CODE,USER_CODE) values (49,'서브관리자에 의해 승인된 광고입니다.',to_date('21/06/12','RR/MM/DD'),2,6);
Insert into FINAL_503_TEAM_PETPAL.DECISION_TABLE (DECISION_CODE,DECISION_REASON,DECISION_DATE,STATE_CODE,USER_CODE) values (50,'광고 내용이 적절하지 않아 반려합니다.',to_date('21/06/30','RR/MM/DD'),3,7);
Insert into FINAL_503_TEAM_PETPAL.DECISION_TABLE (DECISION_CODE,DECISION_REASON,DECISION_DATE,STATE_CODE,USER_CODE) values (51,'광고 내용이 적절하지 않아 반려합니다.',to_date('21/06/30','RR/MM/DD'),3,7);
Insert into FINAL_503_TEAM_PETPAL.DECISION_TABLE (DECISION_CODE,DECISION_REASON,DECISION_DATE,STATE_CODE,USER_CODE) values (52,'광고 내용이 적합하여 승인합니다.',to_date('21/06/30','RR/MM/DD'),2,7);
Insert into FINAL_503_TEAM_PETPAL.DECISION_TABLE (DECISION_CODE,DECISION_REASON,DECISION_DATE,STATE_CODE,USER_CODE) values (53,'광고 내용이 적합하여 승인합니다.',to_date('21/06/30','RR/MM/DD'),2,7);
Insert into FINAL_503_TEAM_PETPAL.DECISION_TABLE (DECISION_CODE,DECISION_REASON,DECISION_DATE,STATE_CODE,USER_CODE) values (54,'광고 내용이 부적절하다고 판단되어 반려합니다.',to_date('21/06/30','RR/MM/DD'),3,7);
Insert into FINAL_503_TEAM_PETPAL.DECISION_TABLE (DECISION_CODE,DECISION_REASON,DECISION_DATE,STATE_CODE,USER_CODE) values (55,'광고 내용이 부적절하다고 판단되어 반려합니다.',to_date('21/06/30','RR/MM/DD'),3,7);
Insert into FINAL_503_TEAM_PETPAL.DECISION_TABLE (DECISION_CODE,DECISION_REASON,DECISION_DATE,STATE_CODE,USER_CODE) values (56,'광고 내용이 반려동물에게 유익하여 승인합니다.',to_date('21/06/30','RR/MM/DD'),2,7);
Insert into FINAL_503_TEAM_PETPAL.DECISION_TABLE (DECISION_CODE,DECISION_REASON,DECISION_DATE,STATE_CODE,USER_CODE) values (57,'광고 내용이 반려동물에게 유익하여 승인합니다.',to_date('21/06/30','RR/MM/DD'),2,7);
Insert into FINAL_503_TEAM_PETPAL.DECISION_TABLE (DECISION_CODE,DECISION_REASON,DECISION_DATE,STATE_CODE,USER_CODE) values (58,'광고 내용이 적합하지 않아 반려함',to_date('21/06/30','RR/MM/DD'),3,7);
Insert into FINAL_503_TEAM_PETPAL.DECISION_TABLE (DECISION_CODE,DECISION_REASON,DECISION_DATE,STATE_CODE,USER_CODE) values (59,'광고 내용이 적합하지 않아 반려함',to_date('21/06/30','RR/MM/DD'),3,7);
Insert into FINAL_503_TEAM_PETPAL.DECISION_TABLE (DECISION_CODE,DECISION_REASON,DECISION_DATE,STATE_CODE,USER_CODE) values (60,'광고 내용이 반려동물에게 적합하여 광고를 승인합니다',to_date('21/06/30','RR/MM/DD'),2,7);
Insert into FINAL_503_TEAM_PETPAL.DECISION_TABLE (DECISION_CODE,DECISION_REASON,DECISION_DATE,STATE_CODE,USER_CODE) values (61,'광고 내용이 반려동물에게 적합하여 광고를 승인합니다',to_date('21/06/30','RR/MM/DD'),2,7);
Insert into FINAL_503_TEAM_PETPAL.DECISION_TABLE (DECISION_CODE,DECISION_REASON,DECISION_DATE,STATE_CODE,USER_CODE) values (62,'광고를 승인합니다.',to_date('21/06/30','RR/MM/DD'),2,7);
Insert into FINAL_503_TEAM_PETPAL.DECISION_TABLE (DECISION_CODE,DECISION_REASON,DECISION_DATE,STATE_CODE,USER_CODE) values (63,'광고를 승인합니다.',to_date('21/06/30','RR/MM/DD'),2,7);
Insert into FINAL_503_TEAM_PETPAL.DECISION_TABLE (DECISION_CODE,DECISION_REASON,DECISION_DATE,STATE_CODE,USER_CODE) values (64,'광고를 거절합니다.',to_date('21/06/30','RR/MM/DD'),3,7);
Insert into FINAL_503_TEAM_PETPAL.DECISION_TABLE (DECISION_CODE,DECISION_REASON,DECISION_DATE,STATE_CODE,USER_CODE) values (65,'광고를 거절합니다.',to_date('21/06/30','RR/MM/DD'),3,7);
Insert into FINAL_503_TEAM_PETPAL.DECISION_TABLE (DECISION_CODE,DECISION_REASON,DECISION_DATE,STATE_CODE,USER_CODE) values (66,'광고를 거절합니다.',to_date('21/06/30','RR/MM/DD'),3,7);
Insert into FINAL_503_TEAM_PETPAL.DECISION_TABLE (DECISION_CODE,DECISION_REASON,DECISION_DATE,STATE_CODE,USER_CODE) values (67,'광고를 거절합니다.',to_date('21/06/30','RR/MM/DD'),3,7);
Insert into FINAL_503_TEAM_PETPAL.DECISION_TABLE (DECISION_CODE,DECISION_REASON,DECISION_DATE,STATE_CODE,USER_CODE) values (68,'광고를 승인합니다.',to_date('21/06/30','RR/MM/DD'),2,7);
Insert into FINAL_503_TEAM_PETPAL.DECISION_TABLE (DECISION_CODE,DECISION_REASON,DECISION_DATE,STATE_CODE,USER_CODE) values (69,'광고를 승인합니다.',to_date('21/06/30','RR/MM/DD'),2,7);
Insert into FINAL_503_TEAM_PETPAL.DECISION_TABLE (DECISION_CODE,DECISION_REASON,DECISION_DATE,STATE_CODE,USER_CODE) values (70,'거절함',to_date('21/06/30','RR/MM/DD'),3,7);
Insert into FINAL_503_TEAM_PETPAL.DECISION_TABLE (DECISION_CODE,DECISION_REASON,DECISION_DATE,STATE_CODE,USER_CODE) values (71,'거절함',to_date('21/06/30','RR/MM/DD'),3,7);
Insert into FINAL_503_TEAM_PETPAL.DECISION_TABLE (DECISION_CODE,DECISION_REASON,DECISION_DATE,STATE_CODE,USER_CODE) values (72,'광고를 승인함',to_date('21/06/30','RR/MM/DD'),2,7);
Insert into FINAL_503_TEAM_PETPAL.DECISION_TABLE (DECISION_CODE,DECISION_REASON,DECISION_DATE,STATE_CODE,USER_CODE) values (73,'광고를 승인함',to_date('21/06/30','RR/MM/DD'),2,7);
Insert into FINAL_503_TEAM_PETPAL.DECISION_TABLE (DECISION_CODE,DECISION_REASON,DECISION_DATE,STATE_CODE,USER_CODE) values (74,'내용이 적합하지 않아 반려합니다.',to_date('21/06/30','RR/MM/DD'),3,7);
Insert into FINAL_503_TEAM_PETPAL.DECISION_TABLE (DECISION_CODE,DECISION_REASON,DECISION_DATE,STATE_CODE,USER_CODE) values (75,'내용이 적합하지 않아 반려합니다.',to_date('21/06/30','RR/MM/DD'),3,7);
Insert into FINAL_503_TEAM_PETPAL.DECISION_TABLE (DECISION_CODE,DECISION_REASON,DECISION_DATE,STATE_CODE,USER_CODE) values (76,'반려동물에게 쾌적한 장소이므로 승인합니다.',to_date('21/06/30','RR/MM/DD'),2,7);
Insert into FINAL_503_TEAM_PETPAL.DECISION_TABLE (DECISION_CODE,DECISION_REASON,DECISION_DATE,STATE_CODE,USER_CODE) values (77,'반려동물에게 쾌적한 장소이므로 승인합니다.',to_date('21/06/30','RR/MM/DD'),2,7);
Insert into FINAL_503_TEAM_PETPAL.DECISION_TABLE (DECISION_CODE,DECISION_REASON,DECISION_DATE,STATE_CODE,USER_CODE) values (78,'광고를 승인함',to_date('21/06/30','RR/MM/DD'),2,7);
Insert into FINAL_503_TEAM_PETPAL.DECISION_TABLE (DECISION_CODE,DECISION_REASON,DECISION_DATE,STATE_CODE,USER_CODE) values (79,'광고를 승인함',to_date('21/06/30','RR/MM/DD'),2,7);
Insert into FINAL_503_TEAM_PETPAL.DECISION_TABLE (DECISION_CODE,DECISION_REASON,DECISION_DATE,STATE_CODE,USER_CODE) values (80,'광고를 승인합니다.',to_date('21/06/30','RR/MM/DD'),2,7);
Insert into FINAL_503_TEAM_PETPAL.DECISION_TABLE (DECISION_CODE,DECISION_REASON,DECISION_DATE,STATE_CODE,USER_CODE) values (81,'광고를 승인합니다.',to_date('21/06/30','RR/MM/DD'),2,7);
Insert into FINAL_503_TEAM_PETPAL.DECISION_TABLE (DECISION_CODE,DECISION_REASON,DECISION_DATE,STATE_CODE,USER_CODE) values (82,'광고 승인',to_date('21/06/30','RR/MM/DD'),2,7);
Insert into FINAL_503_TEAM_PETPAL.DECISION_TABLE (DECISION_CODE,DECISION_REASON,DECISION_DATE,STATE_CODE,USER_CODE) values (83,'광고 승인',to_date('21/06/30','RR/MM/DD'),2,7);
Insert into FINAL_503_TEAM_PETPAL.DECISION_TABLE (DECISION_CODE,DECISION_REASON,DECISION_DATE,STATE_CODE,USER_CODE) values (84,'광고를 승인합니다.',to_date('21/06/30','RR/MM/DD'),2,7);
Insert into FINAL_503_TEAM_PETPAL.DECISION_TABLE (DECISION_CODE,DECISION_REASON,DECISION_DATE,STATE_CODE,USER_CODE) values (85,'광고를 승인합니다.',to_date('21/06/30','RR/MM/DD'),2,7);
Insert into FINAL_503_TEAM_PETPAL.DECISION_TABLE (DECISION_CODE,DECISION_REASON,DECISION_DATE,STATE_CODE,USER_CODE) values (89,'왜 안되냐',to_date('21/06/30','RR/MM/DD'),2,6);
Insert into FINAL_503_TEAM_PETPAL.DECISION_TABLE (DECISION_CODE,DECISION_REASON,DECISION_DATE,STATE_CODE,USER_CODE) values (90,'왜 안되냐',to_date('21/06/30','RR/MM/DD'),2,6);
Insert into FINAL_503_TEAM_PETPAL.DECISION_TABLE (DECISION_CODE,DECISION_REASON,DECISION_DATE,STATE_CODE,USER_CODE) values (96,'승!인!승!인!',to_date('21/06/30','RR/MM/DD'),2,28);
Insert into FINAL_503_TEAM_PETPAL.DECISION_TABLE (DECISION_CODE,DECISION_REASON,DECISION_DATE,STATE_CODE,USER_CODE) values (94,'승인하고 싶다... 제발....',to_date('21/06/30','RR/MM/DD'),2,28);
Insert into FINAL_503_TEAM_PETPAL.DECISION_TABLE (DECISION_CODE,DECISION_REASON,DECISION_DATE,STATE_CODE,USER_CODE) values (95,'승!인!승!인!',to_date('21/06/30','RR/MM/DD'),2,28);
Insert into FINAL_503_TEAM_PETPAL.DECISION_TABLE (DECISION_CODE,DECISION_REASON,DECISION_DATE,STATE_CODE,USER_CODE) values (97,'승/인/승/인',to_date('21/06/30','RR/MM/DD'),2,28);
Insert into FINAL_503_TEAM_PETPAL.DECISION_TABLE (DECISION_CODE,DECISION_REASON,DECISION_DATE,STATE_CODE,USER_CODE) values (98,'승/인/승/인',to_date('21/06/30','RR/MM/DD'),2,28);
Insert into FINAL_503_TEAM_PETPAL.DECISION_TABLE (DECISION_CODE,DECISION_REASON,DECISION_DATE,STATE_CODE,USER_CODE) values (113,'광고 내용이 적합하여 승인함',to_date('21/06/30','RR/MM/DD'),2,28);
Insert into FINAL_503_TEAM_PETPAL.DECISION_TABLE (DECISION_CODE,DECISION_REASON,DECISION_DATE,STATE_CODE,USER_CODE) values (114,'광고 내용이 적합하여 승인함',to_date('21/06/30','RR/MM/DD'),2,28);
Insert into FINAL_503_TEAM_PETPAL.DECISION_TABLE (DECISION_CODE,DECISION_REASON,DECISION_DATE,STATE_CODE,USER_CODE) values (133,'광고 내용이 적합하여 승인함!',to_date('21/07/01','RR/MM/DD'),2,28);
Insert into FINAL_503_TEAM_PETPAL.DECISION_TABLE (DECISION_CODE,DECISION_REASON,DECISION_DATE,STATE_CODE,USER_CODE) values (134,'광고 내용이 적합하여 승인함!',to_date('21/07/01','RR/MM/DD'),2,28);
Insert into FINAL_503_TEAM_PETPAL.DECISION_TABLE (DECISION_CODE,DECISION_REASON,DECISION_DATE,STATE_CODE,USER_CODE) values (135,'광고 내용이 부적합하여 거절함!',to_date('21/07/01','RR/MM/DD'),3,28);
Insert into FINAL_503_TEAM_PETPAL.DECISION_TABLE (DECISION_CODE,DECISION_REASON,DECISION_DATE,STATE_CODE,USER_CODE) values (136,'광고 내용이 부적합하여 거절함!',to_date('21/07/01','RR/MM/DD'),3,28);
Insert into FINAL_503_TEAM_PETPAL.DECISION_TABLE (DECISION_CODE,DECISION_REASON,DECISION_DATE,STATE_CODE,USER_CODE) values (153,'나라월드 광고를 승인함',to_date('21/07/02','RR/MM/DD'),2,28);
Insert into FINAL_503_TEAM_PETPAL.DECISION_TABLE (DECISION_CODE,DECISION_REASON,DECISION_DATE,STATE_CODE,USER_CODE) values (154,'나라월드 광고를 승인함',to_date('21/07/02','RR/MM/DD'),2,28);
Insert into FINAL_503_TEAM_PETPAL.DECISION_TABLE (DECISION_CODE,DECISION_REASON,DECISION_DATE,STATE_CODE,USER_CODE) values (155,'나라월드 광고를 또 승인함',to_date('21/07/02','RR/MM/DD'),2,28);
Insert into FINAL_503_TEAM_PETPAL.DECISION_TABLE (DECISION_CODE,DECISION_REASON,DECISION_DATE,STATE_CODE,USER_CODE) values (156,'나라월드 광고를 또 승인함',to_date('21/07/02','RR/MM/DD'),2,28);
Insert into FINAL_503_TEAM_PETPAL.DECISION_TABLE (DECISION_CODE,DECISION_REASON,DECISION_DATE,STATE_CODE,USER_CODE) values (158,'승인',to_date('21/07/02','RR/MM/DD'),2,7);
Insert into FINAL_503_TEAM_PETPAL.DECISION_TABLE (DECISION_CODE,DECISION_REASON,DECISION_DATE,STATE_CODE,USER_CODE) values (159,'승인',to_date('21/07/02','RR/MM/DD'),2,7);
Insert into FINAL_503_TEAM_PETPAL.DECISION_TABLE (DECISION_CODE,DECISION_REASON,DECISION_DATE,STATE_CODE,USER_CODE) values (160,'승인',to_date('21/07/02','RR/MM/DD'),2,7);
Insert into FINAL_503_TEAM_PETPAL.DECISION_TABLE (DECISION_CODE,DECISION_REASON,DECISION_DATE,STATE_CODE,USER_CODE) values (161,'승인',to_date('21/07/02','RR/MM/DD'),2,7);
Insert into FINAL_503_TEAM_PETPAL.DECISION_TABLE (DECISION_CODE,DECISION_REASON,DECISION_DATE,STATE_CODE,USER_CODE) values (162,'승인',to_date('21/07/02','RR/MM/DD'),2,7);
Insert into FINAL_503_TEAM_PETPAL.DECISION_TABLE (DECISION_CODE,DECISION_REASON,DECISION_DATE,STATE_CODE,USER_CODE) values (163,'승인',to_date('21/07/02','RR/MM/DD'),2,7);
Insert into FINAL_503_TEAM_PETPAL.DECISION_TABLE (DECISION_CODE,DECISION_REASON,DECISION_DATE,STATE_CODE,USER_CODE) values (164,'승인',to_date('21/07/02','RR/MM/DD'),2,7);
Insert into FINAL_503_TEAM_PETPAL.DECISION_TABLE (DECISION_CODE,DECISION_REASON,DECISION_DATE,STATE_CODE,USER_CODE) values (165,'승인',to_date('21/06/29','RR/MM/DD'),2,7);
Insert into FINAL_503_TEAM_PETPAL.DECISION_TABLE (DECISION_CODE,DECISION_REASON,DECISION_DATE,STATE_CODE,USER_CODE) values (166,'승인',to_date('21/07/02','RR/MM/DD'),2,7);
Insert into FINAL_503_TEAM_PETPAL.DECISION_TABLE (DECISION_CODE,DECISION_REASON,DECISION_DATE,STATE_CODE,USER_CODE) values (167,'승인',to_date('21/07/02','RR/MM/DD'),2,7);
Insert into FINAL_503_TEAM_PETPAL.DECISION_TABLE (DECISION_CODE,DECISION_REASON,DECISION_DATE,STATE_CODE,USER_CODE) values (168,'승인',to_date('21/07/02','RR/MM/DD'),2,7);
Insert into FINAL_503_TEAM_PETPAL.DECISION_TABLE (DECISION_CODE,DECISION_REASON,DECISION_DATE,STATE_CODE,USER_CODE) values (169,'승인',to_date('21/07/02','RR/MM/DD'),2,7);
Insert into FINAL_503_TEAM_PETPAL.DECISION_TABLE (DECISION_CODE,DECISION_REASON,DECISION_DATE,STATE_CODE,USER_CODE) values (170,'승인',to_date('21/07/02','RR/MM/DD'),2,7);
Insert into FINAL_503_TEAM_PETPAL.DECISION_TABLE (DECISION_CODE,DECISION_REASON,DECISION_DATE,STATE_CODE,USER_CODE) values (171,'승인',to_date('21/07/02','RR/MM/DD'),2,7);
Insert into FINAL_503_TEAM_PETPAL.DECISION_TABLE (DECISION_CODE,DECISION_REASON,DECISION_DATE,STATE_CODE,USER_CODE) values (172,'승인',to_date('21/07/02','RR/MM/DD'),2,7);
Insert into FINAL_503_TEAM_PETPAL.DECISION_TABLE (DECISION_CODE,DECISION_REASON,DECISION_DATE,STATE_CODE,USER_CODE) values (173,'승인',to_date('21/07/02','RR/MM/DD'),2,7);
Insert into FINAL_503_TEAM_PETPAL.DECISION_TABLE (DECISION_CODE,DECISION_REASON,DECISION_DATE,STATE_CODE,USER_CODE) values (193,'광고 내용 적합',to_date('21/07/03','RR/MM/DD'),2,28);
Insert into FINAL_503_TEAM_PETPAL.DECISION_TABLE (DECISION_CODE,DECISION_REASON,DECISION_DATE,STATE_CODE,USER_CODE) values (194,'광고 내용 적합',to_date('21/07/03','RR/MM/DD'),2,28);
Insert into FINAL_503_TEAM_PETPAL.DECISION_TABLE (DECISION_CODE,DECISION_REASON,DECISION_DATE,STATE_CODE,USER_CODE) values (195,'승인 제대로 되자',to_date('21/07/03','RR/MM/DD'),2,28);
Insert into FINAL_503_TEAM_PETPAL.DECISION_TABLE (DECISION_CODE,DECISION_REASON,DECISION_DATE,STATE_CODE,USER_CODE) values (196,'거절',to_date('21/07/03','RR/MM/DD'),3,28);
Insert into FINAL_503_TEAM_PETPAL.DECISION_TABLE (DECISION_CODE,DECISION_REASON,DECISION_DATE,STATE_CODE,USER_CODE) values (433,'잠만보가 좋군요',to_date('21/07/12','RR/MM/DD'),2,7);
Insert into FINAL_503_TEAM_PETPAL.DECISION_TABLE (DECISION_CODE,DECISION_REASON,DECISION_DATE,STATE_CODE,USER_CODE) values (198,'서브관리자에 의해 승인된 광고입니다.',to_date('21/06/22','RR/MM/DD'),2,28);
Insert into FINAL_503_TEAM_PETPAL.DECISION_TABLE (DECISION_CODE,DECISION_REASON,DECISION_DATE,STATE_CODE,USER_CODE) values (223,null,to_date('21/07/05','RR/MM/DD'),2,31);
Insert into FINAL_503_TEAM_PETPAL.DECISION_TABLE (DECISION_CODE,DECISION_REASON,DECISION_DATE,STATE_CODE,USER_CODE) values (217,'dd',to_date('21/07/05','RR/MM/DD'),3,31);
Insert into FINAL_503_TEAM_PETPAL.DECISION_TABLE (DECISION_CODE,DECISION_REASON,DECISION_DATE,STATE_CODE,USER_CODE) values (218,'응안돼',to_date('21/07/05','RR/MM/DD'),3,31);
Insert into FINAL_503_TEAM_PETPAL.DECISION_TABLE (DECISION_CODE,DECISION_REASON,DECISION_DATE,STATE_CODE,USER_CODE) values (219,null,to_date('21/07/05','RR/MM/DD'),2,31);
Insert into FINAL_503_TEAM_PETPAL.DECISION_TABLE (DECISION_CODE,DECISION_REASON,DECISION_DATE,STATE_CODE,USER_CODE) values (220,null,to_date('21/07/05','RR/MM/DD'),2,31);
Insert into FINAL_503_TEAM_PETPAL.DECISION_TABLE (DECISION_CODE,DECISION_REASON,DECISION_DATE,STATE_CODE,USER_CODE) values (221,null,to_date('21/07/05','RR/MM/DD'),2,31);
Insert into FINAL_503_TEAM_PETPAL.DECISION_TABLE (DECISION_CODE,DECISION_REASON,DECISION_DATE,STATE_CODE,USER_CODE) values (222,null,to_date('21/07/05','RR/MM/DD'),2,31);
Insert into FINAL_503_TEAM_PETPAL.DECISION_TABLE (DECISION_CODE,DECISION_REASON,DECISION_DATE,STATE_CODE,USER_CODE) values (224,null,to_date('21/07/05','RR/MM/DD'),2,31);
Insert into FINAL_503_TEAM_PETPAL.DECISION_TABLE (DECISION_CODE,DECISION_REASON,DECISION_DATE,STATE_CODE,USER_CODE) values (225,null,to_date('21/07/06','RR/MM/DD'),2,31);
Insert into FINAL_503_TEAM_PETPAL.DECISION_TABLE (DECISION_CODE,DECISION_REASON,DECISION_DATE,STATE_CODE,USER_CODE) values (226,null,to_date('21/07/06','RR/MM/DD'),2,31);
Insert into FINAL_503_TEAM_PETPAL.DECISION_TABLE (DECISION_CODE,DECISION_REASON,DECISION_DATE,STATE_CODE,USER_CODE) values (227,'적절함',to_date('21/07/06','RR/MM/DD'),3,31);
Insert into FINAL_503_TEAM_PETPAL.DECISION_TABLE (DECISION_CODE,DECISION_REASON,DECISION_DATE,STATE_CODE,USER_CODE) values (233,'참치월드 승인!',to_date('21/07/07','RR/MM/DD'),2,7);
Insert into FINAL_503_TEAM_PETPAL.DECISION_TABLE (DECISION_CODE,DECISION_REASON,DECISION_DATE,STATE_CODE,USER_CODE) values (234,null,to_date('21/07/07','RR/MM/DD'),2,28);
Insert into FINAL_503_TEAM_PETPAL.DECISION_TABLE (DECISION_CODE,DECISION_REASON,DECISION_DATE,STATE_CODE,USER_CODE) values (413,'ㅅㅇ',to_date('21/07/11','RR/MM/DD'),2,7);
Insert into FINAL_503_TEAM_PETPAL.DECISION_TABLE (DECISION_CODE,DECISION_REASON,DECISION_DATE,STATE_CODE,USER_CODE) values (254,null,to_date('21/07/09','RR/MM/DD'),2,31);
Insert into FINAL_503_TEAM_PETPAL.DECISION_TABLE (DECISION_CODE,DECISION_REASON,DECISION_DATE,STATE_CODE,USER_CODE) values (255,null,to_date('21/07/09','RR/MM/DD'),2,31);
Insert into FINAL_503_TEAM_PETPAL.DECISION_TABLE (DECISION_CODE,DECISION_REASON,DECISION_DATE,STATE_CODE,USER_CODE) values (256,null,to_date('21/07/09','RR/MM/DD'),2,31);
Insert into FINAL_503_TEAM_PETPAL.DECISION_TABLE (DECISION_CODE,DECISION_REASON,DECISION_DATE,STATE_CODE,USER_CODE) values (257,null,to_date('21/07/09','RR/MM/DD'),3,31);
Insert into FINAL_503_TEAM_PETPAL.DECISION_TABLE (DECISION_CODE,DECISION_REASON,DECISION_DATE,STATE_CODE,USER_CODE) values (258,'dd',to_date('21/07/09','RR/MM/DD'),3,31);
Insert into FINAL_503_TEAM_PETPAL.DECISION_TABLE (DECISION_CODE,DECISION_REASON,DECISION_DATE,STATE_CODE,USER_CODE) values (259,null,to_date('21/07/09','RR/MM/DD'),2,31);
Insert into FINAL_503_TEAM_PETPAL.DECISION_TABLE (DECISION_CODE,DECISION_REASON,DECISION_DATE,STATE_CODE,USER_CODE) values (273,null,to_date('21/07/09','RR/MM/DD'),2,31);
Insert into FINAL_503_TEAM_PETPAL.DECISION_TABLE (DECISION_CODE,DECISION_REASON,DECISION_DATE,STATE_CODE,USER_CODE) values (293,'승인',to_date('21/07/09','RR/MM/DD'),2,7);
Insert into FINAL_503_TEAM_PETPAL.DECISION_TABLE (DECISION_CODE,DECISION_REASON,DECISION_DATE,STATE_CODE,USER_CODE) values (313,'ㄴㄴ;',to_date('21/07/09','RR/MM/DD'),3,31);
Insert into FINAL_503_TEAM_PETPAL.DECISION_TABLE (DECISION_CODE,DECISION_REASON,DECISION_DATE,STATE_CODE,USER_CODE) values (314,null,to_date('21/07/09','RR/MM/DD'),2,31);
Insert into FINAL_503_TEAM_PETPAL.DECISION_TABLE (DECISION_CODE,DECISION_REASON,DECISION_DATE,STATE_CODE,USER_CODE) values (315,null,to_date('21/07/09','RR/MM/DD'),2,31);
Insert into FINAL_503_TEAM_PETPAL.DECISION_TABLE (DECISION_CODE,DECISION_REASON,DECISION_DATE,STATE_CODE,USER_CODE) values (316,null,to_date('21/07/09','RR/MM/DD'),2,31);
Insert into FINAL_503_TEAM_PETPAL.DECISION_TABLE (DECISION_CODE,DECISION_REASON,DECISION_DATE,STATE_CODE,USER_CODE) values (317,null,to_date('21/07/09','RR/MM/DD'),2,31);
Insert into FINAL_503_TEAM_PETPAL.DECISION_TABLE (DECISION_CODE,DECISION_REASON,DECISION_DATE,STATE_CODE,USER_CODE) values (318,null,to_date('21/07/09','RR/MM/DD'),2,31);
Insert into FINAL_503_TEAM_PETPAL.DECISION_TABLE (DECISION_CODE,DECISION_REASON,DECISION_DATE,STATE_CODE,USER_CODE) values (319,'ㅇㅇ',to_date('21/07/09','RR/MM/DD'),2,31);
Insert into FINAL_503_TEAM_PETPAL.DECISION_TABLE (DECISION_CODE,DECISION_REASON,DECISION_DATE,STATE_CODE,USER_CODE) values (320,'ㅋㅋ',to_date('21/07/09','RR/MM/DD'),2,31);
Insert into FINAL_503_TEAM_PETPAL.DECISION_TABLE (DECISION_CODE,DECISION_REASON,DECISION_DATE,STATE_CODE,USER_CODE) values (321,'갑자기 왜이래..',to_date('21/07/09','RR/MM/DD'),2,31);
Insert into FINAL_503_TEAM_PETPAL.DECISION_TABLE (DECISION_CODE,DECISION_REASON,DECISION_DATE,STATE_CODE,USER_CODE) values (322,null,to_date('21/07/09','RR/MM/DD'),2,31);
Insert into FINAL_503_TEAM_PETPAL.DECISION_TABLE (DECISION_CODE,DECISION_REASON,DECISION_DATE,STATE_CODE,USER_CODE) values (323,'반려합니당',to_date('21/07/09','RR/MM/DD'),3,31);
Insert into FINAL_503_TEAM_PETPAL.DECISION_TABLE (DECISION_CODE,DECISION_REASON,DECISION_DATE,STATE_CODE,USER_CODE) values (324,null,to_date('21/07/09','RR/MM/DD'),2,31);
Insert into FINAL_503_TEAM_PETPAL.DECISION_TABLE (DECISION_CODE,DECISION_REASON,DECISION_DATE,STATE_CODE,USER_CODE) values (325,'거절거절',to_date('21/07/09','RR/MM/DD'),3,31);
Insert into FINAL_503_TEAM_PETPAL.DECISION_TABLE (DECISION_CODE,DECISION_REASON,DECISION_DATE,STATE_CODE,USER_CODE) values (333,'dddd',to_date('21/07/09','RR/MM/DD'),2,7);
Insert into FINAL_503_TEAM_PETPAL.DECISION_TABLE (DECISION_CODE,DECISION_REASON,DECISION_DATE,STATE_CODE,USER_CODE) values (353,null,to_date('21/07/10','RR/MM/DD'),2,7);
Insert into FINAL_503_TEAM_PETPAL.DECISION_TABLE (DECISION_CODE,DECISION_REASON,DECISION_DATE,STATE_CODE,USER_CODE) values (373,'고양이 어항. 저도 갖고 싶네요. 승인하겠습니다.',to_date('21/07/10','RR/MM/DD'),2,28);
Insert into FINAL_503_TEAM_PETPAL.DECISION_TABLE (DECISION_CODE,DECISION_REASON,DECISION_DATE,STATE_CODE,USER_CODE) values (393,'거절이용~',to_date('21/07/10','RR/MM/DD'),3,7);
Insert into FINAL_503_TEAM_PETPAL.DECISION_TABLE (DECISION_CODE,DECISION_REASON,DECISION_DATE,STATE_CODE,USER_CODE) values (394,null,to_date('21/07/10','RR/MM/DD'),2,7);
Insert into FINAL_503_TEAM_PETPAL.DECISION_TABLE (DECISION_CODE,DECISION_REASON,DECISION_DATE,STATE_CODE,USER_CODE) values (395,'거절이용~~',to_date('21/07/10','RR/MM/DD'),3,7);
Insert into FINAL_503_TEAM_PETPAL.DECISION_TABLE (DECISION_CODE,DECISION_REASON,DECISION_DATE,STATE_CODE,USER_CODE) values (396,null,to_date('21/07/10','RR/MM/DD'),2,7);
Insert into FINAL_503_TEAM_PETPAL.DECISION_TABLE (DECISION_CODE,DECISION_REASON,DECISION_DATE,STATE_CODE,USER_CODE) values (397,'내용 왜이래요;;;',to_date('21/07/10','RR/MM/DD'),3,7);
Insert into FINAL_503_TEAM_PETPAL.DECISION_TABLE (DECISION_CODE,DECISION_REASON,DECISION_DATE,STATE_CODE,USER_CODE) values (398,'이러지마세요;',to_date('21/07/10','RR/MM/DD'),3,7);
Insert into FINAL_503_TEAM_PETPAL.DECISION_TABLE (DECISION_CODE,DECISION_REASON,DECISION_DATE,STATE_CODE,USER_CODE) values (414,'ㅅㅇ',to_date('21/07/11','RR/MM/DD'),2,7);
REM INSERTING into FINAL_503_TEAM_PETPAL.FREE_BOARD
SET DEFINE OFF;
Insert into FINAL_503_TEAM_PETPAL.FREE_BOARD (BOARD_CODE,BOARD_TITLE,BOARD_CONTENT,BOARD_VIEWS,BOARD_POST_DATE,BOARD_DELETE_YN,USER_CODE,CATEGORY) values (41,'생일축하해주세요~','<h4 style="text-align: center; "><font color="#000000" style="">저희 코코 오늘 생일이에요~</font></h4><h4 style="text-align: center; "><img src="/petpal/resources/uploadFiles/f27c0f9e94c64bb2b81d5090b6f4f348.jpg" style="width: 25%;"></h4><p style="text-align: center;">모두 한번씩 생일 축하 부탁드려요!!</p><p style="text-align: center;"><font color="#e79439">코코야 생일 축하해~!~!</font></p>',4,to_date('21/07/13','RR/MM/DD'),'N',27,'일반');
REM INSERTING into FINAL_503_TEAM_PETPAL.FREE_BOARD_REPLY
SET DEFINE OFF;
REM INSERTING into FINAL_503_TEAM_PETPAL.FREE_BOARD_REPORT
SET DEFINE OFF;
REM INSERTING into FINAL_503_TEAM_PETPAL.FREE_PICTURE_MANAGE
SET DEFINE OFF;
Insert into FINAL_503_TEAM_PETPAL.FREE_PICTURE_MANAGE (BOARD_CODE,PICTURE_CODE) values (41,179);
REM INSERTING into FINAL_503_TEAM_PETPAL.FRIENDLY_BOARD
SET DEFINE OFF;
Insert into FINAL_503_TEAM_PETPAL.FRIENDLY_BOARD (BOARD_CODE,BOARD_TITLE,BOARD_CONTENT,BOARD_VIEWS,BOARD_POST_DATE,BOARD_DELETE_YN,DECISION_CODE,USER_CODE,PLACE_NAME,PLACE_PHONE,PLACE_ADDRESS) values (15,'반려견 출입이 가능한 피자집, 범스 피자!','<div class="Story__Content Story__CardContent StoryContent" style="margin: 0px 0px 40px; padding: 0px; -webkit-tap-highlight-color: transparent; border: 0px none; font-family: SpoqaHanSans, &quot;Noto Sans SC&quot;, &quot;APPLE SD Gothic NEO&quot;, sans-serif; font-size: 16px;"><p class="StoryContent__Caption" style="margin-bottom: 0px; line-height: 1.611; text-align: center; padding: 0px; -webkit-tap-highlight-color: transparent; border: 0px none; font-size: 18px; letter-spacing: 0px; color: rgb(127, 127, 127); word-break: break-word;"><br></p><p class="StoryContent__Caption" style="margin-bottom: 0px; line-height: 1.611; text-align: center; padding: 0px; -webkit-tap-highlight-color: transparent; border: 0px none; font-size: 18px; letter-spacing: 0px; color: rgb(127, 127, 127); word-break: break-word;">용산의&nbsp;범스피자입니다.&nbsp;</p><p class="StoryContent__Caption" style="margin-bottom: 0px; line-height: 1.611; text-align: center; padding: 0px; -webkit-tap-highlight-color: transparent; border: 0px none; font-size: 18px; letter-spacing: 0px; color: rgb(127, 127, 127); word-break: break-word;">신용산역과&nbsp;삼각지역&nbsp;사이에&nbsp;자리하고&nbsp;있죠!&nbsp;</p><p class="StoryContent__Caption" style="line-height: 1.611; text-align: center; padding: 0px; -webkit-tap-highlight-color: transparent; border: 0px none; font-size: 18px; letter-spacing: 0px; color: rgb(127, 127, 127); word-break: break-word;">오픈한지&nbsp;얼마&nbsp;안&nbsp;된&nbsp;곳이지만,&nbsp;이미&nbsp;맛으로&nbsp;인정받고&nbsp;있어요.&nbsp;미국맛이면서도&nbsp;너무&nbsp;헤비하지&nbsp;않다는&nbsp;평.</p></div><p style="text-align: center;"><span style="color: rgb(127, 127, 127); font-family: SpoqaHanSans, &quot;Noto Sans SC&quot;, &quot;APPLE SD Gothic NEO&quot;, sans-serif; font-size: 18px;">귀요미&nbsp;''밥이''가&nbsp;출근하는&nbsp;범스피자는&nbsp;1인&nbsp;1견이&nbsp;원칙입니다.&nbsp;또,&nbsp;한&nbsp;테이블에는&nbsp;</span><span style="color: rgb(127, 127, 127); font-family: SpoqaHanSans, &quot;Noto Sans SC&quot;, &quot;APPLE SD Gothic NEO&quot;, sans-serif; font-size: 18px;">3마리까지만&nbsp;입장할&nbsp;수&nbsp;있다고&nbsp;해요.&nbsp;</span></p><p style="text-align: center;"><span style="color: rgb(127, 127, 127); font-family: SpoqaHanSans, &quot;Noto Sans SC&quot;, &quot;APPLE SD Gothic NEO&quot;, sans-serif; font-size: 18px;">매장이&nbsp;다소&nbsp;협소한&nbsp;편이라,&nbsp;반려견을&nbsp;케어하는&nbsp;견주와&nbsp;다른&nbsp;손님들의&nbsp;편의를&nbsp;모두&nbsp;고려해서&nbsp;내리신&nbsp;결정이라고&nbsp;하네요!&nbsp;</span></p><p style="text-align: center;"><span style="color: rgb(127, 127, 127); font-family: SpoqaHanSans, &quot;Noto Sans SC&quot;, &quot;APPLE SD Gothic NEO&quot;, sans-serif; font-size: 18px;">만약&nbsp;단체&nbsp;방문을&nbsp;원하시면&nbsp;대관을&nbsp;문의해보세요.</span></p><p style="text-align: center;"><img src="/petpal/resources/uploadFiles/d2d653b0138e49e486389abe26f27e3e.jpg" style="width: 600px;"><span style="color: rgb(127, 127, 127); font-family: SpoqaHanSans, &quot;Noto Sans SC&quot;, &quot;APPLE SD Gothic NEO&quot;, sans-serif; font-size: 18px;"><br></span></p>',0,to_date('21/07/13','RR/MM/DD'),'N',null,48,'서울특별시 용산구 한강로2가 62-2번지 1층','010-3849-3845','서울 용산구 한강로2가 62-2');
Insert into FINAL_503_TEAM_PETPAL.FRIENDLY_BOARD (BOARD_CODE,BOARD_TITLE,BOARD_CONTENT,BOARD_VIEWS,BOARD_POST_DATE,BOARD_DELETE_YN,DECISION_CODE,USER_CODE,PLACE_NAME,PLACE_PHONE,PLACE_ADDRESS) values (16,'관악구 강아지 동반 가능 카페','<p style="text-align: center; "><img src="/petpal/resources/uploadFiles/41dda85787c748b38d8fa53e652837ac.PNG" style="width: 25%;"><br></p><h5 style="text-align: center; ">저번주 주말에 관악구에 위치한 <b style="background-color: rgb(255, 255, 0);">몽캣</b>이라는 카페에 갔다왔어요</h5><h5 style="text-align: center; ">몽캣은 <b><font color="#000000" style="background-color: rgb(255, 255, 0);">카페&amp;맞춤옷</font></b> 공방으로 되어있고 반려동물의 맞춤옷을 컨셉으로 탄생한 공간이라고 하네요</h5><p style="text-align: center; ">몽캣은 다른 애견 카페처럼 입장료가 존재하지도 않고 음료 가격도 저렴해서 좋았습니다</p><p style="text-align: center; ">카페 뒷편에는 반려견 놀이터도 따로 마련되어있더라구요</p><p style="text-align: center; "><img src="/petpal/resources/uploadFiles/a0168308ea43483db07222500ab9d350.PNG" style="width: 25%;"><br></p><p style="text-align: center; ">다들 반려동물들이랑 같이 한번 방문해보세요~</p><p style="text-align: center; ">사장님도 친절하시고 너무 좋았습니다~!</p>',0,to_date('21/07/13','RR/MM/DD'),'N',null,27,'몽캣',' 070-5096-1327','서울 관악구 보라매로 14-3 (봉천동)');
Insert into FINAL_503_TEAM_PETPAL.FRIENDLY_BOARD (BOARD_CODE,BOARD_TITLE,BOARD_CONTENT,BOARD_VIEWS,BOARD_POST_DATE,BOARD_DELETE_YN,DECISION_CODE,USER_CODE,PLACE_NAME,PLACE_PHONE,PLACE_ADDRESS) values (17,'반려견 동반 브런치 카페, 헤이코다 입니다!! 강아지 전용 음식도 있어요 ㅎㅎ','<p style="text-align: center; "><img src="/petpal/resources/uploadFiles/688ccffdfcec46448cc3ca159ea176e5.png" style="width: 50%;"></p><p style="text-align: center; ">반려견 동반 브런치 카페인 헤이코다입니다!!</p><p style="text-align: center; ">오전 11시에 오픈해서 매일 10시까지 운영하고&nbsp;</p><p style="text-align: center; ">마지막 주문은 9시까지 받고 있습니다.&nbsp;</p><p style="text-align: center; "><br></p><p style="text-align: center; ">브런치카페이고요, 반려견을 위한 쿠키나 음식도 준비되어 있더라구요.</p><p style="text-align: center; ">미리 예약을 해주시면 뷰가 좋은 창가자리에 앉으실 수 있으니, 예약을 권장드릴게요!&nbsp;</p><p style="text-align: center; ">강아지들도 같이 방문했는데 맛있게 잘 먹더라구요</p>',0,to_date('21/07/13','RR/MM/DD'),'N',null,48,'서울특별시 강남구 논현1동 125-17','010-4920-4905','서울 강남구 논현동 125-17');
REM INSERTING into FINAL_503_TEAM_PETPAL.FRIENDLY_BOARD_REPLY
SET DEFINE OFF;
REM INSERTING into FINAL_503_TEAM_PETPAL.FRIENDLY_BOARD_REPORT
SET DEFINE OFF;
REM INSERTING into FINAL_503_TEAM_PETPAL.FRIENDLY_PICTURE_MANAGE
SET DEFINE OFF;
Insert into FINAL_503_TEAM_PETPAL.FRIENDLY_PICTURE_MANAGE (BOARD_CODE,PICTURE_CODE) values (15,214);
Insert into FINAL_503_TEAM_PETPAL.FRIENDLY_PICTURE_MANAGE (BOARD_CODE,PICTURE_CODE) values (16,215);
Insert into FINAL_503_TEAM_PETPAL.FRIENDLY_PICTURE_MANAGE (BOARD_CODE,PICTURE_CODE) values (17,216);
REM INSERTING into FINAL_503_TEAM_PETPAL.INFO_BOARD
SET DEFINE OFF;
Insert into FINAL_503_TEAM_PETPAL.INFO_BOARD (BOARD_CODE,BOARD_TITLE,BOARD_CONTENT,BOARD_VIEWS,BOARD_POST_DATE,BOARD_DELETE_YN,DECISION_CODE,USER_CODE) values (23,'이름을 불러도 다가오지 않는 고양이, 그 이유는?','<p><img src="/petpal/resources/uploadFiles/1073d9fd5394425f9f2cfa840376da9d.png" style="width: 466px;">...<br></p>',0,to_date('21/07/13','RR/MM/DD'),'N',null,48);
Insert into FINAL_503_TEAM_PETPAL.INFO_BOARD (BOARD_CODE,BOARD_TITLE,BOARD_CONTENT,BOARD_VIEWS,BOARD_POST_DATE,BOARD_DELETE_YN,DECISION_CODE,USER_CODE) values (24,'고양이가 아프다는 신호!','<h2 style="text-align: center; "><b>고양이가 아프다는 <span style="background-color: rgb(255, 255, 0);"><font color="#ff0000">신호!</font></span></b></h2><h4 style="text-align: center; ">무엇이 있을까요?</h4><p><br></p><h5 style="text-align: center; "><b>고양이가 과도한 그루밍을 해요</b></h5><p style="text-align: center; ">지나친 <b style=""><font color="#ff0000">그루밍</font></b>은 환경 변화로 인한 행동 문제일 수 있지만 건강 문제일 수도 있습니다.</p><p style="text-align: center; ">알레르기, 피부병, 벼룩이나 진드기 감염 등이 원인일 수 있으니 심한 그루밍을 한다면 병원에 가보는 것을 <b><font color="#ff0000">추천&nbsp;</font></b>드립니다!</p><p><br></p><h5 style="text-align: center; "><b>고양이가 갑자기 점프를 하지 않아요</b></h5><p style="text-align: center; ">활동적이고 점프도 잘 하던 고양이가 갑자기 점프를 하지 않는다!</p><p style="text-align: center; ">나아가 절뚝거리는 모습도 볼 수 있다면 외상이나 관절염 등의 징후일 가능성이 큽니다.</p><p style="text-align: center; ">외상을 놔두게 되면 기타 질환을 동반할 수도 있기 때문에 빨리 치료를 받아야 합니다.</p><p style="text-align: center; "><img src="/petpal/resources/uploadFiles/d5f935c6f9db42869ad4b95da661e9d6.PNG" style="width: 25%;"></p><p style="text-align: center; ">모든 고양이들이 아프지 말고 건강하게 자라길 바라며~</p>',0,to_date('21/07/13','RR/MM/DD'),'N',null,27);
Insert into FINAL_503_TEAM_PETPAL.INFO_BOARD (BOARD_CODE,BOARD_TITLE,BOARD_CONTENT,BOARD_VIEWS,BOARD_POST_DATE,BOARD_DELETE_YN,DECISION_CODE,USER_CODE) values (25,'이름을 불러도 다가오지 않는 고양이, 왜 그럴까?','<p style="text-align: center;"><img src="/petpal/resources/uploadFiles/2233e6573b2b4a1697f35c705e0f5ece.jpg" style="width: 1000px;"><br></p><p style="text-align: center;"><span style="color: rgb(44, 47, 52); font-family: -apple-system, BlinkMacSystemFont, &quot;Segoe UI&quot;, Roboto, Oxygen, Oxygen-Sans, Ubuntu, Cantarell, &quot;Helvetica Neue&quot;, &quot;Open Sans&quot;, Arial, sans-serif; font-size: 13px;">너는 나보다 서열이 낮다옹</span></p><div style="text-align: center;"><span style="color: rgb(44, 47, 52); font-family: -apple-system, BlinkMacSystemFont, &quot;Segoe UI&quot;, Roboto, Oxygen, Oxygen-Sans, Ubuntu, Cantarell, &quot;Helvetica Neue&quot;, &quot;Open Sans&quot;, Arial, sans-serif; font-size: 13px;">고양이에게는 주종관계의 개념이 희미하다. 따라서 아무리 주인이 부른다고 해도 고양이는 무시할 수 있다.</span></div><div style="text-align: center;"><span style="color: rgb(44, 47, 52); font-family: -apple-system, BlinkMacSystemFont, &quot;Segoe UI&quot;, Roboto, Oxygen, Oxygen-Sans, Ubuntu, Cantarell, &quot;Helvetica Neue&quot;, &quot;Open Sans&quot;, Arial, sans-serif; font-size: 13px;">다른 가족들이 부르면 오는데, 유독 본인만 무시당한다면? 웃프지만 고양이가 자신보다 서열이 낮다고 생각하고 있을 수 있다.&nbsp;</span></div><div style="text-align: center;"><span style="color: rgb(44, 47, 52); font-family: -apple-system, BlinkMacSystemFont, &quot;Segoe UI&quot;, Roboto, Oxygen, Oxygen-Sans, Ubuntu, Cantarell, &quot;Helvetica Neue&quot;, &quot;Open Sans&quot;, Arial, sans-serif; font-size: 13px;">싫어하는 것은 아니야 고양이가 무시하거나 만지는 것을 피한다고 해서 무조건 주인을 싫어하는 것은 아니다. 성묘가 되어 가족이 된 경우 고양이가 마음을 여는 데까지 시간이 걸릴 수 있다.</span></div><div style="text-align: center;"><span style="color: rgb(44, 47, 52); font-family: -apple-system, BlinkMacSystemFont, &quot;Segoe UI&quot;, Roboto, Oxygen, Oxygen-Sans, Ubuntu, Cantarell, &quot;Helvetica Neue&quot;, &quot;Open Sans&quot;, Arial, sans-serif; font-size: 13px;">고양이는 매우 독립적인 성향의 동물이다. 때문에 본인의 기분대로 움직이는 경우가 많다. 싫어하기 보다 ‘지금은 그러고 싶지 않아’의 마음일 수 있다.&nbsp;</span></div><div style="text-align: center;"><span style="color: rgb(44, 47, 52); font-family: -apple-system, BlinkMacSystemFont, &quot;Segoe UI&quot;, Roboto, Oxygen, Oxygen-Sans, Ubuntu, Cantarell, &quot;Helvetica Neue&quot;, &quot;Open Sans&quot;, Arial, sans-serif; font-size: 13px;">신뢰 관계를 만드는 것이 중요 이름을 알아듣게 하는 훈련보다 중요한 것은 신뢰 관계 구축이다. 이름을 불렀을 때 다가와 주면 물론 기쁘겠지만 꼭 필요한 것은 아니다. 그것보다 관계에 신뢰를 쌓고 교감하는 것이 중요하다.</span></div><div style="text-align: center;"><span style="color: rgb(44, 47, 52); font-family: -apple-system, BlinkMacSystemFont, &quot;Segoe UI&quot;, Roboto, Oxygen, Oxygen-Sans, Ubuntu, Cantarell, &quot;Helvetica Neue&quot;, &quot;Open Sans&quot;, Arial, sans-serif; font-size: 13px;">좋은 기억을 많이 만들어주자 고양이가 싫어하는 행동을 반복하거나. 위협적으로 느낄 만큼 혼을 냈다면 트라우마처럼 남을지도 모른다.&nbsp;</span></div>',0,to_date('21/07/13','RR/MM/DD'),'N',null,48);
Insert into FINAL_503_TEAM_PETPAL.INFO_BOARD (BOARD_CODE,BOARD_TITLE,BOARD_CONTENT,BOARD_VIEWS,BOARD_POST_DATE,BOARD_DELETE_YN,DECISION_CODE,USER_CODE) values (26,'주의!! 강아지에게 독이 되는 음식','<h2 style="text-align: center;"><b><span style="background-color: rgb(255, 255, 0);"><font color="#ff0000">주의!!</font></span> 강아지에게 독이 되는 음식</b></h2><p style="text-align: center;"><br></p><h4 style="text-align: center;">이번에는 강아지에게 독이 되는 음식에 대해 알려드리겠습니다</h4><p style="text-align: center;">반려견 보호자라면 잘 숙지해 두고 해당 음식을 강아지가 접근하지 못하도록 보관하시기 바랍니다</p><p style="text-align: center;"><img src="/petpal/resources/uploadFiles/e66e90c87b704adfb13b502663977e8d.jpg" style="width: 25%;"><br></p><p style="text-align: center;"><b>1. 초콜릿</b></p><p style="text-align: center;">카페인과 테오브로민이 심한 중독을 일으키며 심장과 신경계에 이상증상을 보일 수 있습니다</p><p style="text-align: center;"><br></p><p style="text-align: center;"><b>2. 카페임함유 음료</b></p><p style="text-align: center;">커피, 에너지드링크, 코코아 등 카페인으로 인해 무기력증이나 호흡곤란이 발생할 수 있습니다.</p><p style="text-align: center;"><br></p><p style="text-align: center;"><b>3. 포도, 건포도</b></p><p style="text-align: center;">신장손상을 일으켜 신부전의 원인이 됩니다. 한 알만 섭취해도 구토, 설사 등의 증상이 나타날 수 있으니 신속하게 병원으로 가셔야 합니다.</p><p style="text-align: center;"><br></p><p style="text-align: center;"><b>4. 양파, 마늘</b></p><p style="text-align: center;">적혈구를 손상시켜 빈혈을 일으킵니다. 익힌 것도 위험하니 주의하시기 바랍니다.</p>',0,to_date('21/07/13','RR/MM/DD'),'N',null,27);
Insert into FINAL_503_TEAM_PETPAL.INFO_BOARD (BOARD_CODE,BOARD_TITLE,BOARD_CONTENT,BOARD_VIEWS,BOARD_POST_DATE,BOARD_DELETE_YN,DECISION_CODE,USER_CODE) values (27,'강아지, 파인애플 먹어도 괜찮을까?','<p style="text-align: center;"><b>강아지, 파인애플을 먹어도 될까?</b></p><p style="text-align: center;"><span style="color: rgb(44, 47, 52); font-family: -apple-system, BlinkMacSystemFont, &quot;Segoe UI&quot;, Roboto, Oxygen, Oxygen-Sans, Ubuntu, Cantarell, &quot;Helvetica Neue&quot;, &quot;Open Sans&quot;, Arial, sans-serif; font-size: 13px;">강아지에게 파인애플은 소량 섭취 시 건강한 간식이 될 수도 있다.</span></p><p style="text-align: center;"><span style="color: rgb(44, 47, 52); font-family: -apple-system, BlinkMacSystemFont, &quot;Segoe UI&quot;, Roboto, Oxygen, Oxygen-Sans, Ubuntu, Cantarell, &quot;Helvetica Neue&quot;, &quot;Open Sans&quot;, Arial, sans-serif; font-size: 13px;">다만, 강아지에게 파인애플을 먹일 때는 체중에 맞게 잘라서 주어야 한다는 것만 기억하자. 당과 섬유질 풍부한 파인애플,</span></p><p style="text-align: center;"><img src="/petpal/resources/uploadFiles/7004822b63264a01a198e29b377f19a4.jpg" style="width: 800px;"><span style="color: rgb(44, 47, 52); font-family: -apple-system, BlinkMacSystemFont, &quot;Segoe UI&quot;, Roboto, Oxygen, Oxygen-Sans, Ubuntu, Cantarell, &quot;Helvetica Neue&quot;, &quot;Open Sans&quot;, Arial, sans-serif; font-size: 13px;"><br></span></p><p></p><div style="text-align: center;"><span style="color: rgb(44, 47, 52); font-family: -apple-system, BlinkMacSystemFont, &quot;Segoe UI&quot;, Roboto, Oxygen, Oxygen-Sans, Ubuntu, Cantarell, &quot;Helvetica Neue&quot;, &quot;Open Sans&quot;, Arial, sans-serif; font-size: 13px;">소화 어려울 수도 파인애플은 풍부한 당과 섬유질을 함유하고 있다. 따라서, 당뇨를 앓는 강아지나 소화력이 약한 노견은 조심해야 한다.</span></div><div style="text-align: center;"><span style="color: rgb(44, 47, 52); font-family: -apple-system, BlinkMacSystemFont, &quot;Segoe UI&quot;, Roboto, Oxygen, Oxygen-Sans, Ubuntu, Cantarell, &quot;Helvetica Neue&quot;, &quot;Open Sans&quot;, Arial, sans-serif; font-size: 13px;">급여하기 전 급여해도 되는지, 얼마나 급여해야 하는지에 대해 수의사와 상담해 보아야 한다.</span></div><div style="text-align: center;"><span style="color: rgb(44, 47, 52); font-family: -apple-system, BlinkMacSystemFont, &quot;Segoe UI&quot;, Roboto, Oxygen, Oxygen-Sans, Ubuntu, Cantarell, &quot;Helvetica Neue&quot;, &quot;Open Sans&quot;, Arial, sans-serif; font-size: 13px;">파인애플을 너무 많이 먹는다면 과도한 당과 섬유질 때문에 강아지가 소화 불량을 겪을 위험이 있다.</span></div><div style="text-align: center;"><span style="color: rgb(44, 47, 52); font-family: -apple-system, BlinkMacSystemFont, &quot;Segoe UI&quot;, Roboto, Oxygen, Oxygen-Sans, Ubuntu, Cantarell, &quot;Helvetica Neue&quot;, &quot;Open Sans&quot;, Arial, sans-serif; font-size: 13px;">고당도 과일, 비만의 원인 되기도 해 가공 설탕이 아니라 과일에 함유된 자연산 당이라도 과도하면 비만의 원인이 되기도 한다.</span></div><div style="text-align: center;"><span style="color: rgb(44, 47, 52); font-family: -apple-system, BlinkMacSystemFont, &quot;Segoe UI&quot;, Roboto, Oxygen, Oxygen-Sans, Ubuntu, Cantarell, &quot;Helvetica Neue&quot;, &quot;Open Sans&quot;, Arial, sans-serif; font-size: 13px;">따라서, 모든 간식이 마찬가지이지만 파인애플도 적당량만 주어야 한다.</span></div><div style="text-align: center;"><br></div><div style="text-align: center;"><br></div>',0,to_date('21/07/13','RR/MM/DD'),'N',null,48);
Insert into FINAL_503_TEAM_PETPAL.INFO_BOARD (BOARD_CODE,BOARD_TITLE,BOARD_CONTENT,BOARD_VIEWS,BOARD_POST_DATE,BOARD_DELETE_YN,DECISION_CODE,USER_CODE) values (28,'퍼피사료, 언제까지 먹여야 할까?','<p style="text-align: center;"><span style="color: rgb(44, 47, 52); font-family: -apple-system, BlinkMacSystemFont, &quot;Segoe UI&quot;, Roboto, Oxygen, Oxygen-Sans, Ubuntu, Cantarell, &quot;Helvetica Neue&quot;, &quot;Open Sans&quot;, Arial, sans-serif; font-size: 13px;">성장기의 강아지를 키우고 있다면 한 번쯤 의문이 들었을 것이다.</span></p><p style="margin-bottom: 0px;"></p><div style="text-align: center;"><span style="color: rgb(44, 47, 52); font-family: -apple-system, BlinkMacSystemFont, &quot;Segoe UI&quot;, Roboto, Oxygen, Oxygen-Sans, Ubuntu, Cantarell, &quot;Helvetica Neue&quot;, &quot;Open Sans&quot;, Arial, sans-serif; font-size: 13px;">‘퍼피 사료는 언제까지 먹여야 할까?’&nbsp;다수의 사료의 표지를 살펴보면 1년까지 급여하도록 되어 있다.</span></div><div style="text-align: center;"><span style="color: rgb(44, 47, 52); font-family: -apple-system, BlinkMacSystemFont, &quot;Segoe UI&quot;, Roboto, Oxygen, Oxygen-Sans, Ubuntu, Cantarell, &quot;Helvetica Neue&quot;, &quot;Open Sans&quot;, Arial, sans-serif; font-size: 13px;">1년이면 성견이 된다는 가정 하에 이와 같이 표기가 되어 있으나, 실제로는 성장기가 끝날 때까지 먹이는 것이 적절하다.</span></div><div style="text-align: center;"><span style="color: rgb(44, 47, 52); font-family: -apple-system, BlinkMacSystemFont, &quot;Segoe UI&quot;, Roboto, Oxygen, Oxygen-Sans, Ubuntu, Cantarell, &quot;Helvetica Neue&quot;, &quot;Open Sans&quot;, Arial, sans-serif; font-size: 13px;">성장기에는 왜 퍼피 사료를 먹어야 하는지, 일반적으로 1~1.5년이라고 하는데 정확히 언제 성장기가 끝나는 것인지에 대해 알아보자.</span></div><div style="text-align: center;"><img src="/petpal/resources/uploadFiles/8ee052d2bfca4a38802265bdd8c16428.jpg" style="width: 25%;"><span style="color: rgb(44, 47, 52); font-family: -apple-system, BlinkMacSystemFont, &quot;Segoe UI&quot;, Roboto, Oxygen, Oxygen-Sans, Ubuntu, Cantarell, &quot;Helvetica Neue&quot;, &quot;Open Sans&quot;, Arial, sans-serif; font-size: 13px;"><br></span></div><div style="text-align: center;"><br></div><div style="text-align: center;"><span style="color: rgb(44, 47, 52); font-family: -apple-system, BlinkMacSystemFont, &quot;Segoe UI&quot;, Roboto, Oxygen, Oxygen-Sans, Ubuntu, Cantarell, &quot;Helvetica Neue&quot;, &quot;Open Sans&quot;, Arial, sans-serif; font-size: 13px;">따라서, 이를 성견이 된 후에도 계속 급여하게 되면 비만의 위험이 있다. 나아가, 노견에게 먹이는 경우에는 관절에 무리가 가기도 한다.</span></div><div style="text-align: center;"><span style="color: rgb(44, 47, 52); font-family: -apple-system, BlinkMacSystemFont, &quot;Segoe UI&quot;, Roboto, Oxygen, Oxygen-Sans, Ubuntu, Cantarell, &quot;Helvetica Neue&quot;, &quot;Open Sans&quot;, Arial, sans-serif; font-size: 13px;">크기에 따라 성장 속도, 성장기간 달라 각 강아지마다 다르지만, 일반적으로는 강아지 크기에 따라 성장속도와 성장기간이 다르다. 따라서, 견종의 크기에 따라 언제쯤 성장기가 끝날지 짐작할 수 있다.</span></div><div style="text-align: center;"><br></div>',0,to_date('21/07/13','RR/MM/DD'),'N',null,48);
REM INSERTING into FINAL_503_TEAM_PETPAL.INFO_BOARD_REPLY
SET DEFINE OFF;
REM INSERTING into FINAL_503_TEAM_PETPAL.INFO_BOARD_REPORT
SET DEFINE OFF;
REM INSERTING into FINAL_503_TEAM_PETPAL.INFO_PICTURE_MANAGE
SET DEFINE OFF;
Insert into FINAL_503_TEAM_PETPAL.INFO_PICTURE_MANAGE (BOARD_CODE,PICTURE_CODE) values (23,204);
Insert into FINAL_503_TEAM_PETPAL.INFO_PICTURE_MANAGE (BOARD_CODE,PICTURE_CODE) values (24,209);
Insert into FINAL_503_TEAM_PETPAL.INFO_PICTURE_MANAGE (BOARD_CODE,PICTURE_CODE) values (25,210);
Insert into FINAL_503_TEAM_PETPAL.INFO_PICTURE_MANAGE (BOARD_CODE,PICTURE_CODE) values (26,211);
Insert into FINAL_503_TEAM_PETPAL.INFO_PICTURE_MANAGE (BOARD_CODE,PICTURE_CODE) values (27,212);
Insert into FINAL_503_TEAM_PETPAL.INFO_PICTURE_MANAGE (BOARD_CODE,PICTURE_CODE) values (28,213);
REM INSERTING into FINAL_503_TEAM_PETPAL.MESSAGE_TABLE
SET DEFINE OFF;
REM INSERTING into FINAL_503_TEAM_PETPAL.MISSING_BOARD
SET DEFINE OFF;
Insert into FINAL_503_TEAM_PETPAL.MISSING_BOARD (BOARD_CODE,MISSING_DATE,MISSING_AREA,MISSING_PLACE,MISSING_PHONE,MISSING_BREED,MISSING_GENDER,MISSING_AGE,MISSING_WEIGTH,MISSING_CHARACTER,MISSING_REQUEST,MISSING_DELETE_YN,STATE_CODE,USER_CODE,DOG_OR_CAT,MISSING_COLOR,BOARD_DATE) values (7,to_date('21/07/12','RR/MM/DD'),'서울특별시 종로구','종로초등학교 부근','010-4593-4590','시베리안 허스키','F',3,13,'검정색 목줄을 하고 ''하키''라고 써져 있어요. 어릴 때 다친 상처가 등쪽에 있어요.','온순한 아이이지만 보시면 너무 다가가진 마시고 010-4593-4590으로 연락주세요!','N',1,48,'D','흰색',to_date('21/07/13','RR/MM/DD'));
Insert into FINAL_503_TEAM_PETPAL.MISSING_BOARD (BOARD_CODE,MISSING_DATE,MISSING_AREA,MISSING_PLACE,MISSING_PHONE,MISSING_BREED,MISSING_GENDER,MISSING_AGE,MISSING_WEIGTH,MISSING_CHARACTER,MISSING_REQUEST,MISSING_DELETE_YN,STATE_CODE,USER_CODE,DOG_OR_CAT,MISSING_COLOR,BOARD_DATE) values (8,to_date('21/06/20','RR/MM/DD'),'경기도 용인시','용인아파트 103동 부근','010-4950-3920','코리안 숏헤어','F',2,3.8,'검정색으로 몸 뒷부분이 덮여있고, 앞에 배 부분엔 흰색이에요. 발도 흰색이랍니다..! ','사람을 무서워하니 보시면 다가가지 말고 010-4950-3920으로 연락주세요. 소중한 아이이니 발견하신 분은 꼭 연락 부탁드립니다.','N',1,48,'C','흰색, 검정색',to_date('21/07/13','RR/MM/DD'));
Insert into FINAL_503_TEAM_PETPAL.MISSING_BOARD (BOARD_CODE,MISSING_DATE,MISSING_AREA,MISSING_PLACE,MISSING_PHONE,MISSING_BREED,MISSING_GENDER,MISSING_AGE,MISSING_WEIGTH,MISSING_CHARACTER,MISSING_REQUEST,MISSING_DELETE_YN,STATE_CODE,USER_CODE,DOG_OR_CAT,MISSING_COLOR,BOARD_DATE) values (9,to_date('21/06/12','RR/MM/DD'),'서울시 성북구','길음아파트','010-9876-8521','웰시코기','M',3,16,' 몸통이 길고 다리가 짧은 웰시코기입니다.
얼굴이 슬림하고 귀가 쫑긋합니다.
발을 질질 끌며 걸어요','사람을 너무 좋아해서 앉아서 반겨주면 안겨요!!
무거우니 들때 허리조심해주세요!','N',1,30,'D','갈색',to_date('21/07/13','RR/MM/DD'));
Insert into FINAL_503_TEAM_PETPAL.MISSING_BOARD (BOARD_CODE,MISSING_DATE,MISSING_AREA,MISSING_PLACE,MISSING_PHONE,MISSING_BREED,MISSING_GENDER,MISSING_AGE,MISSING_WEIGTH,MISSING_CHARACTER,MISSING_REQUEST,MISSING_DELETE_YN,STATE_CODE,USER_CODE,DOG_OR_CAT,MISSING_COLOR,BOARD_DATE) values (10,to_date('21/07/12','RR/MM/DD'),'서울특별시 광진구','건국대학교 정문 부근','010-9936-1693','스핑크스','M',3,8,'털이 없고 눈동자는 노란색이에요 다른 곳 보다 얼굴쪽에 주름이 많아요 잃어버렸을 당시에 노란색 옷을 입고 있었어요','경계가 많은 아이입니다 목격시 만지지말고 연락주세요!','N',1,27,'C','베이지',to_date('21/07/13','RR/MM/DD'));
Insert into FINAL_503_TEAM_PETPAL.MISSING_BOARD (BOARD_CODE,MISSING_DATE,MISSING_AREA,MISSING_PLACE,MISSING_PHONE,MISSING_BREED,MISSING_GENDER,MISSING_AGE,MISSING_WEIGTH,MISSING_CHARACTER,MISSING_REQUEST,MISSING_DELETE_YN,STATE_CODE,USER_CODE,DOG_OR_CAT,MISSING_COLOR,BOARD_DATE) values (11,to_date('21/01/01','RR/MM/DD'),'강원도 홍천군','공작산 자연휴양림 근처','010-3953-3954','시바견','F',4,7,'빨강색 목줄을 하고, ''재롱''이라고 적혀있어요. 사람을 좋아하고 따라다닙니다.','사람을 따르는 아이라 목격하셨을 때 다가가셔도 괜찮습니다. 목격하셨을 땐 010-3953-3954로 연락주세요!','N',1,48,'D','갈색, 흰색',to_date('21/07/13','RR/MM/DD'));
Insert into FINAL_503_TEAM_PETPAL.MISSING_BOARD (BOARD_CODE,MISSING_DATE,MISSING_AREA,MISSING_PLACE,MISSING_PHONE,MISSING_BREED,MISSING_GENDER,MISSING_AGE,MISSING_WEIGTH,MISSING_CHARACTER,MISSING_REQUEST,MISSING_DELETE_YN,STATE_CODE,USER_CODE,DOG_OR_CAT,MISSING_COLOR,BOARD_DATE) values (12,to_date('21/01/13','RR/MM/DD'),'서울특별시 중랑구','사가정역 부근','010-2536-8452','폼스키','F',1,1,'태어난지 얼마 안돼서 작고 가벼워요 털은 흰색이랑 검은색이고 눈동자는 검정색이지만 오묘하게 푸른빛이 돌아요 활발하고 사람을 좋아해서 사람한테 애교 많이 부려요','너무 작은 아이라서 목격하시면 잘 보호 부탁드리고 바로 연락 부탁드립니다','N',1,27,'D','블랙&화이트',to_date('21/07/13','RR/MM/DD'));
Insert into FINAL_503_TEAM_PETPAL.MISSING_BOARD (BOARD_CODE,MISSING_DATE,MISSING_AREA,MISSING_PLACE,MISSING_PHONE,MISSING_BREED,MISSING_GENDER,MISSING_AGE,MISSING_WEIGTH,MISSING_CHARACTER,MISSING_REQUEST,MISSING_DELETE_YN,STATE_CODE,USER_CODE,DOG_OR_CAT,MISSING_COLOR,BOARD_DATE) values (13,to_date('21/07/05','RR/MM/DD'),'경기도 일산시','호수공원앞','010-7891-1254','터키쉬앙고라','F',2,5,'새~하얀 고양이예요. 털이 엄 청 부들부들해요!! 
','애교가 많아요!! 물지않습니다. 경계가 적어요','N',1,30,'C','흰색',to_date('21/07/13','RR/MM/DD'));
Insert into FINAL_503_TEAM_PETPAL.MISSING_BOARD (BOARD_CODE,MISSING_DATE,MISSING_AREA,MISSING_PLACE,MISSING_PHONE,MISSING_BREED,MISSING_GENDER,MISSING_AGE,MISSING_WEIGTH,MISSING_CHARACTER,MISSING_REQUEST,MISSING_DELETE_YN,STATE_CODE,USER_CODE,DOG_OR_CAT,MISSING_COLOR,BOARD_DATE) values (14,to_date('21/06/29','RR/MM/DD'),'경기도 가평군','이화원','010-2222-1413','리트리버','M',5,23,'부드러운 금빛의 리트리버예요 .  사람을 너무 좋아해요!!
배쪽 털이 등쪽털보다 색이 밝아요!!','덩치가 커서 부담이실수 있지만 사람을 잘따라서 조용히 있을겁니다','N',1,30,'D','라이트 브라운',to_date('21/07/13','RR/MM/DD'));
REM INSERTING into FINAL_503_TEAM_PETPAL.MISSING_BOARD_REPLY
SET DEFINE OFF;
REM INSERTING into FINAL_503_TEAM_PETPAL.MISSING_BOARD_REPORT
SET DEFINE OFF;
REM INSERTING into FINAL_503_TEAM_PETPAL.MISSING_PICTURE_MANAGE
SET DEFINE OFF;
Insert into FINAL_503_TEAM_PETPAL.MISSING_PICTURE_MANAGE (BOARD_CODE,PICTURE_CODE) values (7,177);
Insert into FINAL_503_TEAM_PETPAL.MISSING_PICTURE_MANAGE (BOARD_CODE,PICTURE_CODE) values (8,178);
Insert into FINAL_503_TEAM_PETPAL.MISSING_PICTURE_MANAGE (BOARD_CODE,PICTURE_CODE) values (9,180);
Insert into FINAL_503_TEAM_PETPAL.MISSING_PICTURE_MANAGE (BOARD_CODE,PICTURE_CODE) values (9,181);
Insert into FINAL_503_TEAM_PETPAL.MISSING_PICTURE_MANAGE (BOARD_CODE,PICTURE_CODE) values (9,182);
Insert into FINAL_503_TEAM_PETPAL.MISSING_PICTURE_MANAGE (BOARD_CODE,PICTURE_CODE) values (10,183);
Insert into FINAL_503_TEAM_PETPAL.MISSING_PICTURE_MANAGE (BOARD_CODE,PICTURE_CODE) values (11,184);
Insert into FINAL_503_TEAM_PETPAL.MISSING_PICTURE_MANAGE (BOARD_CODE,PICTURE_CODE) values (12,185);
Insert into FINAL_503_TEAM_PETPAL.MISSING_PICTURE_MANAGE (BOARD_CODE,PICTURE_CODE) values (13,191);
Insert into FINAL_503_TEAM_PETPAL.MISSING_PICTURE_MANAGE (BOARD_CODE,PICTURE_CODE) values (13,192);
Insert into FINAL_503_TEAM_PETPAL.MISSING_PICTURE_MANAGE (BOARD_CODE,PICTURE_CODE) values (13,193);
Insert into FINAL_503_TEAM_PETPAL.MISSING_PICTURE_MANAGE (BOARD_CODE,PICTURE_CODE) values (14,195);
REM INSERTING into FINAL_503_TEAM_PETPAL.NEWS_PICTURE_MANAGE
SET DEFINE OFF;
REM INSERTING into FINAL_503_TEAM_PETPAL.NEWS_TABLE
SET DEFINE OFF;
REM INSERTING into FINAL_503_TEAM_PETPAL.PICTURE_TABLE
SET DEFINE OFF;
Insert into FINAL_503_TEAM_PETPAL.PICTURE_TABLE (PICTURE_CODE,PICTURE_NAME,PICTURE_URL,PICTURE_UPLOAD_DATE,PICTURE_DELETE_YN,PICTURE_NEW_NAME,PICTURE_UTIL_PATH) values (1,'야옹이','C:\Program Files (x86)\Kakao\KakaoTalk\resource\basic_emoticon\large',to_date('21/06/21','RR/MM/DD'),'N',null,'resources\uploadFiles\e560401d1d244252997f791b55db0b4d.PNG');
Insert into FINAL_503_TEAM_PETPAL.PICTURE_TABLE (PICTURE_CODE,PICTURE_NAME,PICTURE_URL,PICTURE_UPLOAD_DATE,PICTURE_DELETE_YN,PICTURE_NEW_NAME,PICTURE_UTIL_PATH) values (2,'멍멍이','C:\Program Files (x86)\Kakao\KakaoTalk\resource\basic_emoticon\large',to_date('21/06/21','RR/MM/DD'),'Y',null,'resources\uploadFiles\b03596cf243f48d2a34650b9e1191639.jpg');
Insert into FINAL_503_TEAM_PETPAL.PICTURE_TABLE (PICTURE_CODE,PICTURE_NAME,PICTURE_URL,PICTURE_UPLOAD_DATE,PICTURE_DELETE_YN,PICTURE_NEW_NAME,PICTURE_UTIL_PATH) values (3,'왈왈이','C:\Program Files (x86)\Kakao\KakaoTalk\resource\basic_emoticon\large',to_date('21/06/21','RR/MM/DD'),'N','아기호是','resources\uploadFiles\abc361108034422787f9ed8dd0f262d4.jpg');
Insert into FINAL_503_TEAM_PETPAL.PICTURE_TABLE (PICTURE_CODE,PICTURE_NAME,PICTURE_URL,PICTURE_UPLOAD_DATE,PICTURE_DELETE_YN,PICTURE_NEW_NAME,PICTURE_UTIL_PATH) values (4,'왈왈이','C:\Program Files (x86)\Kakao\KakaoTalk\resource\basic_emoticon\large',to_date('21/06/22','RR/MM/DD'),'N','아기호是','resources\uploadFiles\5b2e8a443f174bf2a8f2cfdc6caffd31.jpg');
Insert into FINAL_503_TEAM_PETPAL.PICTURE_TABLE (PICTURE_CODE,PICTURE_NAME,PICTURE_URL,PICTURE_UPLOAD_DATE,PICTURE_DELETE_YN,PICTURE_NEW_NAME,PICTURE_UTIL_PATH) values (5,'왈왈이','C:\Program Files (x86)\Kakao\KakaoTalk\resource\basic_emoticon\large',to_date('21/06/22','RR/MM/DD'),'N','아기호是','resources/uploadFiles/e08deca11d4b4aee94196415875d32b6.jpg');
Insert into FINAL_503_TEAM_PETPAL.PICTURE_TABLE (PICTURE_CODE,PICTURE_NAME,PICTURE_URL,PICTURE_UPLOAD_DATE,PICTURE_DELETE_YN,PICTURE_NEW_NAME,PICTURE_UTIL_PATH) values (6,'왈왈이','C:\Program Files (x86)\Kakao\KakaoTalk\resource\basic_emoticon\large',to_date('21/06/22','RR/MM/DD'),'N','아기호是','resources\uploadFiles\11bb51fd-bfc8-4dd2-b4a9-1e529bc11705.jpg');
Insert into FINAL_503_TEAM_PETPAL.PICTURE_TABLE (PICTURE_CODE,PICTURE_NAME,PICTURE_URL,PICTURE_UPLOAD_DATE,PICTURE_DELETE_YN,PICTURE_NEW_NAME,PICTURE_UTIL_PATH) values (7,'왈왈이','C:\Program Files (x86)\Kakao\KakaoTalk\resource\basic_emoticon\large',to_date('21/06/22','RR/MM/DD'),'N','아기호是','resources\uploadFiles\b03596cf243f48d2a34650b9e1191639.jpg');
Insert into FINAL_503_TEAM_PETPAL.PICTURE_TABLE (PICTURE_CODE,PICTURE_NAME,PICTURE_URL,PICTURE_UPLOAD_DATE,PICTURE_DELETE_YN,PICTURE_NEW_NAME,PICTURE_UTIL_PATH) values (8,'왈왈이','C:\Program Files (x86)\Kakao\KakaoTalk\resource\basic_emoticon\large',to_date('21/06/22','RR/MM/DD'),'N','아기호是','resources\uploadFiles\fb7d26d145ac4a6197cc6b42a9c36581.PNG');
Insert into FINAL_503_TEAM_PETPAL.PICTURE_TABLE (PICTURE_CODE,PICTURE_NAME,PICTURE_URL,PICTURE_UPLOAD_DATE,PICTURE_DELETE_YN,PICTURE_NEW_NAME,PICTURE_UTIL_PATH) values (9,'왈왈이','C:\Program Files (x86)\Kakao\KakaoTalk\resource\basic_emoticon\large',to_date('21/06/22','RR/MM/DD'),'N','아기호是','resources\uploadFiles\11bb51fd-bfc8-4dd2-b4a9-1e529bc11705.jpg');
Insert into FINAL_503_TEAM_PETPAL.PICTURE_TABLE (PICTURE_CODE,PICTURE_NAME,PICTURE_URL,PICTURE_UPLOAD_DATE,PICTURE_DELETE_YN,PICTURE_NEW_NAME,PICTURE_UTIL_PATH) values (10,'왈왈이','C:\Program Files (x86)\Kakao\KakaoTalk\resource\basic_emoticon\large',to_date('21/06/22','RR/MM/DD'),'N','아기호是','resources\uploadFiles\1600404e81c24aeb984863cf4a239aaf.PNG');
Insert into FINAL_503_TEAM_PETPAL.PICTURE_TABLE (PICTURE_CODE,PICTURE_NAME,PICTURE_URL,PICTURE_UPLOAD_DATE,PICTURE_DELETE_YN,PICTURE_NEW_NAME,PICTURE_UTIL_PATH) values (11,'44.PNG','C:\Users\WEENARA\git\petpal\src\main\webapp\resources\uploadFiles',to_date('21/06/22','RR/MM/DD'),'N','19bc07aa656644489e8515fa5a18f546.PNG','resources\uploadFiles\19bc07aa656644489e8515fa5a18f546.PNG');
Insert into FINAL_503_TEAM_PETPAL.PICTURE_TABLE (PICTURE_CODE,PICTURE_NAME,PICTURE_URL,PICTURE_UPLOAD_DATE,PICTURE_DELETE_YN,PICTURE_NEW_NAME,PICTURE_UTIL_PATH) values (12,'왈왈이','C:\Program Files (x86)\Kakao\KakaoTalk\resource\basic_emoticon\large',to_date('21/06/22','RR/MM/DD'),'N','아기호是','resources\uploadFiles\e560401d1d244252997f791b55db0b4d.PNG');
Insert into FINAL_503_TEAM_PETPAL.PICTURE_TABLE (PICTURE_CODE,PICTURE_NAME,PICTURE_URL,PICTURE_UPLOAD_DATE,PICTURE_DELETE_YN,PICTURE_NEW_NAME,PICTURE_UTIL_PATH) values (13,'왈왈이','C:\Program Files (x86)\Kakao\KakaoTalk\resource\basic_emoticon\large',to_date('21/06/22','RR/MM/DD'),'N','아기호是','resources\uploadFiles\9d47a51c12fe4bff934afd3693d1d18d.PNG');
Insert into FINAL_503_TEAM_PETPAL.PICTURE_TABLE (PICTURE_CODE,PICTURE_NAME,PICTURE_URL,PICTURE_UPLOAD_DATE,PICTURE_DELETE_YN,PICTURE_NEW_NAME,PICTURE_UTIL_PATH) values (15,'왈왈이','C:\Program Files (x86)\Kakao\KakaoTalk\resource\basic_emoticon\large',to_date('21/06/22','RR/MM/DD'),'N','아기호是','resources\uploadFiles\11bb51fd-bfc8-4dd2-b4a9-1e529bc11705.jpg');
Insert into FINAL_503_TEAM_PETPAL.PICTURE_TABLE (PICTURE_CODE,PICTURE_NAME,PICTURE_URL,PICTURE_UPLOAD_DATE,PICTURE_DELETE_YN,PICTURE_NEW_NAME,PICTURE_UTIL_PATH) values (16,'왈왈이','C:\Program Files (x86)\Kakao\KakaoTalk\resource\basic_emoticon\large',to_date('21/06/22','RR/MM/DD'),'N','아기호是','resources\uploadFiles\e560401d1d244252997f791b55db0b4d.PNG');
Insert into FINAL_503_TEAM_PETPAL.PICTURE_TABLE (PICTURE_CODE,PICTURE_NAME,PICTURE_URL,PICTURE_UPLOAD_DATE,PICTURE_DELETE_YN,PICTURE_NEW_NAME,PICTURE_UTIL_PATH) values (17,'왈왈이','C:\Program Files (x86)\Kakao\KakaoTalk\resource\basic_emoticon\large',to_date('21/06/22','RR/MM/DD'),'N','아기호是','resources\uploadFiles\9d47a51c12fe4bff934afd3693d1d18d.PNG');
Insert into FINAL_503_TEAM_PETPAL.PICTURE_TABLE (PICTURE_CODE,PICTURE_NAME,PICTURE_URL,PICTURE_UPLOAD_DATE,PICTURE_DELETE_YN,PICTURE_NEW_NAME,PICTURE_UTIL_PATH) values (18,'KakaoTalk_20210629_014029465_02.jpg','C:\Users\judyh\git\petpal\src\main\webapp\resources\uploadFiles',to_date('21/06/29','RR/MM/DD'),'N','2ff6ad2106304e06b56ffacf63ef1fb4.jpg','resources\uploadFiles');
Insert into FINAL_503_TEAM_PETPAL.PICTURE_TABLE (PICTURE_CODE,PICTURE_NAME,PICTURE_URL,PICTURE_UPLOAD_DATE,PICTURE_DELETE_YN,PICTURE_NEW_NAME,PICTURE_UTIL_PATH) values (19,'KakaoTalk_20210629_014029465_02.jpg','C:\Users\judyh\git\petpal\src\main\webapp\resources\uploadFiles',to_date('21/06/29','RR/MM/DD'),'N','a04cd09853d4453c8594d058314a236d.jpg','resources\uploadFiles');
Insert into FINAL_503_TEAM_PETPAL.PICTURE_TABLE (PICTURE_CODE,PICTURE_NAME,PICTURE_URL,PICTURE_UPLOAD_DATE,PICTURE_DELETE_YN,PICTURE_NEW_NAME,PICTURE_UTIL_PATH) values (21,'KakaoTalk_20210629_014029465_02.jpg','C:\Users\judyh\git\petpal\src\main\webapp\resources\uploadFiles',to_date('21/06/29','RR/MM/DD'),'N','3e23048e862d4e10a5ffa7568536c39d.jpg','resources\uploadFiles');
Insert into FINAL_503_TEAM_PETPAL.PICTURE_TABLE (PICTURE_CODE,PICTURE_NAME,PICTURE_URL,PICTURE_UPLOAD_DATE,PICTURE_DELETE_YN,PICTURE_NEW_NAME,PICTURE_UTIL_PATH) values (22,'KakaoTalk_20210629_014029465_02.jpg','C:\Users\judyh\git\petpal\src\main\webapp\resources\uploadFiles',to_date('21/06/29','RR/MM/DD'),'N','93a7901db47545f4bfd0c320174cef0b.jpg','resources\uploadFiles');
Insert into FINAL_503_TEAM_PETPAL.PICTURE_TABLE (PICTURE_CODE,PICTURE_NAME,PICTURE_URL,PICTURE_UPLOAD_DATE,PICTURE_DELETE_YN,PICTURE_NEW_NAME,PICTURE_UTIL_PATH) values (23,'KakaoTalk_20210629_014029465_02.jpg','C:\Users\judyh\git\petpal\src\main\webapp\resources\uploadFiles',to_date('21/06/29','RR/MM/DD'),'N','88e01f0e01304610b2d53e67085dbddb.jpg','resources\uploadFiles');
Insert into FINAL_503_TEAM_PETPAL.PICTURE_TABLE (PICTURE_CODE,PICTURE_NAME,PICTURE_URL,PICTURE_UPLOAD_DATE,PICTURE_DELETE_YN,PICTURE_NEW_NAME,PICTURE_UTIL_PATH) values (24,'KakaoTalk_20210629_014029465_02.jpg','C:\Users\judyh\git\petpal\src\main\webapp\resources\uploadFiles',to_date('21/06/29','RR/MM/DD'),'N','960536af2d1c45af9af52eebaf8c199f.jpg','resources\uploadFiles');
Insert into FINAL_503_TEAM_PETPAL.PICTURE_TABLE (PICTURE_CODE,PICTURE_NAME,PICTURE_URL,PICTURE_UPLOAD_DATE,PICTURE_DELETE_YN,PICTURE_NEW_NAME,PICTURE_UTIL_PATH) values (25,'KakaoTalk_20210629_014029465_02.jpg','C:\Users\judyh\git\petpal\src\main\webapp\resources\uploadFiles',to_date('21/06/29','RR/MM/DD'),'N','c506e30b3ef142b793c37d41b2df005e.jpg','resources\uploadFiles');
Insert into FINAL_503_TEAM_PETPAL.PICTURE_TABLE (PICTURE_CODE,PICTURE_NAME,PICTURE_URL,PICTURE_UPLOAD_DATE,PICTURE_DELETE_YN,PICTURE_NEW_NAME,PICTURE_UTIL_PATH) values (27,'KakaoTalk_20210629_014029465_01.jpg','C:\Users\judyh\git\petpal\src\main\webapp\resources\uploadFiles',to_date('21/06/29','RR/MM/DD'),'N','6f6983d6f9004597bde5c442ac14b213.jpg','resources\uploadFiles');
Insert into FINAL_503_TEAM_PETPAL.PICTURE_TABLE (PICTURE_CODE,PICTURE_NAME,PICTURE_URL,PICTURE_UPLOAD_DATE,PICTURE_DELETE_YN,PICTURE_NEW_NAME,PICTURE_UTIL_PATH) values (28,'KakaoTalk_20210629_014029465_02.jpg','C:\Users\judyh\git\petpal\src\main\webapp\resources\uploadFiles',to_date('21/06/29','RR/MM/DD'),'N','8c54395e46614ee1b800e2f08020e117.jpg','resources\uploadFiles');
Insert into FINAL_503_TEAM_PETPAL.PICTURE_TABLE (PICTURE_CODE,PICTURE_NAME,PICTURE_URL,PICTURE_UPLOAD_DATE,PICTURE_DELETE_YN,PICTURE_NEW_NAME,PICTURE_UTIL_PATH) values (29,'KakaoTalk_20210629_014029465_01.jpg','C:\Users\judyh\git\petpal\src\main\webapp\resources\uploadFiles',to_date('21/06/29','RR/MM/DD'),'N','8a0d8ddfe38a4b3d92ae6fe12265313f.jpg','resources\uploadFiles');
Insert into FINAL_503_TEAM_PETPAL.PICTURE_TABLE (PICTURE_CODE,PICTURE_NAME,PICTURE_URL,PICTURE_UPLOAD_DATE,PICTURE_DELETE_YN,PICTURE_NEW_NAME,PICTURE_UTIL_PATH) values (30,'KakaoTalk_20210629_014029465_01.jpg','C:\Users\judyh\git\petpal\src\main\webapp\resources\uploadFiles',to_date('21/06/29','RR/MM/DD'),'N','24b480ca53fd4e34aaecd7c951817ccf.jpg','resources\uploadFiles');
Insert into FINAL_503_TEAM_PETPAL.PICTURE_TABLE (PICTURE_CODE,PICTURE_NAME,PICTURE_URL,PICTURE_UPLOAD_DATE,PICTURE_DELETE_YN,PICTURE_NEW_NAME,PICTURE_UTIL_PATH) values (31,'KakaoTalk_20210629_014029465.jpg','C:\Users\judyh\git\petpal\src\main\webapp\resources\uploadFiles',to_date('21/06/29','RR/MM/DD'),'N','2f306b0397484be49906a367f3ba9de0.jpg','resources\uploadFiles');
Insert into FINAL_503_TEAM_PETPAL.PICTURE_TABLE (PICTURE_CODE,PICTURE_NAME,PICTURE_URL,PICTURE_UPLOAD_DATE,PICTURE_DELETE_YN,PICTURE_NEW_NAME,PICTURE_UTIL_PATH) values (32,'KakaoTalk_20210629_014029465.jpg','C:\Users\judyh\git\petpal\src\main\webapp\resources\uploadFiles',to_date('21/06/29','RR/MM/DD'),'N','cc3b078bef364566a3df6edc69ca9ea0.jpg','resources\uploadFiles');
Insert into FINAL_503_TEAM_PETPAL.PICTURE_TABLE (PICTURE_CODE,PICTURE_NAME,PICTURE_URL,PICTURE_UPLOAD_DATE,PICTURE_DELETE_YN,PICTURE_NEW_NAME,PICTURE_UTIL_PATH) values (33,'KakaoTalk_20210629_014029465_02.jpg','C:\Users\judyh\git\petpal\src\main\webapp\resources\uploadFiles',to_date('21/06/29','RR/MM/DD'),'N','b8b272a269a9426ca7125e4ecdbdc680.jpg','resources\uploadFiles');
Insert into FINAL_503_TEAM_PETPAL.PICTURE_TABLE (PICTURE_CODE,PICTURE_NAME,PICTURE_URL,PICTURE_UPLOAD_DATE,PICTURE_DELETE_YN,PICTURE_NEW_NAME,PICTURE_UTIL_PATH) values (34,'KakaoTalk_20210629_014029465.jpg','C:\Users\judyh\git\petpal\src\main\webapp\resources\uploadFiles',to_date('21/06/29','RR/MM/DD'),'N','d54fa0a5a74f40c7a8fdc0484eebfaee.jpg','resources\uploadFiles');
Insert into FINAL_503_TEAM_PETPAL.PICTURE_TABLE (PICTURE_CODE,PICTURE_NAME,PICTURE_URL,PICTURE_UPLOAD_DATE,PICTURE_DELETE_YN,PICTURE_NEW_NAME,PICTURE_UTIL_PATH) values (35,'잠만보.jpg','C:\Users\tj\git\petpal\src\main\webapp\resources\uploadFiles',to_date('21/06/29','RR/MM/DD'),'N','01aa48a542294f959829018329fc97ee.jpg','resources\uploadFiles');
Insert into FINAL_503_TEAM_PETPAL.PICTURE_TABLE (PICTURE_CODE,PICTURE_NAME,PICTURE_URL,PICTURE_UPLOAD_DATE,PICTURE_DELETE_YN,PICTURE_NEW_NAME,PICTURE_UTIL_PATH) values (37,'잠만보.jpg','C:\Users\tj\git\petpal\src\main\webapp\resources\uploadFiles',to_date('21/06/29','RR/MM/DD'),'N','75927fd44979438c91d437dd1ead2399.jpg','resources\uploadFiles');
Insert into FINAL_503_TEAM_PETPAL.PICTURE_TABLE (PICTURE_CODE,PICTURE_NAME,PICTURE_URL,PICTURE_UPLOAD_DATE,PICTURE_DELETE_YN,PICTURE_NEW_NAME,PICTURE_UTIL_PATH) values (39,'wallpapertip_ultra-widescreen-wallpaper_306173.jpg','C:\Users\tj\git\petpal\src\main\webapp\resources\uploadFiles',to_date('21/06/29','RR/MM/DD'),'N','e6a3429b66eb4e33926e77a54132d1e1.jpg','resources\uploadFiles');
Insert into FINAL_503_TEAM_PETPAL.PICTURE_TABLE (PICTURE_CODE,PICTURE_NAME,PICTURE_URL,PICTURE_UPLOAD_DATE,PICTURE_DELETE_YN,PICTURE_NEW_NAME,PICTURE_UTIL_PATH) values (40,'wallpapertip_ultra-widescreen-wallpaper_306173.jpg','C:\Users\tj\git\petpal\src\main\webapp\resources\uploadFiles',to_date('21/06/29','RR/MM/DD'),'N','1dd83ea35bb64a5aa35458b4de224640.jpg','resources\uploadFiles');
Insert into FINAL_503_TEAM_PETPAL.PICTURE_TABLE (PICTURE_CODE,PICTURE_NAME,PICTURE_URL,PICTURE_UPLOAD_DATE,PICTURE_DELETE_YN,PICTURE_NEW_NAME,PICTURE_UTIL_PATH) values (41,'wallpapertip_ultra-widescreen-wallpaper_306173.jpg','C:\Users\tj\git\petpal\src\main\webapp\resources\uploadFiles',to_date('21/06/29','RR/MM/DD'),'N','800e8bb9f4cc4c8986bd389aa65b17a6.jpg','resources\uploadFiles');
Insert into FINAL_503_TEAM_PETPAL.PICTURE_TABLE (PICTURE_CODE,PICTURE_NAME,PICTURE_URL,PICTURE_UPLOAD_DATE,PICTURE_DELETE_YN,PICTURE_NEW_NAME,PICTURE_UTIL_PATH) values (42,'wallpapertip_ultra-widescreen-wallpaper_306173.jpg','C:\Users\tj\git\petpal\src\main\webapp\resources\uploadFiles',to_date('21/06/29','RR/MM/DD'),'N','9584d926cb19489ca32067c3a4b47d21.jpg','resources\uploadFiles');
Insert into FINAL_503_TEAM_PETPAL.PICTURE_TABLE (PICTURE_CODE,PICTURE_NAME,PICTURE_URL,PICTURE_UPLOAD_DATE,PICTURE_DELETE_YN,PICTURE_NEW_NAME,PICTURE_UTIL_PATH) values (43,'잠만보.jpg','C:\Users\tj\git\petpal\src\main\webapp\resources\uploadFiles',to_date('21/06/29','RR/MM/DD'),'N','977d62a3abaf4d64b5f387323d78de87.jpg','resources\uploadFiles');
Insert into FINAL_503_TEAM_PETPAL.PICTURE_TABLE (PICTURE_CODE,PICTURE_NAME,PICTURE_URL,PICTURE_UPLOAD_DATE,PICTURE_DELETE_YN,PICTURE_NEW_NAME,PICTURE_UTIL_PATH) values (44,'KakaoTalk_20210629_014029465_02.jpg','C:\Users\judyh\git\petpal\src\main\webapp\resources\uploadFiles',to_date('21/06/29','RR/MM/DD'),'N','23811823a00f45ab950eb283844e4890.jpg','resources\uploadFiles');
Insert into FINAL_503_TEAM_PETPAL.PICTURE_TABLE (PICTURE_CODE,PICTURE_NAME,PICTURE_URL,PICTURE_UPLOAD_DATE,PICTURE_DELETE_YN,PICTURE_NEW_NAME,PICTURE_UTIL_PATH) values (45,'KakaoTalk_20210629_014029465_01.jpg','C:\Users\judyh\git\petpal\src\main\webapp\resources\uploadFiles',to_date('21/06/29','RR/MM/DD'),'N','4d6bb48efeac4823aa3cb8280efbe455.jpg','resources\uploadFiles');
Insert into FINAL_503_TEAM_PETPAL.PICTURE_TABLE (PICTURE_CODE,PICTURE_NAME,PICTURE_URL,PICTURE_UPLOAD_DATE,PICTURE_DELETE_YN,PICTURE_NEW_NAME,PICTURE_UTIL_PATH) values (46,'KakaoTalk_20210629_014029465.jpg','C:\Users\judyh\git\petpal\src\main\webapp\resources\uploadFiles',to_date('21/06/29','RR/MM/DD'),'N','cbd7836e47f34479a4155aaa499e665e.jpg','resources\uploadFiles');
Insert into FINAL_503_TEAM_PETPAL.PICTURE_TABLE (PICTURE_CODE,PICTURE_NAME,PICTURE_URL,PICTURE_UPLOAD_DATE,PICTURE_DELETE_YN,PICTURE_NEW_NAME,PICTURE_UTIL_PATH) values (47,'KakaoTalk_20210629_014029465_02.jpg','C:\Users\judyh\git\petpal\src\main\webapp\resources\uploadFiles',to_date('21/06/29','RR/MM/DD'),'N','bed358d89ab04ed9947b151449f79cce.jpg','resources/uploadFiles/bed358d89ab04ed9947b151449f79cce.jpg');
Insert into FINAL_503_TEAM_PETPAL.PICTURE_TABLE (PICTURE_CODE,PICTURE_NAME,PICTURE_URL,PICTURE_UPLOAD_DATE,PICTURE_DELETE_YN,PICTURE_NEW_NAME,PICTURE_UTIL_PATH) values (48,'KakaoTalk_20210608_004100237.png','C:\Users\judyh\git\petpal\src\main\webapp\resources\uploadFiles',to_date('21/06/29','RR/MM/DD'),'N','79ebb075f0844e20ba0924fccabf95d0.png','resources\uploadFiles\79ebb075f0844e20ba0924fccabf95d0.png');
Insert into FINAL_503_TEAM_PETPAL.PICTURE_TABLE (PICTURE_CODE,PICTURE_NAME,PICTURE_URL,PICTURE_UPLOAD_DATE,PICTURE_DELETE_YN,PICTURE_NEW_NAME,PICTURE_UTIL_PATH) values (49,'river2.PNG','C:\Users\judyh\git\petpal\src\main\webapp\resources\uploadFiles',to_date('21/06/29','RR/MM/DD'),'N','3a13057bee384ec8b56fac45c7d107cd.PNG','resources\uploadFiles\3a13057bee384ec8b56fac45c7d107cd.PNG');
Insert into FINAL_503_TEAM_PETPAL.PICTURE_TABLE (PICTURE_CODE,PICTURE_NAME,PICTURE_URL,PICTURE_UPLOAD_DATE,PICTURE_DELETE_YN,PICTURE_NEW_NAME,PICTURE_UTIL_PATH) values (56,'111.PNG','C:\Users\WEENARA\git\petpal\src\main\webapp\resources\uploadFiles',to_date('21/06/30','RR/MM/DD'),'N','a5b21460036c4107826ce3c3d8473809.PNG','resources/uploadFiles/e08deca11d4b4aee94196415875d32b6.jpg');
Insert into FINAL_503_TEAM_PETPAL.PICTURE_TABLE (PICTURE_CODE,PICTURE_NAME,PICTURE_URL,PICTURE_UPLOAD_DATE,PICTURE_DELETE_YN,PICTURE_NEW_NAME,PICTURE_UTIL_PATH) values (57,'KakaoTalk_20210630_110830249.jpg','C:\Users\judyh\git\petpal\src\main\webapp\resources\uploadFiles',to_date('21/06/30','RR/MM/DD'),'Y','5b2e8a443f174bf2a8f2cfdc6caffd31.jpg','resources\uploadFiles\5b2e8a443f174bf2a8f2cfdc6caffd31.jpg');
Insert into FINAL_503_TEAM_PETPAL.PICTURE_TABLE (PICTURE_CODE,PICTURE_NAME,PICTURE_URL,PICTURE_UPLOAD_DATE,PICTURE_DELETE_YN,PICTURE_NEW_NAME,PICTURE_UTIL_PATH) values (58,'KakaoTalk_20210630_110830249_01.jpg','C:\Users\judyh\git\petpal\src\main\webapp\resources\uploadFiles',to_date('21/06/30','RR/MM/DD'),'Y','a8f69288a6334881963087fc30102cc1.jpg','resources\uploadFiles\a8f69288a6334881963087fc30102cc1.jpg');
Insert into FINAL_503_TEAM_PETPAL.PICTURE_TABLE (PICTURE_CODE,PICTURE_NAME,PICTURE_URL,PICTURE_UPLOAD_DATE,PICTURE_DELETE_YN,PICTURE_NEW_NAME,PICTURE_UTIL_PATH) values (59,'KakaoTalk_20210630_110818144.jpg','C:\Users\judyh\git\petpal\src\main\webapp\resources\uploadFiles',to_date('21/06/30','RR/MM/DD'),'N','f58597a22eb54eb28d3c6465bb14c92f.jpg','resources\uploadFiles\f58597a22eb54eb28d3c6465bb14c92f.jpg');
Insert into FINAL_503_TEAM_PETPAL.PICTURE_TABLE (PICTURE_CODE,PICTURE_NAME,PICTURE_URL,PICTURE_UPLOAD_DATE,PICTURE_DELETE_YN,PICTURE_NEW_NAME,PICTURE_UTIL_PATH) values (60,'KakaoTalk_20210630_110818144_01.jpg','C:\Users\judyh\git\petpal\src\main\webapp\resources\uploadFiles',to_date('21/06/30','RR/MM/DD'),'N','d6912d63f4864956807d5960d031f7b8.jpg','resources\uploadFiles\d6912d63f4864956807d5960d031f7b8.jpg');
Insert into FINAL_503_TEAM_PETPAL.PICTURE_TABLE (PICTURE_CODE,PICTURE_NAME,PICTURE_URL,PICTURE_UPLOAD_DATE,PICTURE_DELETE_YN,PICTURE_NEW_NAME,PICTURE_UTIL_PATH) values (61,'KakaoTalk_20210630_144330225.jpg','C:\Users\judyh\git\petpal\src\main\webapp\resources\uploadFiles',to_date('21/06/30','RR/MM/DD'),'N','b03596cf243f48d2a34650b9e1191639.jpg','resources\uploadFiles\b03596cf243f48d2a34650b9e1191639.jpg');
Insert into FINAL_503_TEAM_PETPAL.PICTURE_TABLE (PICTURE_CODE,PICTURE_NAME,PICTURE_URL,PICTURE_UPLOAD_DATE,PICTURE_DELETE_YN,PICTURE_NEW_NAME,PICTURE_UTIL_PATH) values (62,'KakaoTalk_20210630_144330225_01.jpg','C:\Users\judyh\git\petpal\src\main\webapp\resources\uploadFiles',to_date('21/06/30','RR/MM/DD'),'N','5f94bd5f840f4b6fa15ab6f5153bef1d.jpg','resources\uploadFiles\5f94bd5f840f4b6fa15ab6f5153bef1d.jpg');
Insert into FINAL_503_TEAM_PETPAL.PICTURE_TABLE (PICTURE_CODE,PICTURE_NAME,PICTURE_URL,PICTURE_UPLOAD_DATE,PICTURE_DELETE_YN,PICTURE_NEW_NAME,PICTURE_UTIL_PATH) values (63,'bgsample.PNG','C:\Users\judyh\git\petpal\src\main\webapp\resources\uploadFiles',to_date('21/06/30','RR/MM/DD'),'N','1600404e81c24aeb984863cf4a239aaf.PNG','resources\uploadFiles\1600404e81c24aeb984863cf4a239aaf.PNG');
Insert into FINAL_503_TEAM_PETPAL.PICTURE_TABLE (PICTURE_CODE,PICTURE_NAME,PICTURE_URL,PICTURE_UPLOAD_DATE,PICTURE_DELETE_YN,PICTURE_NEW_NAME,PICTURE_UTIL_PATH) values (64,'flower4.PNG','C:\Users\judyh\git\petpal\src\main\webapp\resources\uploadFiles',to_date('21/06/30','RR/MM/DD'),'N','a8473a88ceb94f3e832d57119f2e1b43.PNG','resources\uploadFiles\a8473a88ceb94f3e832d57119f2e1b43.PNG');
Insert into FINAL_503_TEAM_PETPAL.PICTURE_TABLE (PICTURE_CODE,PICTURE_NAME,PICTURE_URL,PICTURE_UPLOAD_DATE,PICTURE_DELETE_YN,PICTURE_NEW_NAME,PICTURE_UTIL_PATH) values (65,'KakaoTalk_20210630_233325332_02.jpg','C:\Users\judyh\git\petpal\src\main\webapp\resources\uploadFiles',to_date('21/07/01','RR/MM/DD'),'N','67da732513524e54a83eb831bc2ea3d2.jpg','resources\uploadFiles\67da732513524e54a83eb831bc2ea3d2.jpg');
Insert into FINAL_503_TEAM_PETPAL.PICTURE_TABLE (PICTURE_CODE,PICTURE_NAME,PICTURE_URL,PICTURE_UPLOAD_DATE,PICTURE_DELETE_YN,PICTURE_NEW_NAME,PICTURE_UTIL_PATH) values (66,'KakaoTalk_20210630_233325332_03.jpg','C:\Users\judyh\git\petpal\src\main\webapp\resources\uploadFiles',to_date('21/07/01','RR/MM/DD'),'N','c40e2daa4ea842bba39e70230aecc287.jpg','resources\uploadFiles\c40e2daa4ea842bba39e70230aecc287.jpg');
Insert into FINAL_503_TEAM_PETPAL.PICTURE_TABLE (PICTURE_CODE,PICTURE_NAME,PICTURE_URL,PICTURE_UPLOAD_DATE,PICTURE_DELETE_YN,PICTURE_NEW_NAME,PICTURE_UTIL_PATH) values (67,'KakaoTalk_20210630_233325332.jpg','C:\Users\judyh\git\petpal\src\main\webapp\resources\uploadFiles',to_date('21/07/01','RR/MM/DD'),'N','0db477edb1a744b9bc8a5a8754cde557.jpg','resources\uploadFiles\0db477edb1a744b9bc8a5a8754cde557.jpg');
Insert into FINAL_503_TEAM_PETPAL.PICTURE_TABLE (PICTURE_CODE,PICTURE_NAME,PICTURE_URL,PICTURE_UPLOAD_DATE,PICTURE_DELETE_YN,PICTURE_NEW_NAME,PICTURE_UTIL_PATH) values (68,'KakaoTalk_20210630_233325332_01.jpg','C:\Users\judyh\git\petpal\src\main\webapp\resources\uploadFiles',to_date('21/07/01','RR/MM/DD'),'N','abc361108034422787f9ed8dd0f262d4.jpg','resources\uploadFiles\abc361108034422787f9ed8dd0f262d4.jpg');
Insert into FINAL_503_TEAM_PETPAL.PICTURE_TABLE (PICTURE_CODE,PICTURE_NAME,PICTURE_URL,PICTURE_UPLOAD_DATE,PICTURE_DELETE_YN,PICTURE_NEW_NAME,PICTURE_UTIL_PATH) values (69,'KakaoTalk_20210623_232658794.jpg','C:\Users\WEENARA\git\petpal\src\main\webapp\resources\uploadFiles',to_date('21/07/01','RR/MM/DD'),'N','903bbf437bce468ba6139e8af7172acf.jpg','resources\uploadFiles\903bbf437bce468ba6139e8af7172acf.jpg');
Insert into FINAL_503_TEAM_PETPAL.PICTURE_TABLE (PICTURE_CODE,PICTURE_NAME,PICTURE_URL,PICTURE_UPLOAD_DATE,PICTURE_DELETE_YN,PICTURE_NEW_NAME,PICTURE_UTIL_PATH) values (70,'22.PNG','C:\Users\WEENARA\git\petpal\src\main\webapp\resources\uploadFiles',to_date('21/07/01','RR/MM/DD'),'N','7ed80fa63cd84e66968f2394edabdfa1.PNG','resources\uploadFiles\7ed80fa63cd84e66968f2394edabdfa1.PNG');
Insert into FINAL_503_TEAM_PETPAL.PICTURE_TABLE (PICTURE_CODE,PICTURE_NAME,PICTURE_URL,PICTURE_UPLOAD_DATE,PICTURE_DELETE_YN,PICTURE_NEW_NAME,PICTURE_UTIL_PATH) values (86,'22.PNG','C:\Users\WEENARA\git\petpal\src\main\webapp\resources\uploadFiles',to_date('21/07/01','RR/MM/DD'),'N','688ce67c5dc5489c99077fab634397b9.PNG','resources\uploadFiles\688ce67c5dc5489c99077fab634397b9.PNG');
Insert into FINAL_503_TEAM_PETPAL.PICTURE_TABLE (PICTURE_CODE,PICTURE_NAME,PICTURE_URL,PICTURE_UPLOAD_DATE,PICTURE_DELETE_YN,PICTURE_NEW_NAME,PICTURE_UTIL_PATH) values (87,'KakaoTalk_20210623_232658794.jpg','C:\Users\WEENARA\git\petpal\src\main\webapp\resources\uploadFiles',to_date('21/07/01','RR/MM/DD'),'N','75e3f1e2146949ea9e297e6af147df25.jpg','resources\uploadFiles\75e3f1e2146949ea9e297e6af147df25.jpg');
Insert into FINAL_503_TEAM_PETPAL.PICTURE_TABLE (PICTURE_CODE,PICTURE_NAME,PICTURE_URL,PICTURE_UPLOAD_DATE,PICTURE_DELETE_YN,PICTURE_NEW_NAME,PICTURE_UTIL_PATH) values (88,'22.PNG','C:\Users\WEENARA\git\petpal\src\main\webapp\resources\uploadFiles',to_date('21/07/01','RR/MM/DD'),'N','714bd56e5fd14c72a7cbbdb642484613.PNG','resources\uploadFiles\714bd56e5fd14c72a7cbbdb642484613.PNG');
Insert into FINAL_503_TEAM_PETPAL.PICTURE_TABLE (PICTURE_CODE,PICTURE_NAME,PICTURE_URL,PICTURE_UPLOAD_DATE,PICTURE_DELETE_YN,PICTURE_NEW_NAME,PICTURE_UTIL_PATH) values (89,'11.PNG','C:\Users\WEENARA\git\petpal\src\main\webapp\resources\uploadFiles',to_date('21/07/02','RR/MM/DD'),'N','a54b01a414464307bc30b57d4f6a4363.PNG','resources\uploadFiles\a54b01a414464307bc30b57d4f6a4363.PNG');
Insert into FINAL_503_TEAM_PETPAL.PICTURE_TABLE (PICTURE_CODE,PICTURE_NAME,PICTURE_URL,PICTURE_UPLOAD_DATE,PICTURE_DELETE_YN,PICTURE_NEW_NAME,PICTURE_UTIL_PATH) values (90,'22.PNG','C:\Users\WEENARA\git\petpal\src\main\webapp\resources\uploadFiles',to_date('21/07/02','RR/MM/DD'),'N','d1f9450252a54620b647d62ca65baa50.PNG','resources\uploadFiles\d1f9450252a54620b647d62ca65baa50.PNG');
Insert into FINAL_503_TEAM_PETPAL.PICTURE_TABLE (PICTURE_CODE,PICTURE_NAME,PICTURE_URL,PICTURE_UPLOAD_DATE,PICTURE_DELETE_YN,PICTURE_NEW_NAME,PICTURE_UTIL_PATH) values (91,'KakaoTalk_20210623_232658794.jpg','C:\Users\WEENARA\git\petpal\src\main\webapp\resources\uploadFiles',to_date('21/07/02','RR/MM/DD'),'N','efa0ceb95256455590662267856190e7.jpg','resources\uploadFiles\efa0ceb95256455590662267856190e7.jpg');
Insert into FINAL_503_TEAM_PETPAL.PICTURE_TABLE (PICTURE_CODE,PICTURE_NAME,PICTURE_URL,PICTURE_UPLOAD_DATE,PICTURE_DELETE_YN,PICTURE_NEW_NAME,PICTURE_UTIL_PATH) values (92,'11.PNG','C:\Users\WEENARA\git\petpal\src\main\webapp\resources\uploadFiles',to_date('21/07/02','RR/MM/DD'),'N','fb7d26d145ac4a6197cc6b42a9c36581.PNG','resources\uploadFiles\fb7d26d145ac4a6197cc6b42a9c36581.PNG');
Insert into FINAL_503_TEAM_PETPAL.PICTURE_TABLE (PICTURE_CODE,PICTURE_NAME,PICTURE_URL,PICTURE_UPLOAD_DATE,PICTURE_DELETE_YN,PICTURE_NEW_NAME,PICTURE_UTIL_PATH) values (93,'11.PNG','C:\Users\WEENARA\git\petpal\src\main\webapp\resources\uploadFiles',to_date('21/07/02','RR/MM/DD'),'N','43fc1096e1cb46a99912699dd2657ee4.PNG','resources\uploadFiles\43fc1096e1cb46a99912699dd2657ee4.PNG');
Insert into FINAL_503_TEAM_PETPAL.PICTURE_TABLE (PICTURE_CODE,PICTURE_NAME,PICTURE_URL,PICTURE_UPLOAD_DATE,PICTURE_DELETE_YN,PICTURE_NEW_NAME,PICTURE_UTIL_PATH) values (94,'KakaoTalk_20210623_232658794.jpg','C:\Users\WEENARA\git\petpal\src\main\webapp\resources\uploadFiles',to_date('21/07/02','RR/MM/DD'),'N','87a06943ec964294bca2526b9ec1bbf0.jpg','resources\uploadFiles\87a06943ec964294bca2526b9ec1bbf0.jpg');
Insert into FINAL_503_TEAM_PETPAL.PICTURE_TABLE (PICTURE_CODE,PICTURE_NAME,PICTURE_URL,PICTURE_UPLOAD_DATE,PICTURE_DELETE_YN,PICTURE_NEW_NAME,PICTURE_UTIL_PATH) values (95,'11.PNG','C:\Users\WEENARA\git\petpal\src\main\webapp\resources\uploadFiles',to_date('21/07/02','RR/MM/DD'),'N','2965059fb7374d3ca9ebe89166efa313.PNG','resources\uploadFiles\2965059fb7374d3ca9ebe89166efa313.PNG');
Insert into FINAL_503_TEAM_PETPAL.PICTURE_TABLE (PICTURE_CODE,PICTURE_NAME,PICTURE_URL,PICTURE_UPLOAD_DATE,PICTURE_DELETE_YN,PICTURE_NEW_NAME,PICTURE_UTIL_PATH) values (96,'22.PNG','C:\Users\WEENARA\git\petpal\src\main\webapp\resources\uploadFiles',to_date('21/07/02','RR/MM/DD'),'N','06edb05102934e70b2d1fe7b9417d365.PNG','resources\uploadFiles\06edb05102934e70b2d1fe7b9417d365.PNG');
Insert into FINAL_503_TEAM_PETPAL.PICTURE_TABLE (PICTURE_CODE,PICTURE_NAME,PICTURE_URL,PICTURE_UPLOAD_DATE,PICTURE_DELETE_YN,PICTURE_NEW_NAME,PICTURE_UTIL_PATH) values (97,'22.PNG','C:\Users\WEENARA\git\petpal\src\main\webapp\resources\uploadFiles',to_date('21/07/02','RR/MM/DD'),'N','d30fb13e253440f1bfb5fece61bb0e12.PNG','resources\uploadFiles\06edb05102934e70b2d1fe7b9417d365.PNG');
Insert into FINAL_503_TEAM_PETPAL.PICTURE_TABLE (PICTURE_CODE,PICTURE_NAME,PICTURE_URL,PICTURE_UPLOAD_DATE,PICTURE_DELETE_YN,PICTURE_NEW_NAME,PICTURE_UTIL_PATH) values (100,'11.PNG','C:\Users\WEENARA\git\petpal\src\main\webapp\resources\uploadFiles',to_date('21/07/03','RR/MM/DD'),'N','ca91f14f2aa34f779d3cc37fb59cbf3a.PNG','resources\uploadFiles\ca91f14f2aa34f779d3cc37fb59cbf3a.PNG');
Insert into FINAL_503_TEAM_PETPAL.PICTURE_TABLE (PICTURE_CODE,PICTURE_NAME,PICTURE_URL,PICTURE_UPLOAD_DATE,PICTURE_DELETE_YN,PICTURE_NEW_NAME,PICTURE_UTIL_PATH) values (101,'11.PNG','C:\Users\WEENARA\git\petpal\src\main\webapp\resources\uploadFiles',to_date('21/07/03','RR/MM/DD'),'N','c8051429a4d24bf3b846612ebb5cd081.PNG','resources\uploadFiles\c8051429a4d24bf3b846612ebb5cd081.PNG');
Insert into FINAL_503_TEAM_PETPAL.PICTURE_TABLE (PICTURE_CODE,PICTURE_NAME,PICTURE_URL,PICTURE_UPLOAD_DATE,PICTURE_DELETE_YN,PICTURE_NEW_NAME,PICTURE_UTIL_PATH) values (102,'11.PNG','C:\Users\WEENARA\git\petpal\src\main\webapp\resources\uploadFiles',to_date('21/07/03','RR/MM/DD'),'N','9d47a51c12fe4bff934afd3693d1d18d.PNG','resources\uploadFiles\9d47a51c12fe4bff934afd3693d1d18d.PNG');
Insert into FINAL_503_TEAM_PETPAL.PICTURE_TABLE (PICTURE_CODE,PICTURE_NAME,PICTURE_URL,PICTURE_UPLOAD_DATE,PICTURE_DELETE_YN,PICTURE_NEW_NAME,PICTURE_UTIL_PATH) values (107,'11.PNG','C:\Users\WEENARA\git\petpal\src\main\webapp\resources\uploadFiles',to_date('21/07/04','RR/MM/DD'),'N','e560401d1d244252997f791b55db0b4d.PNG','resources\uploadFiles\e560401d1d244252997f791b55db0b4d.PNG');
Insert into FINAL_503_TEAM_PETPAL.PICTURE_TABLE (PICTURE_CODE,PICTURE_NAME,PICTURE_URL,PICTURE_UPLOAD_DATE,PICTURE_DELETE_YN,PICTURE_NEW_NAME,PICTURE_UTIL_PATH) values (110,'22.PNG','C:\Users\WEENARA\git\petpal\src\main\webapp\resources\uploadFiles',to_date('21/07/04','RR/MM/DD'),'N','efe70cccd55745dcbe616ae8eb37b355.PNG','resources\uploadFiles\efe70cccd55745dcbe616ae8eb37b355.PNG');
Insert into FINAL_503_TEAM_PETPAL.PICTURE_TABLE (PICTURE_CODE,PICTURE_NAME,PICTURE_URL,PICTURE_UPLOAD_DATE,PICTURE_DELETE_YN,PICTURE_NEW_NAME,PICTURE_UTIL_PATH) values (111,'22.PNG','C:\Users\WEENARA\git\petpal\src\main\webapp\resources\uploadFiles',to_date('21/07/04','RR/MM/DD'),'N','6bdd012e3bd2459f9f9048b9621d8bdc.PNG','resources\uploadFiles\6bdd012e3bd2459f9f9048b9621d8bdc.PNG');
Insert into FINAL_503_TEAM_PETPAL.PICTURE_TABLE (PICTURE_CODE,PICTURE_NAME,PICTURE_URL,PICTURE_UPLOAD_DATE,PICTURE_DELETE_YN,PICTURE_NEW_NAME,PICTURE_UTIL_PATH) values (112,'1470127156442.jpg','C:\Users\judyh\git\petpal\src\main\webapp\resources\uploadFiles',to_date('21/07/06','RR/MM/DD'),'Y','5577b467eca64034b2d98df221647e31.jpg','resources\uploadFiles\5577b467eca64034b2d98df221647e31.jpg');
Insert into FINAL_503_TEAM_PETPAL.PICTURE_TABLE (PICTURE_CODE,PICTURE_NAME,PICTURE_URL,PICTURE_UPLOAD_DATE,PICTURE_DELETE_YN,PICTURE_NEW_NAME,PICTURE_UTIL_PATH) values (114,'22.PNG','C:\Users\WEENARA\git\petpal\src\main\webapp\resources\uploadFiles',to_date('21/07/06','RR/MM/DD'),'N','5afec121e88d49b08253df52cb14c713.PNG','resources\uploadFiles\5afec121e88d49b08253df52cb14c713.PNG');
Insert into FINAL_503_TEAM_PETPAL.PICTURE_TABLE (PICTURE_CODE,PICTURE_NAME,PICTURE_URL,PICTURE_UPLOAD_DATE,PICTURE_DELETE_YN,PICTURE_NEW_NAME,PICTURE_UTIL_PATH) values (128,'333.PNG','C:\Users\WEENARA\git\petpal\src\main\webapp\resources\uploadFiles',to_date('21/07/06','RR/MM/DD'),'N','fe0ff68fe0dc4744a6d02807fd2675ea.PNG','resources\uploadFiles\fe0ff68fe0dc4744a6d02807fd2675ea.PNG');
Insert into FINAL_503_TEAM_PETPAL.PICTURE_TABLE (PICTURE_CODE,PICTURE_NAME,PICTURE_URL,PICTURE_UPLOAD_DATE,PICTURE_DELETE_YN,PICTURE_NEW_NAME,PICTURE_UTIL_PATH) values (126,'333.PNG','C:\Users\WEENARA\git\petpal\src\main\webapp\resources\uploadFiles',to_date('21/07/06','RR/MM/DD'),'N','4f737d8a2879479dae2994e7f9c7d9d6.PNG','resources\uploadFiles\4f737d8a2879479dae2994e7f9c7d9d6.PNG');
Insert into FINAL_503_TEAM_PETPAL.PICTURE_TABLE (PICTURE_CODE,PICTURE_NAME,PICTURE_URL,PICTURE_UPLOAD_DATE,PICTURE_DELETE_YN,PICTURE_NEW_NAME,PICTURE_UTIL_PATH) values (130,'na.PNG','C:\Users\WEENARA\git\petpal\src\main\webapp\resources\uploadFiles',to_date('21/07/06','RR/MM/DD'),'N','7b2c00009f2a4dc599d405eb683c7af6.PNG','resources\uploadFiles\7b2c00009f2a4dc599d405eb683c7af6.PNG');
Insert into FINAL_503_TEAM_PETPAL.PICTURE_TABLE (PICTURE_CODE,PICTURE_NAME,PICTURE_URL,PICTURE_UPLOAD_DATE,PICTURE_DELETE_YN,PICTURE_NEW_NAME,PICTURE_UTIL_PATH) values (129,'3.jpg','D:\finalWorkspace\petpal\src\main\webapp\resources\uploadFiles',to_date('21/07/06','RR/MM/DD'),'N','b93bebce3dd24b75a9e9588c8163045a.jpg','resources\uploadFiles\b93bebce3dd24b75a9e9588c8163045a.jpg');
Insert into FINAL_503_TEAM_PETPAL.PICTURE_TABLE (PICTURE_CODE,PICTURE_NAME,PICTURE_URL,PICTURE_UPLOAD_DATE,PICTURE_DELETE_YN,PICTURE_NEW_NAME,PICTURE_UTIL_PATH) values (131,'333.PNG','C:\Users\WEENARA\git\petpal\src\main\webapp\resources\uploadFiles',to_date('21/07/07','RR/MM/DD'),'N','02e13804717d4f3c907a8cf983ea73a1.PNG','resources\uploadFiles\02e13804717d4f3c907a8cf983ea73a1.PNG');
Insert into FINAL_503_TEAM_PETPAL.PICTURE_TABLE (PICTURE_CODE,PICTURE_NAME,PICTURE_URL,PICTURE_UPLOAD_DATE,PICTURE_DELETE_YN,PICTURE_NEW_NAME,PICTURE_UTIL_PATH) values (132,'사료.PNG','D:\finalWorkspace\petpal\src\main\webapp\resources\uploadFiles',to_date('21/07/07','RR/MM/DD'),'N','ef7e490572114d7f87e445216efd6883.PNG','resources\uploadFiles\ef7e490572114d7f87e445216efd6883.PNG');
Insert into FINAL_503_TEAM_PETPAL.PICTURE_TABLE (PICTURE_CODE,PICTURE_NAME,PICTURE_URL,PICTURE_UPLOAD_DATE,PICTURE_DELETE_YN,PICTURE_NEW_NAME,PICTURE_UTIL_PATH) values (133,'3.jpg','D:\finalWorkspace\petpal\src\main\webapp\resources\uploadFiles',to_date('21/07/08','RR/MM/DD'),'N','b5fabbc782444db28b129052db7fbe95.jpg','resources\uploadFiles\b5fabbc782444db28b129052db7fbe95.jpg');
Insert into FINAL_503_TEAM_PETPAL.PICTURE_TABLE (PICTURE_CODE,PICTURE_NAME,PICTURE_URL,PICTURE_UPLOAD_DATE,PICTURE_DELETE_YN,PICTURE_NEW_NAME,PICTURE_UTIL_PATH) values (134,'cute-dog-box-cartoon-illustration-animal-icon-concept_138676-1920.jpg','D:\finalWorkspace\petpal\src\main\webapp\resources\uploadFiles',to_date('21/07/08','RR/MM/DD'),'N','76cb7047a64a4b2ca8cb3e83280620fb.jpg','resources\uploadFiles\76cb7047a64a4b2ca8cb3e83280620fb.jpg');
Insert into FINAL_503_TEAM_PETPAL.PICTURE_TABLE (PICTURE_CODE,PICTURE_NAME,PICTURE_URL,PICTURE_UPLOAD_DATE,PICTURE_DELETE_YN,PICTURE_NEW_NAME,PICTURE_UTIL_PATH) values (137,'KakaoTalk_20210709_114941281.jpg','C:\Users\judyh\git\petpal\src\main\webapp\resources\uploadFiles',to_date('21/07/08','RR/MM/DD'),'N','33b5a4a4-6a96-49b6-aa48-a32edc06cbcf.jpg','resources\uploadFiles\33b5a4a4-6a96-49b6-aa48-a32edc06cbcf.jpg');
Insert into FINAL_503_TEAM_PETPAL.PICTURE_TABLE (PICTURE_CODE,PICTURE_NAME,PICTURE_URL,PICTURE_UPLOAD_DATE,PICTURE_DELETE_YN,PICTURE_NEW_NAME,PICTURE_UTIL_PATH) values (138,'KakaoTalk_20210608_004100237.png','C:\Users\judyh\git\petpal\src\main\webapp\resources\uploadFiles',to_date('21/07/08','RR/MM/DD'),'N','3c8a1ed0-8bed-4a85-89f7-1776febab75e.png','resources\uploadFiles\3c8a1ed0-8bed-4a85-89f7-1776febab75e.png');
Insert into FINAL_503_TEAM_PETPAL.PICTURE_TABLE (PICTURE_CODE,PICTURE_NAME,PICTURE_URL,PICTURE_UPLOAD_DATE,PICTURE_DELETE_YN,PICTURE_NEW_NAME,PICTURE_UTIL_PATH) values (139,'7b2c00009f2a4dc599d405eb683c7af6.PNG','C:\Users\WEENARA\git\petpal\src\main\webapp\resources\uploadFiles',to_date('21/07/08','RR/MM/DD'),'N','1644980c5a9b4dca986013c46b026c69.PNG','resources\uploadFiles\1644980c5a9b4dca986013c46b026c69.PNG');
Insert into FINAL_503_TEAM_PETPAL.PICTURE_TABLE (PICTURE_CODE,PICTURE_NAME,PICTURE_URL,PICTURE_UPLOAD_DATE,PICTURE_DELETE_YN,PICTURE_NEW_NAME,PICTURE_UTIL_PATH) values (140,'7b2c00009f2a4dc599d405eb683c7af6.PNG','C:\Users\WEENARA\git\petpal\src\main\webapp\resources\uploadFiles',to_date('21/07/08','RR/MM/DD'),'N','154f75fb32b24629885cc9d76a8a315b.PNG','resources\uploadFiles\154f75fb32b24629885cc9d76a8a315b.PNG');
Insert into FINAL_503_TEAM_PETPAL.PICTURE_TABLE (PICTURE_CODE,PICTURE_NAME,PICTURE_URL,PICTURE_UPLOAD_DATE,PICTURE_DELETE_YN,PICTURE_NEW_NAME,PICTURE_UTIL_PATH) values (14,'왈왈이','C:\Program Files (x86)\Kakao\KakaoTalk\resource\basic_emoticon\large',to_date('21/06/22','RR/MM/DD'),'N','아기호是','resources\uploadFiles\903bbf437bce468ba6139e8af7172acf.jpg');
Insert into FINAL_503_TEAM_PETPAL.PICTURE_TABLE (PICTURE_CODE,PICTURE_NAME,PICTURE_URL,PICTURE_UPLOAD_DATE,PICTURE_DELETE_YN,PICTURE_NEW_NAME,PICTURE_UTIL_PATH) values (142,'KakaoTalk_20210709_114941281.jpg','C:\Users\judyh\git\petpal\src\main\webapp\resources\uploadFiles',to_date('21/07/09','RR/MM/DD'),'N','c0aa905523d1432aa95c1a9bc6e73aba.jpg','resources\uploadFiles\c0aa905523d1432aa95c1a9bc6e73aba.jpg');
Insert into FINAL_503_TEAM_PETPAL.PICTURE_TABLE (PICTURE_CODE,PICTURE_NAME,PICTURE_URL,PICTURE_UPLOAD_DATE,PICTURE_DELETE_YN,PICTURE_NEW_NAME,PICTURE_UTIL_PATH) values (143,'KakaoTalk_20210630_110818144 - 복사본.jpg','C:\Users\judyh\git\petpal\src\main\webapp\resources\uploadFiles',to_date('21/07/09','RR/MM/DD'),'N','1a2f5138a7e648b6ab4e139dd11441c6.jpg','resources\uploadFiles\1a2f5138a7e648b6ab4e139dd11441c6.jpg');
Insert into FINAL_503_TEAM_PETPAL.PICTURE_TABLE (PICTURE_CODE,PICTURE_NAME,PICTURE_URL,PICTURE_UPLOAD_DATE,PICTURE_DELETE_YN,PICTURE_NEW_NAME,PICTURE_UTIL_PATH) values (144,'KakaoTalk_20210630_110818144 - 복사본.jpg','C:\Users\judyh\git\petpal\src\main\webapp\resources\uploadFiles',to_date('21/07/09','RR/MM/DD'),'N','1a2f5138a7e648b6ab4e139dd11441c6.jpg','resources\uploadFiles\1a2f5138a7e648b6ab4e139dd11441c6.jpg');
Insert into FINAL_503_TEAM_PETPAL.PICTURE_TABLE (PICTURE_CODE,PICTURE_NAME,PICTURE_URL,PICTURE_UPLOAD_DATE,PICTURE_DELETE_YN,PICTURE_NEW_NAME,PICTURE_UTIL_PATH) values (145,'KakaoTalk_20210630_110818144 - 복사본.jpg','C:\Users\judyh\git\petpal\src\main\webapp\resources\uploadFiles',to_date('21/07/09','RR/MM/DD'),'N','1a2f5138a7e648b6ab4e139dd11441c6.jpg','resources\uploadFiles\1a2f5138a7e648b6ab4e139dd11441c6.jpg');
Insert into FINAL_503_TEAM_PETPAL.PICTURE_TABLE (PICTURE_CODE,PICTURE_NAME,PICTURE_URL,PICTURE_UPLOAD_DATE,PICTURE_DELETE_YN,PICTURE_NEW_NAME,PICTURE_UTIL_PATH) values (146,'먼치킨.jpg','C:\Users\kim\git\petpal\src\main\webapp\resources\uploadFiles',to_date('21/07/09','RR/MM/DD'),'Y','caebb4b45e3b4f05acc1f5201cab0723.jpg','resources\uploadFiles\caebb4b45e3b4f05acc1f5201cab0723.jpg');
Insert into FINAL_503_TEAM_PETPAL.PICTURE_TABLE (PICTURE_CODE,PICTURE_NAME,PICTURE_URL,PICTURE_UPLOAD_DATE,PICTURE_DELETE_YN,PICTURE_NEW_NAME,PICTURE_UTIL_PATH) values (147,'먼치킨.jpg','C:\Users\kim\git\petpal\src\main\webapp\resources\uploadFiles',to_date('21/07/09','RR/MM/DD'),'N','533f4f1c6e90483c81fcb235ef8290db.jpg','resources\uploadFiles\533f4f1c6e90483c81fcb235ef8290db.jpg');
Insert into FINAL_503_TEAM_PETPAL.PICTURE_TABLE (PICTURE_CODE,PICTURE_NAME,PICTURE_URL,PICTURE_UPLOAD_DATE,PICTURE_DELETE_YN,PICTURE_NEW_NAME,PICTURE_UTIL_PATH) values (148,'먼치킨.jpg','C:\Users\kim\git\petpal\src\main\webapp\resources\uploadFiles',to_date('21/07/09','RR/MM/DD'),'N','58e102d6e9994ab18144757b2884c115.jpg','resources\uploadFiles\58e102d6e9994ab18144757b2884c115.jpg');
Insert into FINAL_503_TEAM_PETPAL.PICTURE_TABLE (PICTURE_CODE,PICTURE_NAME,PICTURE_URL,PICTURE_UPLOAD_DATE,PICTURE_DELETE_YN,PICTURE_NEW_NAME,PICTURE_UTIL_PATH) values (149,'ghost.png','C:\Users\kim\git\petpal\src\main\webapp\resources\uploadFiles',to_date('21/07/09','RR/MM/DD'),'N','0066ba59828a473d9d6c5766a845ee2d.png','resources\uploadFiles\0066ba59828a473d9d6c5766a845ee2d.png');
Insert into FINAL_503_TEAM_PETPAL.PICTURE_TABLE (PICTURE_CODE,PICTURE_NAME,PICTURE_URL,PICTURE_UPLOAD_DATE,PICTURE_DELETE_YN,PICTURE_NEW_NAME,PICTURE_UTIL_PATH) values (150,'EaCh_AxWsAEPuZy.jpg','C:\Users\kim\git\petpal\src\main\webapp\resources\uploadFiles',to_date('21/07/09','RR/MM/DD'),'N','e05e2bfe-1c1c-4055-b4ed-e7221569c2ba.jpg','resources\uploadFiles\e05e2bfe-1c1c-4055-b4ed-e7221569c2ba.jpg');
Insert into FINAL_503_TEAM_PETPAL.PICTURE_TABLE (PICTURE_CODE,PICTURE_NAME,PICTURE_URL,PICTURE_UPLOAD_DATE,PICTURE_DELETE_YN,PICTURE_NEW_NAME,PICTURE_UTIL_PATH) values (151,'먼치킨.jpg','C:\Users\kim\git\petpal\src\main\webapp\resources\uploadFiles',to_date('21/07/09','RR/MM/DD'),'N','71741d1807854c2ab9002bd16e3c1920.jpg','resources\uploadFiles\71741d1807854c2ab9002bd16e3c1920.jpg');
Insert into FINAL_503_TEAM_PETPAL.PICTURE_TABLE (PICTURE_CODE,PICTURE_NAME,PICTURE_URL,PICTURE_UPLOAD_DATE,PICTURE_DELETE_YN,PICTURE_NEW_NAME,PICTURE_UTIL_PATH) values (152,'먼치킨.jpg','C:\Users\kim\git\petpal\src\main\webapp\resources\uploadFiles',to_date('21/07/09','RR/MM/DD'),'N','7cbc43defe3f48cdb549d7a98a4ed36b.jpg','resources\uploadFiles\7cbc43defe3f48cdb549d7a98a4ed36b.jpg');
Insert into FINAL_503_TEAM_PETPAL.PICTURE_TABLE (PICTURE_CODE,PICTURE_NAME,PICTURE_URL,PICTURE_UPLOAD_DATE,PICTURE_DELETE_YN,PICTURE_NEW_NAME,PICTURE_UTIL_PATH) values (153,'먼치킨.jpg','C:\Users\kim\git\petpal\src\main\webapp\resources\uploadFiles',to_date('21/07/09','RR/MM/DD'),'N','9fc7b8d41d6a47b182ce81b9e991af14.jpg','resources\uploadFiles\9fc7b8d41d6a47b182ce81b9e991af14.jpg');
Insert into FINAL_503_TEAM_PETPAL.PICTURE_TABLE (PICTURE_CODE,PICTURE_NAME,PICTURE_URL,PICTURE_UPLOAD_DATE,PICTURE_DELETE_YN,PICTURE_NEW_NAME,PICTURE_UTIL_PATH) values (154,'먼치킨.jpg','C:\Users\kim\git\petpal\src\main\webapp\resources\uploadFiles',to_date('21/07/09','RR/MM/DD'),'N','6a29355e2d0044049039f66ebf585430.jpg','resources\uploadFiles\6a29355e2d0044049039f66ebf585430.jpg');
Insert into FINAL_503_TEAM_PETPAL.PICTURE_TABLE (PICTURE_CODE,PICTURE_NAME,PICTURE_URL,PICTURE_UPLOAD_DATE,PICTURE_DELETE_YN,PICTURE_NEW_NAME,PICTURE_UTIL_PATH) values (155,'cute-dog-box-cartoon-illustration-animal-icon-concept_138676-1920.jpg','D:\finalWorkspace\petpal\src\main\webapp\resources\uploadFiles',to_date('21/07/09','RR/MM/DD'),'N','0cda65ebaede47e0bc97dd230ec5fa8c.jpg','resources\uploadFiles\0cda65ebaede47e0bc97dd230ec5fa8c.jpg');
Insert into FINAL_503_TEAM_PETPAL.PICTURE_TABLE (PICTURE_CODE,PICTURE_NAME,PICTURE_URL,PICTURE_UPLOAD_DATE,PICTURE_DELETE_YN,PICTURE_NEW_NAME,PICTURE_UTIL_PATH) values (156,'333.PNG','C:\Users\WEENARA\git\petpal\src\main\webapp\resources\uploadFiles',to_date('21/07/09','RR/MM/DD'),'N','97ad4ab6afdc44768c0210e87a194287.PNG','resources\uploadFiles\97ad4ab6afdc44768c0210e87a194287.PNG');
Insert into FINAL_503_TEAM_PETPAL.PICTURE_TABLE (PICTURE_CODE,PICTURE_NAME,PICTURE_URL,PICTURE_UPLOAD_DATE,PICTURE_DELETE_YN,PICTURE_NEW_NAME,PICTURE_UTIL_PATH) values (157,'dogbook2.png','D:\finalWorkspace\petpal\src\main\webapp\resources\uploadFiles',to_date('21/07/09','RR/MM/DD'),'N','356e11e3ec59452db767ae51a1b73801.png','resources\uploadFiles\356e11e3ec59452db767ae51a1b73801.png');
Insert into FINAL_503_TEAM_PETPAL.PICTURE_TABLE (PICTURE_CODE,PICTURE_NAME,PICTURE_URL,PICTURE_UPLOAD_DATE,PICTURE_DELETE_YN,PICTURE_NEW_NAME,PICTURE_UTIL_PATH) values (158,'catbox.png','D:\finalWorkspace\petpal\src\main\webapp\resources\uploadFiles',to_date('21/07/09','RR/MM/DD'),'N','5a59ddce60d94dba94bae36b171c98c4.png','resources\uploadFiles\5a59ddce60d94dba94bae36b171c98c4.png');
Insert into FINAL_503_TEAM_PETPAL.PICTURE_TABLE (PICTURE_CODE,PICTURE_NAME,PICTURE_URL,PICTURE_UPLOAD_DATE,PICTURE_DELETE_YN,PICTURE_NEW_NAME,PICTURE_UTIL_PATH) values (159,'cute-dog-box-cartoon-illustration-animal-icon-concept_138676-1920.jpg','D:\finalWorkspace\petpal\src\main\webapp\resources\uploadFiles',to_date('21/07/10','RR/MM/DD'),'N','ce7dae3f2bc54005950b7bc601a82695.jpg','resources\uploadFiles\ce7dae3f2bc54005950b7bc601a82695.jpg');
Insert into FINAL_503_TEAM_PETPAL.PICTURE_TABLE (PICTURE_CODE,PICTURE_NAME,PICTURE_URL,PICTURE_UPLOAD_DATE,PICTURE_DELETE_YN,PICTURE_NEW_NAME,PICTURE_UTIL_PATH) values (160,'사료.PNG','D:\finalWorkspace\petpal\src\main\webapp\resources\uploadFiles',to_date('21/07/10','RR/MM/DD'),'N','5a4e009d-8e14-4e94-b8d3-b472ce0696a2.PNG','resources\uploadFiles\5a4e009d-8e14-4e94-b8d3-b472ce0696a2.PNG');
Insert into FINAL_503_TEAM_PETPAL.PICTURE_TABLE (PICTURE_CODE,PICTURE_NAME,PICTURE_URL,PICTURE_UPLOAD_DATE,PICTURE_DELETE_YN,PICTURE_NEW_NAME,PICTURE_UTIL_PATH) values (161,'삼성.PNG','C:\Users\WEENARA\git\petpal\src\main\webapp\resources\uploadFiles',to_date('21/07/10','RR/MM/DD'),'N','ada80b9354d0495e91c83c549d789b38.PNG','resources\uploadFiles\ada80b9354d0495e91c83c549d789b38.PNG');
Insert into FINAL_503_TEAM_PETPAL.PICTURE_TABLE (PICTURE_CODE,PICTURE_NAME,PICTURE_URL,PICTURE_UPLOAD_DATE,PICTURE_DELETE_YN,PICTURE_NEW_NAME,PICTURE_UTIL_PATH) values (162,'고양이 어항.PNG','C:\Users\kim\git\petpal\src\main\webapp\resources\uploadFiles',to_date('21/07/10','RR/MM/DD'),'N','14ec81e81b9d478bb8ba69719c119662.PNG','resources\uploadFiles\14ec81e81b9d478bb8ba69719c119662.PNG');
Insert into FINAL_503_TEAM_PETPAL.PICTURE_TABLE (PICTURE_CODE,PICTURE_NAME,PICTURE_URL,PICTURE_UPLOAD_DATE,PICTURE_DELETE_YN,PICTURE_NEW_NAME,PICTURE_UTIL_PATH) values (163,'반려동물카페2.PNG','C:\Users\kim\git\petpal\src\main\webapp\resources\uploadFiles',to_date('21/07/10','RR/MM/DD'),'N','76ff1f413a8540d3b1f0c1e87869b4d5.PNG','resources\uploadFiles\76ff1f413a8540d3b1f0c1e87869b4d5.PNG');
Insert into FINAL_503_TEAM_PETPAL.PICTURE_TABLE (PICTURE_CODE,PICTURE_NAME,PICTURE_URL,PICTURE_UPLOAD_DATE,PICTURE_DELETE_YN,PICTURE_NEW_NAME,PICTURE_UTIL_PATH) values (164,'message icon.png','D:\finalWorkspace\petpal\src\main\webapp\resources\uploadFiles',to_date('21/07/10','RR/MM/DD'),'N','6ca52873c531480b86cb2657dba2508f.png','resources\uploadFiles\6ca52873c531480b86cb2657dba2508f.png');
Insert into FINAL_503_TEAM_PETPAL.PICTURE_TABLE (PICTURE_CODE,PICTURE_NAME,PICTURE_URL,PICTURE_UPLOAD_DATE,PICTURE_DELETE_YN,PICTURE_NEW_NAME,PICTURE_UTIL_PATH) values (165,'wanted.png','D:\finalWorkspace\petpal\src\main\webapp\resources\uploadFiles',to_date('21/07/10','RR/MM/DD'),'N','c1d283a86e9e4502ad8c5cee6951f153.png','resources\uploadFiles\c1d283a86e9e4502ad8c5cee6951f153.png');
Insert into FINAL_503_TEAM_PETPAL.PICTURE_TABLE (PICTURE_CODE,PICTURE_NAME,PICTURE_URL,PICTURE_UPLOAD_DATE,PICTURE_DELETE_YN,PICTURE_NEW_NAME,PICTURE_UTIL_PATH) values (166,'lost_dog.png','D:\finalWorkspace\petpal\src\main\webapp\resources\uploadFiles',to_date('21/07/10','RR/MM/DD'),'N','05ef2b3a33874422a0f23f518a0bf624.png','resources\uploadFiles\05ef2b3a33874422a0f23f518a0bf624.png');
Insert into FINAL_503_TEAM_PETPAL.PICTURE_TABLE (PICTURE_CODE,PICTURE_NAME,PICTURE_URL,PICTURE_UPLOAD_DATE,PICTURE_DELETE_YN,PICTURE_NEW_NAME,PICTURE_UTIL_PATH) values (167,'photo-1583337130417-3346a1be7dee.jpg','C:\Users\knit\git\petpal\src\main\webapp\resources\uploadFiles',to_date('21/07/10','RR/MM/DD'),'N','2de15103fbed4d738c0cdeb324cf46ea.jpg','resources\uploadFiles\2de15103fbed4d738c0cdeb324cf46ea.jpg');
Insert into FINAL_503_TEAM_PETPAL.PICTURE_TABLE (PICTURE_CODE,PICTURE_NAME,PICTURE_URL,PICTURE_UPLOAD_DATE,PICTURE_DELETE_YN,PICTURE_NEW_NAME,PICTURE_UTIL_PATH) values (168,'22.PNG','C:\Users\WEENARA\git\petpal\src\main\webapp\resources\uploadFiles',to_date('21/07/11','RR/MM/DD'),'N','ae1a8da2d5814959ad29bbb27560340a.PNG','resources\uploadFiles\ae1a8da2d5814959ad29bbb27560340a.PNG');
Insert into FINAL_503_TEAM_PETPAL.PICTURE_TABLE (PICTURE_CODE,PICTURE_NAME,PICTURE_URL,PICTURE_UPLOAD_DATE,PICTURE_DELETE_YN,PICTURE_NEW_NAME,PICTURE_UTIL_PATH) values (169,'22.PNG','C:\Users\WEENARA\git\petpal\src\main\webapp\resources\uploadFiles',to_date('21/07/11','RR/MM/DD'),'N','7f94eb29f2ca43f28fe7c1e7bd10c5d4.PNG','resources\uploadFiles\7f94eb29f2ca43f28fe7c1e7bd10c5d4.PNG');
Insert into FINAL_503_TEAM_PETPAL.PICTURE_TABLE (PICTURE_CODE,PICTURE_NAME,PICTURE_URL,PICTURE_UPLOAD_DATE,PICTURE_DELETE_YN,PICTURE_NEW_NAME,PICTURE_UTIL_PATH) values (170,'333.PNG','C:\Users\WEENARA\git\petpal\src\main\webapp\resources\uploadFiles',to_date('21/07/11','RR/MM/DD'),'N','4025bc96bef24aca8a3953f250095abb.PNG','resources\uploadFiles\4025bc96bef24aca8a3953f250095abb.PNG');
Insert into FINAL_503_TEAM_PETPAL.PICTURE_TABLE (PICTURE_CODE,PICTURE_NAME,PICTURE_URL,PICTURE_UPLOAD_DATE,PICTURE_DELETE_YN,PICTURE_NEW_NAME,PICTURE_UTIL_PATH) values (171,'44.PNG','C:\Users\WEENARA\git\petpal\src\main\webapp\resources\uploadFiles',to_date('21/07/11','RR/MM/DD'),'N','b8ff1f8779be4db7b3ecdf3267e13799.PNG','resources\uploadFiles\b8ff1f8779be4db7b3ecdf3267e13799.PNG');
Insert into FINAL_503_TEAM_PETPAL.PICTURE_TABLE (PICTURE_CODE,PICTURE_NAME,PICTURE_URL,PICTURE_UPLOAD_DATE,PICTURE_DELETE_YN,PICTURE_NEW_NAME,PICTURE_UTIL_PATH) values (172,'KakaoTalk_20210629_014029465.jpg','C:\Users\judyh\git\petpal\src\main\webapp\resources\uploadFiles',to_date('21/07/11','RR/MM/DD'),'N','36422bb8d68d4db69774ee3789b2f46c.jpg','resources\uploadFiles\36422bb8d68d4db69774ee3789b2f46c.jpg');
Insert into FINAL_503_TEAM_PETPAL.PICTURE_TABLE (PICTURE_CODE,PICTURE_NAME,PICTURE_URL,PICTURE_UPLOAD_DATE,PICTURE_DELETE_YN,PICTURE_NEW_NAME,PICTURE_UTIL_PATH) values (173,'KakaoTalk_20210630_233325332_02.jpg','C:\Users\judyh\git\petpal\src\main\webapp\resources\uploadFiles',to_date('21/07/11','RR/MM/DD'),'N','b4c09b8919724ca781545f63adf8dbd7.jpg','resources\uploadFiles\b4c09b8919724ca781545f63adf8dbd7.jpg');
Insert into FINAL_503_TEAM_PETPAL.PICTURE_TABLE (PICTURE_CODE,PICTURE_NAME,PICTURE_URL,PICTURE_UPLOAD_DATE,PICTURE_DELETE_YN,PICTURE_NEW_NAME,PICTURE_UTIL_PATH) values (174,'Jamanbo.jpg','C:\Users\TJ\Desktop\workspace\.metadata\.plugins\org.eclipse.wst.server.core\tmp0\wtpwebapps\petpal\resources\uploadFiles',to_date('21/07/12','RR/MM/DD'),'N','a303d2d3bacf49678064d20f200d66f2.jpg','resources\uploadFiles\a303d2d3bacf49678064d20f200d66f2.jpg');
Insert into FINAL_503_TEAM_PETPAL.PICTURE_TABLE (PICTURE_CODE,PICTURE_NAME,PICTURE_URL,PICTURE_UPLOAD_DATE,PICTURE_DELETE_YN,PICTURE_NEW_NAME,PICTURE_UTIL_PATH) values (175,'잠만보.jpg','C:\Users\TJ\Desktop\workspace\.metadata\.plugins\org.eclipse.wst.server.core\tmp0\wtpwebapps\petpal\resources\uploadFiles',to_date('21/07/12','RR/MM/DD'),'N','13e1701e-2fb8-4990-9637-254da2745d02.jpg','resources\uploadFiles\13e1701e-2fb8-4990-9637-254da2745d02.jpg');
Insert into FINAL_503_TEAM_PETPAL.PICTURE_TABLE (PICTURE_CODE,PICTURE_NAME,PICTURE_URL,PICTURE_UPLOAD_DATE,PICTURE_DELETE_YN,PICTURE_NEW_NAME,PICTURE_UTIL_PATH) values (176,'잠만보.jpg','C:\Users\TJ\Desktop\workspace\.metadata\.plugins\org.eclipse.wst.server.core\tmp0\wtpwebapps\petpal\resources\uploadFiles',to_date('21/07/12','RR/MM/DD'),'N','aa64a439f1f644c6bacdd458aa30b19e.jpg','resources\uploadFiles\aa64a439f1f644c6bacdd458aa30b19e.jpg');
Insert into FINAL_503_TEAM_PETPAL.PICTURE_TABLE (PICTURE_CODE,PICTURE_NAME,PICTURE_URL,PICTURE_UPLOAD_DATE,PICTURE_DELETE_YN,PICTURE_NEW_NAME,PICTURE_UTIL_PATH) values (177,'시베리안 허스키.jpg','C:\Users\kim\git\petpal\src\main\webapp\resources\uploadFiles',to_date('21/07/13','RR/MM/DD'),'N','9400f130eeaf40b2a8c09bd190ee1d55.jpg','resources\uploadFiles\9400f130eeaf40b2a8c09bd190ee1d55.jpg');
Insert into FINAL_503_TEAM_PETPAL.PICTURE_TABLE (PICTURE_CODE,PICTURE_NAME,PICTURE_URL,PICTURE_UPLOAD_DATE,PICTURE_DELETE_YN,PICTURE_NEW_NAME,PICTURE_UTIL_PATH) values (178,'코리안 숏헤어.png','C:\Users\kim\git\petpal\src\main\webapp\resources\uploadFiles',to_date('21/07/13','RR/MM/DD'),'N','7cc40880526b4dabb0edcac35879be48.png','resources\uploadFiles\7cc40880526b4dabb0edcac35879be48.png');
Insert into FINAL_503_TEAM_PETPAL.PICTURE_TABLE (PICTURE_CODE,PICTURE_NAME,PICTURE_URL,PICTURE_UPLOAD_DATE,PICTURE_DELETE_YN,PICTURE_NEW_NAME,PICTURE_UTIL_PATH) values (179,'KakaoTalk_20210710_161354488_02.jpg','C:\Users\WEENARA\git\petpal\src\main\webapp\resources\uploadFiles',to_date('21/07/13','RR/MM/DD'),'N','f27c0f9e94c64bb2b81d5090b6f4f348.jpg','resources\uploadFiles\f27c0f9e94c64bb2b81d5090b6f4f348.jpg');
Insert into FINAL_503_TEAM_PETPAL.PICTURE_TABLE (PICTURE_CODE,PICTURE_NAME,PICTURE_URL,PICTURE_UPLOAD_DATE,PICTURE_DELETE_YN,PICTURE_NEW_NAME,PICTURE_UTIL_PATH) values (180,'KakaoTalk_20210629_014029465_02.jpg','C:\Users\judyh\git\petpal\src\main\webapp\resources\uploadFiles',to_date('21/07/13','RR/MM/DD'),'N','168433f41b214db9be23e2e6bd032db6.jpg','resources\uploadFiles\168433f41b214db9be23e2e6bd032db6.jpg');
Insert into FINAL_503_TEAM_PETPAL.PICTURE_TABLE (PICTURE_CODE,PICTURE_NAME,PICTURE_URL,PICTURE_UPLOAD_DATE,PICTURE_DELETE_YN,PICTURE_NEW_NAME,PICTURE_UTIL_PATH) values (181,'KakaoTalk_20210629_014029465_01.jpg','C:\Users\judyh\git\petpal\src\main\webapp\resources\uploadFiles',to_date('21/07/13','RR/MM/DD'),'N','66ffae3a45534dd29dcdecb7404e94ba.jpg','resources\uploadFiles\66ffae3a45534dd29dcdecb7404e94ba.jpg');
Insert into FINAL_503_TEAM_PETPAL.PICTURE_TABLE (PICTURE_CODE,PICTURE_NAME,PICTURE_URL,PICTURE_UPLOAD_DATE,PICTURE_DELETE_YN,PICTURE_NEW_NAME,PICTURE_UTIL_PATH) values (182,'KakaoTalk_20210629_014029465.jpg','C:\Users\judyh\git\petpal\src\main\webapp\resources\uploadFiles',to_date('21/07/13','RR/MM/DD'),'N','67be061988284165afee6d7226acfc66.jpg','resources\uploadFiles\67be061988284165afee6d7226acfc66.jpg');
Insert into FINAL_503_TEAM_PETPAL.PICTURE_TABLE (PICTURE_CODE,PICTURE_NAME,PICTURE_URL,PICTURE_UPLOAD_DATE,PICTURE_DELETE_YN,PICTURE_NEW_NAME,PICTURE_UTIL_PATH) values (183,'캡처.PNG','C:\Users\WEENARA\git\petpal\src\main\webapp\resources\uploadFiles',to_date('21/07/13','RR/MM/DD'),'N','45678c6f7ff549c98ee1fd85db897729.PNG','resources\uploadFiles\45678c6f7ff549c98ee1fd85db897729.PNG');
Insert into FINAL_503_TEAM_PETPAL.PICTURE_TABLE (PICTURE_CODE,PICTURE_NAME,PICTURE_URL,PICTURE_UPLOAD_DATE,PICTURE_DELETE_YN,PICTURE_NEW_NAME,PICTURE_UTIL_PATH) values (184,'시바견.jpg','C:\Users\kim\git\petpal\src\main\webapp\resources\uploadFiles',to_date('21/07/13','RR/MM/DD'),'N','e33964460a63412bb4720342166bf748.jpg','resources\uploadFiles\e33964460a63412bb4720342166bf748.jpg');
Insert into FINAL_503_TEAM_PETPAL.PICTURE_TABLE (PICTURE_CODE,PICTURE_NAME,PICTURE_URL,PICTURE_UPLOAD_DATE,PICTURE_DELETE_YN,PICTURE_NEW_NAME,PICTURE_UTIL_PATH) values (185,'dd.PNG','C:\Users\WEENARA\git\petpal\src\main\webapp\resources\uploadFiles',to_date('21/07/13','RR/MM/DD'),'N','fb1622f5179546f1885413cbb0be519b.PNG','resources\uploadFiles\fb1622f5179546f1885413cbb0be519b.PNG');
Insert into FINAL_503_TEAM_PETPAL.PICTURE_TABLE (PICTURE_CODE,PICTURE_NAME,PICTURE_URL,PICTURE_UPLOAD_DATE,PICTURE_DELETE_YN,PICTURE_NEW_NAME,PICTURE_UTIL_PATH) values (186,'믹스견.jpg','C:\Users\kim\git\petpal\src\main\webapp\resources\uploadFiles',to_date('21/07/13','RR/MM/DD'),'N','24c5201628dc4067aa5c16dca7002f2f.jpg','resources\uploadFiles\24c5201628dc4067aa5c16dca7002f2f.jpg');
Insert into FINAL_503_TEAM_PETPAL.PICTURE_TABLE (PICTURE_CODE,PICTURE_NAME,PICTURE_URL,PICTURE_UPLOAD_DATE,PICTURE_DELETE_YN,PICTURE_NEW_NAME,PICTURE_UTIL_PATH) values (187,'믹스견4.jpg','C:\Users\kim\git\petpal\src\main\webapp\resources\uploadFiles',to_date('21/07/13','RR/MM/DD'),'N','57b99a5180584355a681c2be660e8b25.jpg','resources\uploadFiles\57b99a5180584355a681c2be660e8b25.jpg');
Insert into FINAL_503_TEAM_PETPAL.PICTURE_TABLE (PICTURE_CODE,PICTURE_NAME,PICTURE_URL,PICTURE_UPLOAD_DATE,PICTURE_DELETE_YN,PICTURE_NEW_NAME,PICTURE_UTIL_PATH) values (188,'사료.PNG','D:\finalWorkspace\petpal\src\main\webapp\resources\uploadFiles',to_date('21/07/13','RR/MM/DD'),'N','8e927345f2be414c880bc4ec54a06c53.PNG','resources\uploadFiles\8e927345f2be414c880bc4ec54a06c53.PNG');
Insert into FINAL_503_TEAM_PETPAL.PICTURE_TABLE (PICTURE_CODE,PICTURE_NAME,PICTURE_URL,PICTURE_UPLOAD_DATE,PICTURE_DELETE_YN,PICTURE_NEW_NAME,PICTURE_UTIL_PATH) values (189,'pp.PNG','C:\Users\WEENARA\git\petpal\src\main\webapp\resources\uploadFiles',to_date('21/07/13','RR/MM/DD'),'N','f4240980b061447d8bcf0ef8f831a2a6.PNG','resources\uploadFiles\f4240980b061447d8bcf0ef8f831a2a6.PNG');
Insert into FINAL_503_TEAM_PETPAL.PICTURE_TABLE (PICTURE_CODE,PICTURE_NAME,PICTURE_URL,PICTURE_UPLOAD_DATE,PICTURE_DELETE_YN,PICTURE_NEW_NAME,PICTURE_UTIL_PATH) values (190,'pp2.PNG','C:\Users\WEENARA\git\petpal\src\main\webapp\resources\uploadFiles',to_date('21/07/13','RR/MM/DD'),'N','120a3ee3c827418e860cacaa5bf98787.PNG','resources\uploadFiles\120a3ee3c827418e860cacaa5bf98787.PNG');
Insert into FINAL_503_TEAM_PETPAL.PICTURE_TABLE (PICTURE_CODE,PICTURE_NAME,PICTURE_URL,PICTURE_UPLOAD_DATE,PICTURE_DELETE_YN,PICTURE_NEW_NAME,PICTURE_UTIL_PATH) values (191,'KakaoTalk_20210713_143243937.jpg','C:\Users\judyh\git\petpal\src\main\webapp\resources\uploadFiles',to_date('21/07/13','RR/MM/DD'),'N','705e84d514d64d4e8c340fce8baf13e1.jpg','resources\uploadFiles\705e84d514d64d4e8c340fce8baf13e1.jpg');
Insert into FINAL_503_TEAM_PETPAL.PICTURE_TABLE (PICTURE_CODE,PICTURE_NAME,PICTURE_URL,PICTURE_UPLOAD_DATE,PICTURE_DELETE_YN,PICTURE_NEW_NAME,PICTURE_UTIL_PATH) values (192,'KakaoTalk_20210713_143243937_01.jpg','C:\Users\judyh\git\petpal\src\main\webapp\resources\uploadFiles',to_date('21/07/13','RR/MM/DD'),'N','609683a818f84549853609d1265ac276.jpg','resources\uploadFiles\609683a818f84549853609d1265ac276.jpg');
Insert into FINAL_503_TEAM_PETPAL.PICTURE_TABLE (PICTURE_CODE,PICTURE_NAME,PICTURE_URL,PICTURE_UPLOAD_DATE,PICTURE_DELETE_YN,PICTURE_NEW_NAME,PICTURE_UTIL_PATH) values (193,'KakaoTalk_20210713_143243937_02.jpg','C:\Users\judyh\git\petpal\src\main\webapp\resources\uploadFiles',to_date('21/07/13','RR/MM/DD'),'N','1f6868e200da4a69a7c0d25f8fc973e3.jpg','resources\uploadFiles\1f6868e200da4a69a7c0d25f8fc973e3.jpg');
Insert into FINAL_503_TEAM_PETPAL.PICTURE_TABLE (PICTURE_CODE,PICTURE_NAME,PICTURE_URL,PICTURE_UPLOAD_DATE,PICTURE_DELETE_YN,PICTURE_NEW_NAME,PICTURE_UTIL_PATH) values (194,'cat2.jpg','C:\Users\kim\git\petpal\src\main\webapp\resources\uploadFiles',to_date('21/07/13','RR/MM/DD'),'N','9c25855bb1df41e295815e6c6cddb475.jpg','resources\uploadFiles\9c25855bb1df41e295815e6c6cddb475.jpg');
Insert into FINAL_503_TEAM_PETPAL.PICTURE_TABLE (PICTURE_CODE,PICTURE_NAME,PICTURE_URL,PICTURE_UPLOAD_DATE,PICTURE_DELETE_YN,PICTURE_NEW_NAME,PICTURE_UTIL_PATH) values (195,'KakaoTalk_20210713_143504220.jpg','C:\Users\judyh\git\petpal\src\main\webapp\resources\uploadFiles',to_date('21/07/13','RR/MM/DD'),'N','95fc8f83f1ad4d7eb88b884c1c555cd5.jpg','resources\uploadFiles\95fc8f83f1ad4d7eb88b884c1c555cd5.jpg');
Insert into FINAL_503_TEAM_PETPAL.PICTURE_TABLE (PICTURE_CODE,PICTURE_NAME,PICTURE_URL,PICTURE_UPLOAD_DATE,PICTURE_DELETE_YN,PICTURE_NEW_NAME,PICTURE_UTIL_PATH) values (196,'KakaoTalk_20210713_143622254_03.jpg','D:\finalWorkspace\petpal\src\main\webapp\resources\uploadFiles',to_date('21/07/13','RR/MM/DD'),'N','6b1dc3d9e3864a59833e56fa0c17960f.jpg','resources\uploadFiles\6b1dc3d9e3864a59833e56fa0c17960f.jpg');
Insert into FINAL_503_TEAM_PETPAL.PICTURE_TABLE (PICTURE_CODE,PICTURE_NAME,PICTURE_URL,PICTURE_UPLOAD_DATE,PICTURE_DELETE_YN,PICTURE_NEW_NAME,PICTURE_UTIL_PATH) values (197,'1.PNG','C:\Users\WEENARA\git\petpal\src\main\webapp\resources\uploadFiles',to_date('21/07/13','RR/MM/DD'),'N','08520ecd39614d7c86e04a99966f2a70.PNG','resources\uploadFiles\08520ecd39614d7c86e04a99966f2a70.PNG');
Insert into FINAL_503_TEAM_PETPAL.PICTURE_TABLE (PICTURE_CODE,PICTURE_NAME,PICTURE_URL,PICTURE_UPLOAD_DATE,PICTURE_DELETE_YN,PICTURE_NEW_NAME,PICTURE_UTIL_PATH) values (198,'2.PNG','C:\Users\WEENARA\git\petpal\src\main\webapp\resources\uploadFiles',to_date('21/07/13','RR/MM/DD'),'N','a3a3ec2e02534fa78357b69bcbfa91b1.PNG','resources\uploadFiles\a3a3ec2e02534fa78357b69bcbfa91b1.PNG');
Insert into FINAL_503_TEAM_PETPAL.PICTURE_TABLE (PICTURE_CODE,PICTURE_NAME,PICTURE_URL,PICTURE_UPLOAD_DATE,PICTURE_DELETE_YN,PICTURE_NEW_NAME,PICTURE_UTIL_PATH) values (199,'3.PNG','C:\Users\WEENARA\git\petpal\src\main\webapp\resources\uploadFiles',to_date('21/07/13','RR/MM/DD'),'N','5c5482e107834829b20397e872f5c73d.PNG','resources\uploadFiles\5c5482e107834829b20397e872f5c73d.PNG');
Insert into FINAL_503_TEAM_PETPAL.PICTURE_TABLE (PICTURE_CODE,PICTURE_NAME,PICTURE_URL,PICTURE_UPLOAD_DATE,PICTURE_DELETE_YN,PICTURE_NEW_NAME,PICTURE_UTIL_PATH) values (200,'KakaoTalk_20210630_233325332_02.jpg','C:\Users\judyh\git\petpal\src\main\webapp\resources\uploadFiles',to_date('21/07/13','RR/MM/DD'),'N','0b80d77c345d4090ac70ed359bb6a916.jpg','resources\uploadFiles\0b80d77c345d4090ac70ed359bb6a916.jpg');
Insert into FINAL_503_TEAM_PETPAL.PICTURE_TABLE (PICTURE_CODE,PICTURE_NAME,PICTURE_URL,PICTURE_UPLOAD_DATE,PICTURE_DELETE_YN,PICTURE_NEW_NAME,PICTURE_UTIL_PATH) values (201,'KakaoTalk_20210630_233325332.jpg','C:\Users\judyh\git\petpal\src\main\webapp\resources\uploadFiles',to_date('21/07/13','RR/MM/DD'),'N','66375bbf243e441bb8cb0a772d8c6494.jpg','resources\uploadFiles\66375bbf243e441bb8cb0a772d8c6494.jpg');
Insert into FINAL_503_TEAM_PETPAL.PICTURE_TABLE (PICTURE_CODE,PICTURE_NAME,PICTURE_URL,PICTURE_UPLOAD_DATE,PICTURE_DELETE_YN,PICTURE_NEW_NAME,PICTURE_UTIL_PATH) values (202,'KakaoTalk_20210630_233325332_01.jpg','C:\Users\judyh\git\petpal\src\main\webapp\resources\uploadFiles',to_date('21/07/13','RR/MM/DD'),'N','0a37c86c40b7486298a8a34d52dd1cd6.jpg','resources\uploadFiles\0a37c86c40b7486298a8a34d52dd1cd6.jpg');
Insert into FINAL_503_TEAM_PETPAL.PICTURE_TABLE (PICTURE_CODE,PICTURE_NAME,PICTURE_URL,PICTURE_UPLOAD_DATE,PICTURE_DELETE_YN,PICTURE_NEW_NAME,PICTURE_UTIL_PATH) values (203,'KakaoTalk_20210713_144339456.jpg','D:\finalWorkspace\petpal\src\main\webapp\resources\uploadFiles',to_date('21/07/13','RR/MM/DD'),'N','f4c048e130aa45208c1ed51c7e52d527.jpg','resources\uploadFiles\f4c048e130aa45208c1ed51c7e52d527.jpg');
Insert into FINAL_503_TEAM_PETPAL.PICTURE_TABLE (PICTURE_CODE,PICTURE_NAME,PICTURE_URL,PICTURE_UPLOAD_DATE,PICTURE_DELETE_YN,PICTURE_NEW_NAME,PICTURE_UTIL_PATH) values (204,'코리안 숏헤어.png','C:\Users\kim\git\petpal\src\main\webapp\resources\uploadFiles',to_date('21/07/13','RR/MM/DD'),'N','1073d9fd5394425f9f2cfa840376da9d.png','resources\uploadFiles\1073d9fd5394425f9f2cfa840376da9d.png');
Insert into FINAL_503_TEAM_PETPAL.PICTURE_TABLE (PICTURE_CODE,PICTURE_NAME,PICTURE_URL,PICTURE_UPLOAD_DATE,PICTURE_DELETE_YN,PICTURE_NEW_NAME,PICTURE_UTIL_PATH) values (205,'KakaoTalk_20210713_145300184.jpg','C:\Users\judyh\git\petpal\src\main\webapp\resources\uploadFiles',to_date('21/07/13','RR/MM/DD'),'N','3d82f67624eb4fe9ac4d8aec2dd8eac0.jpg','resources\uploadFiles\3d82f67624eb4fe9ac4d8aec2dd8eac0.jpg');
Insert into FINAL_503_TEAM_PETPAL.PICTURE_TABLE (PICTURE_CODE,PICTURE_NAME,PICTURE_URL,PICTURE_UPLOAD_DATE,PICTURE_DELETE_YN,PICTURE_NEW_NAME,PICTURE_UTIL_PATH) values (206,'KakaoTalk_20210713_145300184_01.jpg','C:\Users\judyh\git\petpal\src\main\webapp\resources\uploadFiles',to_date('21/07/13','RR/MM/DD'),'N','be6f052f6a144e41a7411f9ccb5365d1.jpg','resources\uploadFiles\be6f052f6a144e41a7411f9ccb5365d1.jpg');
Insert into FINAL_503_TEAM_PETPAL.PICTURE_TABLE (PICTURE_CODE,PICTURE_NAME,PICTURE_URL,PICTURE_UPLOAD_DATE,PICTURE_DELETE_YN,PICTURE_NEW_NAME,PICTURE_UTIL_PATH) values (207,'KakaoTalk_20210630_144330225.jpg','C:\Users\judyh\git\petpal\src\main\webapp\resources\uploadFiles',to_date('21/07/13','RR/MM/DD'),'N','f60fbad729494ca2849f8f0c83e70d14.jpg','resources\uploadFiles\f60fbad729494ca2849f8f0c83e70d14.jpg');
Insert into FINAL_503_TEAM_PETPAL.PICTURE_TABLE (PICTURE_CODE,PICTURE_NAME,PICTURE_URL,PICTURE_UPLOAD_DATE,PICTURE_DELETE_YN,PICTURE_NEW_NAME,PICTURE_UTIL_PATH) values (208,'KakaoTalk_20210630_144330225_01.jpg','C:\Users\judyh\git\petpal\src\main\webapp\resources\uploadFiles',to_date('21/07/13','RR/MM/DD'),'N','3378df0c48714374be5b53db7fd3db13.jpg','resources\uploadFiles\3378df0c48714374be5b53db7fd3db13.jpg');
Insert into FINAL_503_TEAM_PETPAL.PICTURE_TABLE (PICTURE_CODE,PICTURE_NAME,PICTURE_URL,PICTURE_UPLOAD_DATE,PICTURE_DELETE_YN,PICTURE_NEW_NAME,PICTURE_UTIL_PATH) values (209,'dddfs.PNG','C:\Users\WEENARA\git\petpal\src\main\webapp\resources\uploadFiles',to_date('21/07/13','RR/MM/DD'),'N','d5f935c6f9db42869ad4b95da661e9d6.PNG','resources\uploadFiles\d5f935c6f9db42869ad4b95da661e9d6.PNG');
Insert into FINAL_503_TEAM_PETPAL.PICTURE_TABLE (PICTURE_CODE,PICTURE_NAME,PICTURE_URL,PICTURE_UPLOAD_DATE,PICTURE_DELETE_YN,PICTURE_NEW_NAME,PICTURE_UTIL_PATH) values (210,'cat.jpg','C:\Users\kim\git\petpal\src\main\webapp\resources\uploadFiles',to_date('21/07/13','RR/MM/DD'),'N','2233e6573b2b4a1697f35c705e0f5ece.jpg','resources\uploadFiles\2233e6573b2b4a1697f35c705e0f5ece.jpg');
Insert into FINAL_503_TEAM_PETPAL.PICTURE_TABLE (PICTURE_CODE,PICTURE_NAME,PICTURE_URL,PICTURE_UPLOAD_DATE,PICTURE_DELETE_YN,PICTURE_NEW_NAME,PICTURE_UTIL_PATH) values (211,'sfdsfd.jpg','C:\Users\WEENARA\git\petpal\src\main\webapp\resources\uploadFiles',to_date('21/07/13','RR/MM/DD'),'N','e66e90c87b704adfb13b502663977e8d.jpg','resources\uploadFiles\e66e90c87b704adfb13b502663977e8d.jpg');
Insert into FINAL_503_TEAM_PETPAL.PICTURE_TABLE (PICTURE_CODE,PICTURE_NAME,PICTURE_URL,PICTURE_UPLOAD_DATE,PICTURE_DELETE_YN,PICTURE_NEW_NAME,PICTURE_UTIL_PATH) values (212,'파인애플.jpg','C:\Users\kim\git\petpal\src\main\webapp\resources\uploadFiles',to_date('21/07/13','RR/MM/DD'),'N','7004822b63264a01a198e29b377f19a4.jpg','resources\uploadFiles\7004822b63264a01a198e29b377f19a4.jpg');
Insert into FINAL_503_TEAM_PETPAL.PICTURE_TABLE (PICTURE_CODE,PICTURE_NAME,PICTURE_URL,PICTURE_UPLOAD_DATE,PICTURE_DELETE_YN,PICTURE_NEW_NAME,PICTURE_UTIL_PATH) values (213,'dog_food_1523369737.jpg','C:\Users\kim\git\petpal\src\main\webapp\resources\uploadFiles',to_date('21/07/13','RR/MM/DD'),'N','8ee052d2bfca4a38802265bdd8c16428.jpg','resources\uploadFiles\8ee052d2bfca4a38802265bdd8c16428.jpg');
Insert into FINAL_503_TEAM_PETPAL.PICTURE_TABLE (PICTURE_CODE,PICTURE_NAME,PICTURE_URL,PICTURE_UPLOAD_DATE,PICTURE_DELETE_YN,PICTURE_NEW_NAME,PICTURE_UTIL_PATH) values (214,'범스피자.jpg','C:\Users\kim\git\petpal\src\main\webapp\resources\uploadFiles',to_date('21/07/13','RR/MM/DD'),'N','d2d653b0138e49e486389abe26f27e3e.jpg','resources\uploadFiles\d2d653b0138e49e486389abe26f27e3e.jpg');
Insert into FINAL_503_TEAM_PETPAL.PICTURE_TABLE (PICTURE_CODE,PICTURE_NAME,PICTURE_URL,PICTURE_UPLOAD_DATE,PICTURE_DELETE_YN,PICTURE_NEW_NAME,PICTURE_UTIL_PATH) values (215,'mmmm.PNG','C:\Users\WEENARA\git\petpal\src\main\webapp\resources\uploadFiles',to_date('21/07/13','RR/MM/DD'),'N','a0168308ea43483db07222500ab9d350.PNG','resources\uploadFiles\a0168308ea43483db07222500ab9d350.PNG');
Insert into FINAL_503_TEAM_PETPAL.PICTURE_TABLE (PICTURE_CODE,PICTURE_NAME,PICTURE_URL,PICTURE_UPLOAD_DATE,PICTURE_DELETE_YN,PICTURE_NEW_NAME,PICTURE_UTIL_PATH) values (216,'image.png','C:\Users\kim\git\petpal\src\main\webapp\resources\uploadFiles',to_date('21/07/13','RR/MM/DD'),'N','688ccffdfcec46448cc3ca159ea176e5.png','resources\uploadFiles\688ccffdfcec46448cc3ca159ea176e5.png');
REM INSERTING into FINAL_503_TEAM_PETPAL.QUESTION_BOARD
SET DEFINE OFF;
REM INSERTING into FINAL_503_TEAM_PETPAL.REPLY_MANAGE
SET DEFINE OFF;
REM INSERTING into FINAL_503_TEAM_PETPAL.REPLY_REPORT_TABLE
SET DEFINE OFF;
REM INSERTING into FINAL_503_TEAM_PETPAL.REPORT_MANAGE
SET DEFINE OFF;
REM INSERTING into FINAL_503_TEAM_PETPAL.REVIEW_BOARD
SET DEFINE OFF;
Insert into FINAL_503_TEAM_PETPAL.REVIEW_BOARD (BOARD_CODE,BOARD_TITLE,BOARD_CONTENT,BOARD_VIEWS,BOARD_POST_DATE,BOARD_DELETE_YN,USER_CODE) values (15,'까다로운 우리 아이 입맛도 말랑하게 이즈칸 소프트!','<p><img src="/petpal/resources/uploadFiles/8e927345f2be414c880bc4ec54a06c53.PNG" style="width: 287px;"></p><p><br></p><p>저희 집 아이가 입맛이 너무 까다로워서 밥을 잘 안 먹는데 친구의 추천으로 알게 된 사료에요~</p><p>그런데 세상에?! 너무 잘 먹습니다ㅠㅠ 이 사료 먹고 순식간에 1kg쪘네요ㅋㅋㅋㅋㅋㅋ</p><p>알이 크지 않고 말랑해서 노견도 먹기에 너무 좋아요~</p>',1,to_date('21/07/13','RR/MM/DD'),'N',17);
Insert into FINAL_503_TEAM_PETPAL.REVIEW_BOARD (BOARD_CODE,BOARD_TITLE,BOARD_CONTENT,BOARD_VIEWS,BOARD_POST_DATE,BOARD_DELETE_YN,USER_CODE) values (16,'푹신푹신 강아지 방석! 꿀잠 직행~ 이거 사실...','								<p><img src="/petpal/resources/uploadFiles/6b1dc3d9e3864a59833e56fa0c17960f.jpg" style="width: 50%;"></p><p><br></p><p>강아지라고 땅 바닥에서 매일매일 잘 잘까요? No!!! 사람도 아무것도 없는 맨바닥에서 잠을 잘 순 있지만 매일매일 잠 자기는 힘들죠 :)</p><p>강아지도 이와 같다는 사실!</p><p>그런 우리 강아지에게 푹신한 침대 하나 놔주는 건 어떨까요? Kixxxxx 여기 방석 너무나 좋아요~ 침대만 올라가면 골아 떨어지는 우리 아이ㅋㅋ</p><p>여러분의 아이들에게도 푹신한 침대 하나 어떨가요 :)?</p><p><br></p><p>사실 저도 가끔 여기에 머리 누이고 잠 잘때도 있어요........&nbsp;</p>
							',1,to_date('21/07/13','RR/MM/DD'),'N',17);
Insert into FINAL_503_TEAM_PETPAL.REVIEW_BOARD (BOARD_CODE,BOARD_TITLE,BOARD_CONTENT,BOARD_VIEWS,BOARD_POST_DATE,BOARD_DELETE_YN,USER_CODE) values (17,'다이소 옷은 싸구려라 걱정? 아니! 충분히 좋아요!','<p><img src="/petpal/resources/uploadFiles/f4c048e130aa45208c1ed51c7e52d527.jpg" style="width: 50%;"></p><p><br></p><p>다이소에 가면 강아지 옷도 팔기도 하잖아요. 그런데 생각보다 너무 싼 옷! 그런데 인터넷만 보면? 너무나 비싼 강아지 옷!</p><p>이렇게 되면 터무니 없이 싼 다이소 옷은 질이 좋지 않나? 라는 생각이 들기 마련이죠. 그래서 한 번 사봤습니다! 근데?!</p><p>너무나 괜찮아요!! 사실 이 옷이 1년도 넘었는데(ㅋㅋ) 아직까지도 너무 잘 입고 있어요~ 여러분도 다이소 옷은 질이 안 좋다는 생각 말고 한 번 입혀보시는 것이 어떠신지~</p><p><br></p><p><br></p><h3><b>결론 : 다이소 강아지 옷! 괜찮다! 입힐만 하다!!</b></h3><p><br></p>',1,to_date('21/07/13','RR/MM/DD'),'N',17);
REM INSERTING into FINAL_503_TEAM_PETPAL.REVIEW_BOARD_REPLY
SET DEFINE OFF;
REM INSERTING into FINAL_503_TEAM_PETPAL.REVIEW_BOARD_REPORT
SET DEFINE OFF;
REM INSERTING into FINAL_503_TEAM_PETPAL.REVIEW_PICTURE_MANAGE
SET DEFINE OFF;
Insert into FINAL_503_TEAM_PETPAL.REVIEW_PICTURE_MANAGE (BOARD_CODE,PICTURE_CODE) values (15,188);
Insert into FINAL_503_TEAM_PETPAL.REVIEW_PICTURE_MANAGE (BOARD_CODE,PICTURE_CODE) values (16,196);
Insert into FINAL_503_TEAM_PETPAL.REVIEW_PICTURE_MANAGE (BOARD_CODE,PICTURE_CODE) values (17,203);
REM INSERTING into FINAL_503_TEAM_PETPAL.SHARE_BOARD
SET DEFINE OFF;
REM INSERTING into FINAL_503_TEAM_PETPAL.SHARE_BOARD_REPORT
SET DEFINE OFF;
REM INSERTING into FINAL_503_TEAM_PETPAL.SHARE_PICTURE_MANAGE
SET DEFINE OFF;
REM INSERTING into FINAL_503_TEAM_PETPAL.STATE_TABLE
SET DEFINE OFF;
Insert into FINAL_503_TEAM_PETPAL.STATE_TABLE (STATE_CODE,STATE_NAME) values (1,'대기');
Insert into FINAL_503_TEAM_PETPAL.STATE_TABLE (STATE_CODE,STATE_NAME) values (2,'승인');
Insert into FINAL_503_TEAM_PETPAL.STATE_TABLE (STATE_CODE,STATE_NAME) values (3,'거절');
Insert into FINAL_503_TEAM_PETPAL.STATE_TABLE (STATE_CODE,STATE_NAME) values (4,'취소');
Insert into FINAL_503_TEAM_PETPAL.STATE_TABLE (STATE_CODE,STATE_NAME) values (5,'찾는중');
Insert into FINAL_503_TEAM_PETPAL.STATE_TABLE (STATE_CODE,STATE_NAME) values (6,'찾기완료');
REM INSERTING into FINAL_503_TEAM_PETPAL.USER_TABLE
SET DEFINE OFF;
Insert into FINAL_503_TEAM_PETPAL.USER_TABLE (USER_CODE,USER_ID,USER_NAME,USER_NIKNAME,USER_PWD,USER_PHONE,USER_EMAIL,EMAIL_YN,REPLY_YN,WITHDRAW_YN,REPORT_COUNT,PERMISSON_SET) values (1,'SAMPLE01','김샘물','졸졸냇물','$2a$10$U4Ftob.riVo6lXIpuxN4YuY9XZN1cKTAFrAK4UGVQwyQt87e3x/oW','010-1234-5431','SAMSAM@greedy.com','N','N','N',0,1);
Insert into FINAL_503_TEAM_PETPAL.USER_TABLE (USER_CODE,USER_ID,USER_NAME,USER_NIKNAME,USER_PWD,USER_PHONE,USER_EMAIL,EMAIL_YN,REPLY_YN,WITHDRAW_YN,REPORT_COUNT,PERMISSON_SET) values (2,'KIMTWO','김둘리','호이잇','PASS02','010-1234-5441','TWOE@greedy.com','Y','N','N',2,1);
Insert into FINAL_503_TEAM_PETPAL.USER_TABLE (USER_CODE,USER_ID,USER_NAME,USER_NIKNAME,USER_PWD,USER_PHONE,USER_EMAIL,EMAIL_YN,REPLY_YN,WITHDRAW_YN,REPORT_COUNT,PERMISSON_SET) values (3,'OPENCLOSE','박열닫','열고닫기','PASS03','010-1114-5241','OPENCLOSE@greedy.com','N','Y','N',1,1);
Insert into FINAL_503_TEAM_PETPAL.USER_TABLE (USER_CODE,USER_ID,USER_NAME,USER_NIKNAME,USER_PWD,USER_PHONE,USER_EMAIL,EMAIL_YN,REPLY_YN,WITHDRAW_YN,REPORT_COUNT,PERMISSON_SET) values (4,'PIPI','복숭하','피치피치','PASS04','010-2224-1121','PEACH@greedy.com','N','N','N',0,1);
Insert into FINAL_503_TEAM_PETPAL.USER_TABLE (USER_CODE,USER_ID,USER_NAME,USER_NIKNAME,USER_PWD,USER_PHONE,USER_EMAIL,EMAIL_YN,REPLY_YN,WITHDRAW_YN,REPORT_COUNT,PERMISSON_SET) values (5,'byebye','최탈퇴','안녕히계쎄요','PASS05','010-3334-1121','OUT@greedy.com','N','Y','Y',0,1);
Insert into FINAL_503_TEAM_PETPAL.USER_TABLE (USER_CODE,USER_ID,USER_NAME,USER_NIKNAME,USER_PWD,USER_PHONE,USER_EMAIL,EMAIL_YN,REPLY_YN,WITHDRAW_YN,REPORT_COUNT,PERMISSON_SET) values (6,'secondADMIN','홍서브','관리자','PASS06','010-3224-2221','second@greedy.com','N','N','N',0,2);
Insert into FINAL_503_TEAM_PETPAL.USER_TABLE (USER_CODE,USER_ID,USER_NAME,USER_NIKNAME,USER_PWD,USER_PHONE,USER_EMAIL,EMAIL_YN,REPLY_YN,WITHDRAW_YN,REPORT_COUNT,PERMISSON_SET) values (7,'firstADMIN','장대표','관리자','$2a$10$eF.L1y6dn6S3yOk5cYsl4eLiXN9fRklnYnhIrzaWYHKeRK9.Ne4ai','010-3311-1111','first@greedy.com','N','N','N',0,2);
Insert into FINAL_503_TEAM_PETPAL.USER_TABLE (USER_CODE,USER_ID,USER_NAME,USER_NIKNAME,USER_PWD,USER_PHONE,USER_EMAIL,EMAIL_YN,REPLY_YN,WITHDRAW_YN,REPORT_COUNT,PERMISSON_SET) values (8,'threeADMIN','이퇴사','관리자','PASS08','010-3224-4421','thredd@greedy.com','N','N','N',0,1);
Insert into FINAL_503_TEAM_PETPAL.USER_TABLE (USER_CODE,USER_ID,USER_NAME,USER_NIKNAME,USER_PWD,USER_PHONE,USER_EMAIL,EMAIL_YN,REPLY_YN,WITHDRAW_YN,REPORT_COUNT,PERMISSON_SET) values (9,'user01','홍구리','홍구리','1q2w3e','010-1234-1234','hongguri@gmail.com','N','N','N',3,1);
Insert into FINAL_503_TEAM_PETPAL.USER_TABLE (USER_CODE,USER_ID,USER_NAME,USER_NIKNAME,USER_PWD,USER_PHONE,USER_EMAIL,EMAIL_YN,REPLY_YN,WITHDRAW_YN,REPORT_COUNT,PERMISSON_SET) values (17,'kkang','김유진','깡이','$2a$10$0oj.uUuvpkLy8XwICDcmIeQhcRSQqC4xFlLmMU6yoJLzc3OG37e06','010-1234-5699','dobo9090@greedy.com','N','N','N',1,1);
Insert into FINAL_503_TEAM_PETPAL.USER_TABLE (USER_CODE,USER_ID,USER_NAME,USER_NIKNAME,USER_PWD,USER_PHONE,USER_EMAIL,EMAIL_YN,REPLY_YN,WITHDRAW_YN,REPORT_COUNT,PERMISSON_SET) values (11,'user02','홍기리','홍기리','1q2w3e','010-1234-1234','honggiri@gmail.com','N','N','N',0,1);
Insert into FINAL_503_TEAM_PETPAL.USER_TABLE (USER_CODE,USER_ID,USER_NAME,USER_NIKNAME,USER_PWD,USER_PHONE,USER_EMAIL,EMAIL_YN,REPLY_YN,WITHDRAW_YN,REPORT_COUNT,PERMISSON_SET) values (12,'user03','샘가리','상가리','1q2w3e','010-1234-1234','samgari@gmail.com','N','N','N',0,1);
Insert into FINAL_503_TEAM_PETPAL.USER_TABLE (USER_CODE,USER_ID,USER_NAME,USER_NIKNAME,USER_PWD,USER_PHONE,USER_EMAIL,EMAIL_YN,REPLY_YN,WITHDRAW_YN,REPORT_COUNT,PERMISSON_SET) values (13,'user04','길동이','기동이','1q2w3e','010-1234-1234','gidong@greedy.com','Y','N','N',0,1);
Insert into FINAL_503_TEAM_PETPAL.USER_TABLE (USER_CODE,USER_ID,USER_NAME,USER_NIKNAME,USER_PWD,USER_PHONE,USER_EMAIL,EMAIL_YN,REPLY_YN,WITHDRAW_YN,REPORT_COUNT,PERMISSON_SET) values (14,'blockuser','김멍멍','멍망뭉','$2a$10$ROndZiwesYD5R5yhOAAjd.UDPZD5zrZAFPkAvND8vitHFtI/dGOi6','010-1234-1234','mung@greedy.com','Y','N','N',3,1);
Insert into FINAL_503_TEAM_PETPAL.USER_TABLE (USER_CODE,USER_ID,USER_NAME,USER_NIKNAME,USER_PWD,USER_PHONE,USER_EMAIL,EMAIL_YN,REPLY_YN,WITHDRAW_YN,REPORT_COUNT,PERMISSON_SET) values (15,'user06','김깡이','깡깡이','$2a$10$T9TkvgUBFgWbYHOv.EdBZulrW7jV8hbXnuamJ5Xl1Tt1I7aKxA/be','010-1234-1234','first2@greedy.com','Y','N','N',0,1);
Insert into FINAL_503_TEAM_PETPAL.USER_TABLE (USER_CODE,USER_ID,USER_NAME,USER_NIKNAME,USER_PWD,USER_PHONE,USER_EMAIL,EMAIL_YN,REPLY_YN,WITHDRAW_YN,REPORT_COUNT,PERMISSON_SET) values (16,'rurung','김룹룽','룹룽이','$2a$10$8eluvo8wvlzt07BMO5JrkevBb2ob4N2gS4i9zRGI4wAHW26qrKIBG','010-1234-1234','rurung@greedy.com','N','N','N',0,1);
Insert into FINAL_503_TEAM_PETPAL.USER_TABLE (USER_CODE,USER_ID,USER_NAME,USER_NIKNAME,USER_PWD,USER_PHONE,USER_EMAIL,EMAIL_YN,REPLY_YN,WITHDRAW_YN,REPORT_COUNT,PERMISSON_SET) values (18,'you123','홍길동','길도동','1q2w3e','010-1111-2222','adsd@greedy.com','N','N','N',0,1);
Insert into FINAL_503_TEAM_PETPAL.USER_TABLE (USER_CODE,USER_ID,USER_NAME,USER_NIKNAME,USER_PWD,USER_PHONE,USER_EMAIL,EMAIL_YN,REPLY_YN,WITHDRAW_YN,REPORT_COUNT,PERMISSON_SET) values (19,'you1233','홍길동','길도도','1q2w3e','010-1111-2222','doqntlrdl123@gmail.com','N','N','N',0,1);
Insert into FINAL_503_TEAM_PETPAL.USER_TABLE (USER_CODE,USER_ID,USER_NAME,USER_NIKNAME,USER_PWD,USER_PHONE,USER_EMAIL,EMAIL_YN,REPLY_YN,WITHDRAW_YN,REPORT_COUNT,PERMISSON_SET) values (20,'sample','김샘플','그것은넣은게없기때문','1q2w3e','010-1111-2222','nosample@greedy.com','N','N','N',1,1);
Insert into FINAL_503_TEAM_PETPAL.USER_TABLE (USER_CODE,USER_ID,USER_NAME,USER_NIKNAME,USER_PWD,USER_PHONE,USER_EMAIL,EMAIL_YN,REPLY_YN,WITHDRAW_YN,REPORT_COUNT,PERMISSON_SET) values (21,'whynoalert','노알럿','어째서안될까','1q2w3e','010-1111-2222','noalert@greedy.com','N','N','N',0,1);
Insert into FINAL_503_TEAM_PETPAL.USER_TABLE (USER_CODE,USER_ID,USER_NAME,USER_NIKNAME,USER_PWD,USER_PHONE,USER_EMAIL,EMAIL_YN,REPLY_YN,WITHDRAW_YN,REPORT_COUNT,PERMISSON_SET) values (22,'plzplz','김제발','제발떠라떠라','1q2w3e','010-1111-2222','plzplz@greedy.com','N','N','N',0,1);
Insert into FINAL_503_TEAM_PETPAL.USER_TABLE (USER_CODE,USER_ID,USER_NAME,USER_NIKNAME,USER_PWD,USER_PHONE,USER_EMAIL,EMAIL_YN,REPLY_YN,WITHDRAW_YN,REPORT_COUNT,PERMISSON_SET) values (23,'hongmung','홍멍멍','홍짱멍','1q2w3e','010-1111-2222','hongmung@greedy.com','N','N','N',0,1);
Insert into FINAL_503_TEAM_PETPAL.USER_TABLE (USER_CODE,USER_ID,USER_NAME,USER_NIKNAME,USER_PWD,USER_PHONE,USER_EMAIL,EMAIL_YN,REPLY_YN,WITHDRAW_YN,REPORT_COUNT,PERMISSON_SET) values (24,'whywhy','고궁물','궁금한걸물어봐','1q2w3e','010-1111-2222','gogugu@greedy.com','N','N','N',0,1);
Insert into FINAL_503_TEAM_PETPAL.USER_TABLE (USER_CODE,USER_ID,USER_NAME,USER_NIKNAME,USER_PWD,USER_PHONE,USER_EMAIL,EMAIL_YN,REPLY_YN,WITHDRAW_YN,REPORT_COUNT,PERMISSON_SET) values (25,'chuck','백축척','척척박사','1q2w3e','010-1111-2222','chuck@greedy.com','N','N','N',1,1);
Insert into FINAL_503_TEAM_PETPAL.USER_TABLE (USER_CODE,USER_ID,USER_NAME,USER_NIKNAME,USER_PWD,USER_PHONE,USER_EMAIL,EMAIL_YN,REPLY_YN,WITHDRAW_YN,REPORT_COUNT,PERMISSON_SET) values (26,'sample2','둘샘플','둘둘샘샘','$2a$10$cCrjIwcEFtHYfujgrEtzqOVy7cIZix2nBMFyerPUr15hAHV0hjECy','010-1111-2222','twosample@greedy.com','N','N','N',0,1);
Insert into FINAL_503_TEAM_PETPAL.USER_TABLE (USER_CODE,USER_ID,USER_NAME,USER_NIKNAME,USER_PWD,USER_PHONE,USER_EMAIL,EMAIL_YN,REPLY_YN,WITHDRAW_YN,REPORT_COUNT,PERMISSON_SET) values (27,'naranara','나라','나라나라','$2a$10$CKw9k1nR8YJxXRII3FEbjecnlmiqbvq.xMusq5riMh4.n//z1jaFG','010-1111-1111','nrnr@petpal.com','N','N','N',1,1);
Insert into FINAL_503_TEAM_PETPAL.USER_TABLE (USER_CODE,USER_ID,USER_NAME,USER_NIKNAME,USER_PWD,USER_PHONE,USER_EMAIL,EMAIL_YN,REPLY_YN,WITHDRAW_YN,REPORT_COUNT,PERMISSON_SET) values (28,'haeinisadmin','김해인','해인관리자','$2a$10$7MpvwZO8vK7bPIlY.Fe33ugb0aY0eUafT5yBgyv.jFP3tgCLwqoo6','010-4859-2851','kimseein@naver.com','Y','Y','N',0,2);
Insert into FINAL_503_TEAM_PETPAL.USER_TABLE (USER_CODE,USER_ID,USER_NAME,USER_NIKNAME,USER_PWD,USER_PHONE,USER_EMAIL,EMAIL_YN,REPLY_YN,WITHDRAW_YN,REPORT_COUNT,PERMISSON_SET) values (29,'outuser','박탈퇴','탈퇴용아이디','$2a$10$APtp04.4plNEuESR.U1qnep1O6gT/kvU7if9sJvxX348YLofqHSwC','010-1111-2222','outuser@greedy.com','N','N','Y',0,1);
Insert into FINAL_503_TEAM_PETPAL.USER_TABLE (USER_CODE,USER_ID,USER_NAME,USER_NIKNAME,USER_PWD,USER_PHONE,USER_EMAIL,EMAIL_YN,REPLY_YN,WITHDRAW_YN,REPORT_COUNT,PERMISSON_SET) values (30,'judy','주디','쮸띄','$2a$10$WiQccBff4qHxaiYaxX4gWuzC/LPSV.FsucK6Ky66RQu/8NjDUibLq','01028460000','hjh@emali.com','Y','Y','N',1,1);
Insert into FINAL_503_TEAM_PETPAL.USER_TABLE (USER_CODE,USER_ID,USER_NAME,USER_NIKNAME,USER_PWD,USER_PHONE,USER_EMAIL,EMAIL_YN,REPLY_YN,WITHDRAW_YN,REPORT_COUNT,PERMISSON_SET) values (31,'tjdgns','성훈','zz123','$2a$10$AOWFhxlw3cBqUKwFP1Qnle6GZjxcvw2da4FhS3xefDJ2sUvY8wwEC','01048135819','tjdgns8482@naver.com','Y','N','N',0,3);
Insert into FINAL_503_TEAM_PETPAL.USER_TABLE (USER_CODE,USER_ID,USER_NAME,USER_NIKNAME,USER_PWD,USER_PHONE,USER_EMAIL,EMAIL_YN,REPLY_YN,WITHDRAW_YN,REPORT_COUNT,PERMISSON_SET) values (32,'dddddd','잉잉이',null,'$2a$10$Bpes.GME0s5YNqv0i6i/zuXkt1d80aFiOwjctsiGbeEHzwKfcjbcy','010-1234-1234','tjdgns8481@gmail.com',null,null,'N',0,1);
Insert into FINAL_503_TEAM_PETPAL.USER_TABLE (USER_CODE,USER_ID,USER_NAME,USER_NIKNAME,USER_PWD,USER_PHONE,USER_EMAIL,EMAIL_YN,REPLY_YN,WITHDRAW_YN,REPORT_COUNT,PERMISSON_SET) values (33,'aaa1234','잉잉잉',null,'$2a$10$k.nFfpXuLS3i3zC4V4CJK.Iosqw91QsqCLXur8xVubFcPY2hXxSuG','010-1234-1234','tjdgns84821@gmail.com',null,null,'N',0,1);
Insert into FINAL_503_TEAM_PETPAL.USER_TABLE (USER_CODE,USER_ID,USER_NAME,USER_NIKNAME,USER_PWD,USER_PHONE,USER_EMAIL,EMAIL_YN,REPLY_YN,WITHDRAW_YN,REPORT_COUNT,PERMISSON_SET) values (34,'asdf1234','융융융','융융융','$2a$10$Hvzp.oeMhpwgxoZZd2I3qO4meH5GuOze19LG6jBLLJJIMDDgyrLiC','010-1234-1234','asdf@gmail.com','Y','Y','N',0,1);
Insert into FINAL_503_TEAM_PETPAL.USER_TABLE (USER_CODE,USER_ID,USER_NAME,USER_NIKNAME,USER_PWD,USER_PHONE,USER_EMAIL,EMAIL_YN,REPLY_YN,WITHDRAW_YN,REPORT_COUNT,PERMISSON_SET) values (35,'asdfasdf','나는대표',null,'$2a$10$ApxaNIKIjmYklSzu855z0eV0edPU3bEp7aDBIGID8ipkg6Ow/gKcq','010-1234-1235','dddd@gmail.com',null,null,'N',0,1);
Insert into FINAL_503_TEAM_PETPAL.USER_TABLE (USER_CODE,USER_ID,USER_NAME,USER_NIKNAME,USER_PWD,USER_PHONE,USER_EMAIL,EMAIL_YN,REPLY_YN,WITHDRAW_YN,REPORT_COUNT,PERMISSON_SET) values (36,'asdfasdf','나는대표',null,'$2a$10$Bu5VYnUSrnMq/crOkN3mAOBncSmy2HMErgojAEZbdcQJ3MKH8ruye','010-1234-1235','dddd@gmail.com',null,null,'N',0,1);
Insert into FINAL_503_TEAM_PETPAL.USER_TABLE (USER_CODE,USER_ID,USER_NAME,USER_NIKNAME,USER_PWD,USER_PHONE,USER_EMAIL,EMAIL_YN,REPLY_YN,WITHDRAW_YN,REPORT_COUNT,PERMISSON_SET) values (37,'asdfasdf','나는대표',null,'$2a$10$EnBLtN6TSyriUwhqAOFwuu8oe5zWdFqryZo9ypWgll64x02h6YVca','010-1234-1235','dddd@gmail.com',null,null,'N',0,1);
Insert into FINAL_503_TEAM_PETPAL.USER_TABLE (USER_CODE,USER_ID,USER_NAME,USER_NIKNAME,USER_PWD,USER_PHONE,USER_EMAIL,EMAIL_YN,REPLY_YN,WITHDRAW_YN,REPORT_COUNT,PERMISSON_SET) values (39,'aaa12344','성훈이',null,'$2a$10$Z16HYqGdTwZKsgpNMsEfHe8Ibhbshzw1UYuEjCefr39WuoA6OcBFS','010-1234-1234','tttt@gmail.com',null,null,'N',0,1);
Insert into FINAL_503_TEAM_PETPAL.USER_TABLE (USER_CODE,USER_ID,USER_NAME,USER_NIKNAME,USER_PWD,USER_PHONE,USER_EMAIL,EMAIL_YN,REPLY_YN,WITHDRAW_YN,REPORT_COUNT,PERMISSON_SET) values (40,'zzzzzzzzzz','손손손',null,'$2a$10$ejHiQKxUKDEE3qvD1D6hE.Z6RrICtfXrcs.33W0aCw9tt4u4YhPY2','010-1234-1234','zzzz@gmail.com',null,null,'N',0,1);
Insert into FINAL_503_TEAM_PETPAL.USER_TABLE (USER_CODE,USER_ID,USER_NAME,USER_NIKNAME,USER_PWD,USER_PHONE,USER_EMAIL,EMAIL_YN,REPLY_YN,WITHDRAW_YN,REPORT_COUNT,PERMISSON_SET) values (41,'newAdmin','뉴성훈',null,'$2a$10$FuRz8ViTfohAfPqoLAIG/OIPzfNa4vz.I6Sm6urx2fJGzfhKAucvG','010-1234-1234','ddddd@gmail.com',null,null,'N',0,2);
Insert into FINAL_503_TEAM_PETPAL.USER_TABLE (USER_CODE,USER_ID,USER_NAME,USER_NIKNAME,USER_PWD,USER_PHONE,USER_EMAIL,EMAIL_YN,REPLY_YN,WITHDRAW_YN,REPORT_COUNT,PERMISSON_SET) values (42,'haein04','김해이','해이요','$2a$10$Wib84hhBRGjhZep.0oavCeNYCqkFtz.R/TSKigLywlRCI38gM7HPO','010-4859-2222','kimseei@naver.com','Y','Y','N',3,1);
Insert into FINAL_503_TEAM_PETPAL.USER_TABLE (USER_CODE,USER_ID,USER_NAME,USER_NIKNAME,USER_PWD,USER_PHONE,USER_EMAIL,EMAIL_YN,REPLY_YN,WITHDRAW_YN,REPORT_COUNT,PERMISSON_SET) values (43,'judyadmin1','황주희',null,'$2a$10$qndPDn9R9BvSx6Jt4tFbNe0llQHHM85zqxmaJMQDMoNC8vimz1EaK','010-1111-2222','judy@gmail.com',null,null,'N',0,1);
Insert into FINAL_503_TEAM_PETPAL.USER_TABLE (USER_CODE,USER_ID,USER_NAME,USER_NIKNAME,USER_PWD,USER_PHONE,USER_EMAIL,EMAIL_YN,REPLY_YN,WITHDRAW_YN,REPORT_COUNT,PERMISSON_SET) values (44,'bby123','바바이','바바이이','$2a$10$7Rl3IyQ05lJBYC3vMpgmjeCVxLO91NXkxo/OVe7/9kg.WUGdk/yee','010-1111-2222','bby@greedy.com','Y','Y','Y',0,1);
Insert into FINAL_503_TEAM_PETPAL.USER_TABLE (USER_CODE,USER_ID,USER_NAME,USER_NIKNAME,USER_PWD,USER_PHONE,USER_EMAIL,EMAIL_YN,REPLY_YN,WITHDRAW_YN,REPORT_COUNT,PERMISSON_SET) values (45,'sample123','대롱메뉴','그것은넣은게없기','$2a$10$akuTYTMV8CVve0G1CxkQpOe9rxQIGTukk52hLCy0W5Vu/ZLvF4bg.','010-1111-2222','dede@greedy.com','Y','Y','Y',0,1);
Insert into FINAL_503_TEAM_PETPAL.USER_TABLE (USER_CODE,USER_ID,USER_NAME,USER_NIKNAME,USER_PWD,USER_PHONE,USER_EMAIL,EMAIL_YN,REPLY_YN,WITHDRAW_YN,REPORT_COUNT,PERMISSON_SET) values (46,'user1','유저','유저1','$2a$10$Yyq2zeIDN005Hf96WsW1sODhizThM.4lUKbZ.VgvpkgwIWI0nE7wy','010-1111-2222','user@greedy.com','Y','Y','N',0,1);
Insert into FINAL_503_TEAM_PETPAL.USER_TABLE (USER_CODE,USER_ID,USER_NAME,USER_NIKNAME,USER_PWD,USER_PHONE,USER_EMAIL,EMAIL_YN,REPLY_YN,WITHDRAW_YN,REPORT_COUNT,PERMISSON_SET) values (47,'user2','이유저','유저이','$2a$10$dc2d0Mx5t3CQPftJrnO8s./mjklBQkmFtaAo3RHRD6C8/wxmykiHy','010-1111-2222','user2@greedy.com','Y','Y','N',0,1);
Insert into FINAL_503_TEAM_PETPAL.USER_TABLE (USER_CODE,USER_ID,USER_NAME,USER_NIKNAME,USER_PWD,USER_PHONE,USER_EMAIL,EMAIL_YN,REPLY_YN,WITHDRAW_YN,REPORT_COUNT,PERMISSON_SET) values (48,'haeinisuser','김해인','해인이용자','$2a$10$jvmAvTDNHtRSkiqMSZihAequg6dN.WMxSBGKeUWRmyuNaECqa38fi','010-4859-2222','kimseein@naver.com','Y','Y','N',0,1);
Insert into FINAL_503_TEAM_PETPAL.USER_TABLE (USER_CODE,USER_ID,USER_NAME,USER_NIKNAME,USER_PWD,USER_PHONE,USER_EMAIL,EMAIL_YN,REPLY_YN,WITHDRAW_YN,REPORT_COUNT,PERMISSON_SET) values (49,'coffit23','유승제','잠만보','$2a$10$1//owezjx3Vu8YVclI6vDOVUTW3g3MR7ECCoWOhX3FIJ/Xlcfdqxq','01089292421','netros@nate.com','Y','Y','N',0,1);
Insert into FINAL_503_TEAM_PETPAL.USER_TABLE (USER_CODE,USER_ID,USER_NAME,USER_NIKNAME,USER_PWD,USER_PHONE,USER_EMAIL,EMAIL_YN,REPLY_YN,WITHDRAW_YN,REPORT_COUNT,PERMISSON_SET) values (50,'whywhy3','김왜왜','왜왜왜','$2a$10$KruH7TrQTdkaYsYmDxae8uyXbedkKPnu255/MHjpzQMqp5Wz1nL4y','01011112222','whywhywhy@greedy.com','Y','Y','N',0,1);
Insert into FINAL_503_TEAM_PETPAL.USER_TABLE (USER_CODE,USER_ID,USER_NAME,USER_NIKNAME,USER_PWD,USER_PHONE,USER_EMAIL,EMAIL_YN,REPLY_YN,WITHDRAW_YN,REPORT_COUNT,PERMISSON_SET) values (51,'sampleqe','홍길동','홍홍홍','$2a$10$8ACO2Dwu5kCn4dTnVNODKubVBOqq6nLpTL2ylCMqhcTcF2Az5f9eC','01011112222','dkdkdk@grre.dom','Y','Y','N',0,1);
Insert into FINAL_503_TEAM_PETPAL.USER_TABLE (USER_CODE,USER_ID,USER_NAME,USER_NIKNAME,USER_PWD,USER_PHONE,USER_EMAIL,EMAIL_YN,REPLY_YN,WITHDRAW_YN,REPORT_COUNT,PERMISSON_SET) values (52,'you1232','대롱메뉴',null,'$2a$10$Z5ldZP2A4FVykGCBcl6U2u.Hb1xxgv.BX4FfVWTf19yYvWyOTTWka','010-1111-2222','adsd11@greedy.com',null,null,'N',0,2);
REM INSERTING into FINAL_503_TEAM_PETPAL.WITHDRAW_USER_TABLE
SET DEFINE OFF;
--------------------------------------------------------
--  DDL for Index 엔터티1_PK22
--------------------------------------------------------

  CREATE UNIQUE INDEX "FINAL_503_TEAM_PETPAL"."엔터티1_PK22" ON "FINAL_503_TEAM_PETPAL"."REPLY_REPORT_TABLE" ("USER_CODE1", "REPLY_CODE") 
  PCTFREE 10 INITRANS 2 MAXTRANS 255 COMPUTE STATISTICS 
  STORAGE(INITIAL 65536 NEXT 1048576 MINEXTENTS 1 MAXEXTENTS 2147483645
  PCTINCREASE 0 FREELISTS 1 FREELIST GROUPS 1 BUFFER_POOL DEFAULT FLASH_CACHE DEFAULT CELL_FLASH_CACHE DEFAULT)
  TABLESPACE "SYSTEM" ;
--------------------------------------------------------
--  DDL for Index 엔터티1_PK5
--------------------------------------------------------

  CREATE UNIQUE INDEX "FINAL_503_TEAM_PETPAL"."엔터티1_PK5" ON "FINAL_503_TEAM_PETPAL"."REPORT_MANAGE" ("REPORT_CODE") 
  PCTFREE 10 INITRANS 2 MAXTRANS 255 COMPUTE STATISTICS 
  STORAGE(INITIAL 65536 NEXT 1048576 MINEXTENTS 1 MAXEXTENTS 2147483645
  PCTINCREASE 0 FREELISTS 1 FREELIST GROUPS 1 BUFFER_POOL DEFAULT FLASH_CACHE DEFAULT CELL_FLASH_CACHE DEFAULT)
  TABLESPACE "SYSTEM" ;
--------------------------------------------------------
--  DDL for Index 엔터티1_PK15
--------------------------------------------------------

  CREATE UNIQUE INDEX "FINAL_503_TEAM_PETPAL"."엔터티1_PK15" ON "FINAL_503_TEAM_PETPAL"."MISSING_BOARD" ("BOARD_CODE") 
  PCTFREE 10 INITRANS 2 MAXTRANS 255 COMPUTE STATISTICS 
  STORAGE(INITIAL 65536 NEXT 1048576 MINEXTENTS 1 MAXEXTENTS 2147483645
  PCTINCREASE 0 FREELISTS 1 FREELIST GROUPS 1 BUFFER_POOL DEFAULT FLASH_CACHE DEFAULT CELL_FLASH_CACHE DEFAULT)
  TABLESPACE "SYSTEM" ;
--------------------------------------------------------
--  DDL for Index 엔터티1_PK6
--------------------------------------------------------

  CREATE UNIQUE INDEX "FINAL_503_TEAM_PETPAL"."엔터티1_PK6" ON "FINAL_503_TEAM_PETPAL"."DECISION_TABLE" ("DECISION_CODE") 
  PCTFREE 10 INITRANS 2 MAXTRANS 255 COMPUTE STATISTICS 
  STORAGE(INITIAL 65536 NEXT 1048576 MINEXTENTS 1 MAXEXTENTS 2147483645
  PCTINCREASE 0 FREELISTS 1 FREELIST GROUPS 1 BUFFER_POOL DEFAULT FLASH_CACHE DEFAULT CELL_FLASH_CACHE DEFAULT)
  TABLESPACE "SYSTEM" ;
--------------------------------------------------------
--  DDL for Index 엔터티1_PK17
--------------------------------------------------------

  CREATE UNIQUE INDEX "FINAL_503_TEAM_PETPAL"."엔터티1_PK17" ON "FINAL_503_TEAM_PETPAL"."REVIEW_BOARD" ("BOARD_CODE") 
  PCTFREE 10 INITRANS 2 MAXTRANS 255 COMPUTE STATISTICS 
  STORAGE(INITIAL 65536 NEXT 1048576 MINEXTENTS 1 MAXEXTENTS 2147483645
  PCTINCREASE 0 FREELISTS 1 FREELIST GROUPS 1 BUFFER_POOL DEFAULT FLASH_CACHE DEFAULT CELL_FLASH_CACHE DEFAULT)
  TABLESPACE "SYSTEM" ;
--------------------------------------------------------
--  DDL for Index 엔터티1_PK
--------------------------------------------------------

  CREATE UNIQUE INDEX "FINAL_503_TEAM_PETPAL"."엔터티1_PK" ON "FINAL_503_TEAM_PETPAL"."USER_TABLE" ("USER_CODE") 
  PCTFREE 10 INITRANS 2 MAXTRANS 255 COMPUTE STATISTICS 
  STORAGE(INITIAL 65536 NEXT 1048576 MINEXTENTS 1 MAXEXTENTS 2147483645
  PCTINCREASE 0 FREELISTS 1 FREELIST GROUPS 1 BUFFER_POOL DEFAULT FLASH_CACHE DEFAULT CELL_FLASH_CACHE DEFAULT)
  TABLESPACE "SYSTEM" ;
--------------------------------------------------------
--  DDL for Index 엔터티1_PK10
--------------------------------------------------------

  CREATE UNIQUE INDEX "FINAL_503_TEAM_PETPAL"."엔터티1_PK10" ON "FINAL_503_TEAM_PETPAL"."FRIENDLY_BOARD" ("BOARD_CODE") 
  PCTFREE 10 INITRANS 2 MAXTRANS 255 COMPUTE STATISTICS 
  STORAGE(INITIAL 65536 NEXT 1048576 MINEXTENTS 1 MAXEXTENTS 2147483645
  PCTINCREASE 0 FREELISTS 1 FREELIST GROUPS 1 BUFFER_POOL DEFAULT FLASH_CACHE DEFAULT CELL_FLASH_CACHE DEFAULT)
  TABLESPACE "SYSTEM" ;
--------------------------------------------------------
--  DDL for Index 엔터티1_PK13
--------------------------------------------------------

  CREATE UNIQUE INDEX "FINAL_503_TEAM_PETPAL"."엔터티1_PK13" ON "FINAL_503_TEAM_PETPAL"."ADOPT_BOARD" ("BOARD_CODE") 
  PCTFREE 10 INITRANS 2 MAXTRANS 255 COMPUTE STATISTICS 
  STORAGE(INITIAL 65536 NEXT 1048576 MINEXTENTS 1 MAXEXTENTS 2147483645
  PCTINCREASE 0 FREELISTS 1 FREELIST GROUPS 1 BUFFER_POOL DEFAULT FLASH_CACHE DEFAULT CELL_FLASH_CACHE DEFAULT)
  TABLESPACE "SYSTEM" ;
--------------------------------------------------------
--  DDL for Index 엔터티1_PK11
--------------------------------------------------------

  CREATE UNIQUE INDEX "FINAL_503_TEAM_PETPAL"."엔터티1_PK11" ON "FINAL_503_TEAM_PETPAL"."NEWS_TABLE" ("NEWS_CODE") 
  PCTFREE 10 INITRANS 2 MAXTRANS 255 COMPUTE STATISTICS 
  STORAGE(INITIAL 65536 NEXT 1048576 MINEXTENTS 1 MAXEXTENTS 2147483645
  PCTINCREASE 0 FREELISTS 1 FREELIST GROUPS 1 BUFFER_POOL DEFAULT FLASH_CACHE DEFAULT CELL_FLASH_CACHE DEFAULT)
  TABLESPACE "SYSTEM" ;
--------------------------------------------------------
--  DDL for Index 엔터티1_PK7
--------------------------------------------------------

  CREATE UNIQUE INDEX "FINAL_503_TEAM_PETPAL"."엔터티1_PK7" ON "FINAL_503_TEAM_PETPAL"."REPLY_MANAGE" ("REPLY_CODE", "USER_CODE") 
  PCTFREE 10 INITRANS 2 MAXTRANS 255 COMPUTE STATISTICS 
  STORAGE(INITIAL 65536 NEXT 1048576 MINEXTENTS 1 MAXEXTENTS 2147483645
  PCTINCREASE 0 FREELISTS 1 FREELIST GROUPS 1 BUFFER_POOL DEFAULT FLASH_CACHE DEFAULT CELL_FLASH_CACHE DEFAULT)
  TABLESPACE "SYSTEM" ;
--------------------------------------------------------
--  DDL for Index 엔터티1_PK20
--------------------------------------------------------

  CREATE UNIQUE INDEX "FINAL_503_TEAM_PETPAL"."엔터티1_PK20" ON "FINAL_503_TEAM_PETPAL"."MESSAGE_TABLE" ("MESSAGE_CODE") 
  PCTFREE 10 INITRANS 2 MAXTRANS 255 COMPUTE STATISTICS 
  STORAGE(INITIAL 65536 NEXT 1048576 MINEXTENTS 1 MAXEXTENTS 2147483645
  PCTINCREASE 0 FREELISTS 1 FREELIST GROUPS 1 BUFFER_POOL DEFAULT FLASH_CACHE DEFAULT CELL_FLASH_CACHE DEFAULT)
  TABLESPACE "SYSTEM" ;
--------------------------------------------------------
--  DDL for Index 엔터티1_PK9
--------------------------------------------------------

  CREATE UNIQUE INDEX "FINAL_503_TEAM_PETPAL"."엔터티1_PK9" ON "FINAL_503_TEAM_PETPAL"."INFO_BOARD" ("BOARD_CODE") 
  PCTFREE 10 INITRANS 2 MAXTRANS 255 COMPUTE STATISTICS 
  STORAGE(INITIAL 65536 NEXT 1048576 MINEXTENTS 1 MAXEXTENTS 2147483645
  PCTINCREASE 0 FREELISTS 1 FREELIST GROUPS 1 BUFFER_POOL DEFAULT FLASH_CACHE DEFAULT CELL_FLASH_CACHE DEFAULT)
  TABLESPACE "SYSTEM" ;
--------------------------------------------------------
--  DDL for Index 엔터티1_PK24
--------------------------------------------------------

  CREATE UNIQUE INDEX "FINAL_503_TEAM_PETPAL"."엔터티1_PK24" ON "FINAL_503_TEAM_PETPAL"."AD_APPLY_TABLE" ("AD_CODE") 
  PCTFREE 10 INITRANS 2 MAXTRANS 255 COMPUTE STATISTICS 
  STORAGE(INITIAL 65536 NEXT 1048576 MINEXTENTS 1 MAXEXTENTS 2147483645
  PCTINCREASE 0 FREELISTS 1 FREELIST GROUPS 1 BUFFER_POOL DEFAULT FLASH_CACHE DEFAULT CELL_FLASH_CACHE DEFAULT)
  TABLESPACE "SYSTEM" ;
--------------------------------------------------------
--  DDL for Index 엔터티1_PK25
--------------------------------------------------------

  CREATE UNIQUE INDEX "FINAL_503_TEAM_PETPAL"."엔터티1_PK25" ON "FINAL_503_TEAM_PETPAL"."AD_MANAGE_TABLE" ("AD_TYPE_CODE") 
  PCTFREE 10 INITRANS 2 MAXTRANS 255 COMPUTE STATISTICS 
  STORAGE(INITIAL 65536 NEXT 1048576 MINEXTENTS 1 MAXEXTENTS 2147483645
  PCTINCREASE 0 FREELISTS 1 FREELIST GROUPS 1 BUFFER_POOL DEFAULT FLASH_CACHE DEFAULT CELL_FLASH_CACHE DEFAULT)
  TABLESPACE "SYSTEM" ;
--------------------------------------------------------
--  DDL for Index 엔터티1_PK1
--------------------------------------------------------

  CREATE UNIQUE INDEX "FINAL_503_TEAM_PETPAL"."엔터티1_PK1" ON "FINAL_503_TEAM_PETPAL"."FREE_BOARD" ("BOARD_CODE") 
  PCTFREE 10 INITRANS 2 MAXTRANS 255 COMPUTE STATISTICS 
  STORAGE(INITIAL 65536 NEXT 1048576 MINEXTENTS 1 MAXEXTENTS 2147483645
  PCTINCREASE 0 FREELISTS 1 FREELIST GROUPS 1 BUFFER_POOL DEFAULT FLASH_CACHE DEFAULT CELL_FLASH_CACHE DEFAULT)
  TABLESPACE "SYSTEM" ;
--------------------------------------------------------
--  DDL for Index 엔터티1_PK30
--------------------------------------------------------

  CREATE UNIQUE INDEX "FINAL_503_TEAM_PETPAL"."엔터티1_PK30" ON "FINAL_503_TEAM_PETPAL"."ADMIN_TABLE" ("USER_CODE") 
  PCTFREE 10 INITRANS 2 MAXTRANS 255 COMPUTE STATISTICS 
  STORAGE(INITIAL 65536 NEXT 1048576 MINEXTENTS 1 MAXEXTENTS 2147483645
  PCTINCREASE 0 FREELISTS 1 FREELIST GROUPS 1 BUFFER_POOL DEFAULT FLASH_CACHE DEFAULT CELL_FLASH_CACHE DEFAULT)
  TABLESPACE "SYSTEM" ;
--------------------------------------------------------
--  DDL for Index 엔터티1_PK2
--------------------------------------------------------

  CREATE UNIQUE INDEX "FINAL_503_TEAM_PETPAL"."엔터티1_PK2" ON "FINAL_503_TEAM_PETPAL"."PICTURE_TABLE" ("PICTURE_CODE") 
  PCTFREE 10 INITRANS 2 MAXTRANS 255 COMPUTE STATISTICS 
  STORAGE(INITIAL 65536 NEXT 1048576 MINEXTENTS 1 MAXEXTENTS 2147483645
  PCTINCREASE 0 FREELISTS 1 FREELIST GROUPS 1 BUFFER_POOL DEFAULT FLASH_CACHE DEFAULT CELL_FLASH_CACHE DEFAULT)
  TABLESPACE "SYSTEM" ;
--------------------------------------------------------
--  DDL for Index 엔터티1_PK19
--------------------------------------------------------

  CREATE UNIQUE INDEX "FINAL_503_TEAM_PETPAL"."엔터티1_PK19" ON "FINAL_503_TEAM_PETPAL"."SHARE_BOARD" ("BOARD_CODE") 
  PCTFREE 10 INITRANS 2 MAXTRANS 255 COMPUTE STATISTICS 
  STORAGE(INITIAL 65536 NEXT 1048576 MINEXTENTS 1 MAXEXTENTS 2147483645
  PCTINCREASE 0 FREELISTS 1 FREELIST GROUPS 1 BUFFER_POOL DEFAULT FLASH_CACHE DEFAULT CELL_FLASH_CACHE DEFAULT)
  TABLESPACE "SYSTEM" ;
--------------------------------------------------------
--  DDL for Index 엔터티1_PK3
--------------------------------------------------------

  CREATE UNIQUE INDEX "FINAL_503_TEAM_PETPAL"."엔터티1_PK3" ON "FINAL_503_TEAM_PETPAL"."STATE_TABLE" ("STATE_CODE") 
  PCTFREE 10 INITRANS 2 MAXTRANS 255 COMPUTE STATISTICS 
  STORAGE(INITIAL 65536 NEXT 1048576 MINEXTENTS 1 MAXEXTENTS 2147483645
  PCTINCREASE 0 FREELISTS 1 FREELIST GROUPS 1 BUFFER_POOL DEFAULT FLASH_CACHE DEFAULT CELL_FLASH_CACHE DEFAULT)
  TABLESPACE "SYSTEM" ;
--------------------------------------------------------
--  DDL for Index 엔터티1_PK23
--------------------------------------------------------

  CREATE UNIQUE INDEX "FINAL_503_TEAM_PETPAL"."엔터티1_PK23" ON "FINAL_503_TEAM_PETPAL"."QUESTION_BOARD" ("BOARD_CODE") 
  PCTFREE 10 INITRANS 2 MAXTRANS 255 COMPUTE STATISTICS 
  STORAGE(INITIAL 65536 NEXT 1048576 MINEXTENTS 1 MAXEXTENTS 2147483645
  PCTINCREASE 0 FREELISTS 1 FREELIST GROUPS 1 BUFFER_POOL DEFAULT FLASH_CACHE DEFAULT CELL_FLASH_CACHE DEFAULT)
  TABLESPACE "SYSTEM" ;
--------------------------------------------------------
--  DDL for Index 엔터티1_PK27
--------------------------------------------------------

  CREATE UNIQUE INDEX "FINAL_503_TEAM_PETPAL"."엔터티1_PK27" ON "FINAL_503_TEAM_PETPAL"."WITHDRAW_USER_TABLE" ("USER_CODE") 
  PCTFREE 10 INITRANS 2 MAXTRANS 255 COMPUTE STATISTICS 
  STORAGE(INITIAL 65536 NEXT 1048576 MINEXTENTS 1 MAXEXTENTS 2147483645
  PCTINCREASE 0 FREELISTS 1 FREELIST GROUPS 1 BUFFER_POOL DEFAULT FLASH_CACHE DEFAULT CELL_FLASH_CACHE DEFAULT)
  TABLESPACE "SYSTEM" ;
--------------------------------------------------------
--  Constraints for Table REVIEW_BOARD
--------------------------------------------------------

  ALTER TABLE "FINAL_503_TEAM_PETPAL"."REVIEW_BOARD" MODIFY ("BOARD_CODE" NOT NULL ENABLE);
  ALTER TABLE "FINAL_503_TEAM_PETPAL"."REVIEW_BOARD" MODIFY ("BOARD_TITLE" NOT NULL ENABLE);
  ALTER TABLE "FINAL_503_TEAM_PETPAL"."REVIEW_BOARD" MODIFY ("BOARD_CONTENT" NOT NULL ENABLE);
  ALTER TABLE "FINAL_503_TEAM_PETPAL"."REVIEW_BOARD" MODIFY ("BOARD_VIEWS" NOT NULL ENABLE);
  ALTER TABLE "FINAL_503_TEAM_PETPAL"."REVIEW_BOARD" MODIFY ("BOARD_POST_DATE" NOT NULL ENABLE);
  ALTER TABLE "FINAL_503_TEAM_PETPAL"."REVIEW_BOARD" MODIFY ("BOARD_DELETE_YN" NOT NULL ENABLE);
  ALTER TABLE "FINAL_503_TEAM_PETPAL"."REVIEW_BOARD" MODIFY ("USER_CODE" NOT NULL ENABLE);
  ALTER TABLE "FINAL_503_TEAM_PETPAL"."REVIEW_BOARD" ADD CONSTRAINT "엔터티1_PK17" PRIMARY KEY ("BOARD_CODE")
  USING INDEX PCTFREE 10 INITRANS 2 MAXTRANS 255 COMPUTE STATISTICS 
  STORAGE(INITIAL 65536 NEXT 1048576 MINEXTENTS 1 MAXEXTENTS 2147483645
  PCTINCREASE 0 FREELISTS 1 FREELIST GROUPS 1 BUFFER_POOL DEFAULT FLASH_CACHE DEFAULT CELL_FLASH_CACHE DEFAULT)
  TABLESPACE "SYSTEM"  ENABLE;
--------------------------------------------------------
--  Constraints for Table ADOPT_BOARD_REPORT
--------------------------------------------------------

  ALTER TABLE "FINAL_503_TEAM_PETPAL"."ADOPT_BOARD_REPORT" MODIFY ("BOARD_CODE" NOT NULL ENABLE);
  ALTER TABLE "FINAL_503_TEAM_PETPAL"."ADOPT_BOARD_REPORT" MODIFY ("REPORT_CODE" NOT NULL ENABLE);
--------------------------------------------------------
--  Constraints for Table DECISION_TABLE
--------------------------------------------------------

  ALTER TABLE "FINAL_503_TEAM_PETPAL"."DECISION_TABLE" MODIFY ("DECISION_CODE" NOT NULL ENABLE);
  ALTER TABLE "FINAL_503_TEAM_PETPAL"."DECISION_TABLE" MODIFY ("STATE_CODE" NOT NULL ENABLE);
  ALTER TABLE "FINAL_503_TEAM_PETPAL"."DECISION_TABLE" ADD CONSTRAINT "엔터티1_PK6" PRIMARY KEY ("DECISION_CODE")
  USING INDEX PCTFREE 10 INITRANS 2 MAXTRANS 255 COMPUTE STATISTICS 
  STORAGE(INITIAL 65536 NEXT 1048576 MINEXTENTS 1 MAXEXTENTS 2147483645
  PCTINCREASE 0 FREELISTS 1 FREELIST GROUPS 1 BUFFER_POOL DEFAULT FLASH_CACHE DEFAULT CELL_FLASH_CACHE DEFAULT)
  TABLESPACE "SYSTEM"  ENABLE;
--------------------------------------------------------
--  Constraints for Table MESSAGE_TABLE
--------------------------------------------------------

  ALTER TABLE "FINAL_503_TEAM_PETPAL"."MESSAGE_TABLE" MODIFY ("SEND_NICKNAME" NOT NULL ENABLE);
  ALTER TABLE "FINAL_503_TEAM_PETPAL"."MESSAGE_TABLE" MODIFY ("RECEIVE_NICKNAME" NOT NULL ENABLE);
  ALTER TABLE "FINAL_503_TEAM_PETPAL"."MESSAGE_TABLE" MODIFY ("MESSAGE_CODE" NOT NULL ENABLE);
  ALTER TABLE "FINAL_503_TEAM_PETPAL"."MESSAGE_TABLE" MODIFY ("MESSAGE_CONTENT" NOT NULL ENABLE);
  ALTER TABLE "FINAL_503_TEAM_PETPAL"."MESSAGE_TABLE" MODIFY ("MESSAGE_DATE" NOT NULL ENABLE);
  ALTER TABLE "FINAL_503_TEAM_PETPAL"."MESSAGE_TABLE" MODIFY ("USER_CODE1" NOT NULL ENABLE);
  ALTER TABLE "FINAL_503_TEAM_PETPAL"."MESSAGE_TABLE" MODIFY ("USER_CODE" NOT NULL ENABLE);
  ALTER TABLE "FINAL_503_TEAM_PETPAL"."MESSAGE_TABLE" ADD CONSTRAINT "엔터티1_PK20" PRIMARY KEY ("MESSAGE_CODE")
  USING INDEX PCTFREE 10 INITRANS 2 MAXTRANS 255 COMPUTE STATISTICS 
  STORAGE(INITIAL 65536 NEXT 1048576 MINEXTENTS 1 MAXEXTENTS 2147483645
  PCTINCREASE 0 FREELISTS 1 FREELIST GROUPS 1 BUFFER_POOL DEFAULT FLASH_CACHE DEFAULT CELL_FLASH_CACHE DEFAULT)
  TABLESPACE "SYSTEM"  ENABLE;
--------------------------------------------------------
--  Constraints for Table ADMIN_TABLE
--------------------------------------------------------

  ALTER TABLE "FINAL_503_TEAM_PETPAL"."ADMIN_TABLE" MODIFY ("USER_CODE" NOT NULL ENABLE);
  ALTER TABLE "FINAL_503_TEAM_PETPAL"."ADMIN_TABLE" ADD CONSTRAINT "엔터티1_PK30" PRIMARY KEY ("USER_CODE")
  USING INDEX PCTFREE 10 INITRANS 2 MAXTRANS 255 COMPUTE STATISTICS 
  STORAGE(INITIAL 65536 NEXT 1048576 MINEXTENTS 1 MAXEXTENTS 2147483645
  PCTINCREASE 0 FREELISTS 1 FREELIST GROUPS 1 BUFFER_POOL DEFAULT FLASH_CACHE DEFAULT CELL_FLASH_CACHE DEFAULT)
  TABLESPACE "SYSTEM"  ENABLE;
--------------------------------------------------------
--  Constraints for Table AD_CLICK_COUNT
--------------------------------------------------------

  ALTER TABLE "FINAL_503_TEAM_PETPAL"."AD_CLICK_COUNT" MODIFY ("CLICK_DATE" NOT NULL ENABLE);
  ALTER TABLE "FINAL_503_TEAM_PETPAL"."AD_CLICK_COUNT" MODIFY ("AD_CODE" NOT NULL ENABLE);
--------------------------------------------------------
--  Constraints for Table REVIEW_BOARD_REPORT
--------------------------------------------------------

  ALTER TABLE "FINAL_503_TEAM_PETPAL"."REVIEW_BOARD_REPORT" MODIFY ("BOARD_CODE" NOT NULL ENABLE);
  ALTER TABLE "FINAL_503_TEAM_PETPAL"."REVIEW_BOARD_REPORT" MODIFY ("REPORT_CODE" NOT NULL ENABLE);
--------------------------------------------------------
--  Constraints for Table ADOPT_BOARD_REPLY
--------------------------------------------------------

  ALTER TABLE "FINAL_503_TEAM_PETPAL"."ADOPT_BOARD_REPLY" MODIFY ("BOARD_CODE" NOT NULL ENABLE);
  ALTER TABLE "FINAL_503_TEAM_PETPAL"."ADOPT_BOARD_REPLY" MODIFY ("REPLY_CODE" NOT NULL ENABLE);
  ALTER TABLE "FINAL_503_TEAM_PETPAL"."ADOPT_BOARD_REPLY" MODIFY ("USER_CODE" NOT NULL ENABLE);
--------------------------------------------------------
--  Constraints for Table MISSING_BOARD
--------------------------------------------------------

  ALTER TABLE "FINAL_503_TEAM_PETPAL"."MISSING_BOARD" MODIFY ("BOARD_CODE" NOT NULL ENABLE);
  ALTER TABLE "FINAL_503_TEAM_PETPAL"."MISSING_BOARD" MODIFY ("MISSING_DATE" NOT NULL ENABLE);
  ALTER TABLE "FINAL_503_TEAM_PETPAL"."MISSING_BOARD" MODIFY ("MISSING_AREA" NOT NULL ENABLE);
  ALTER TABLE "FINAL_503_TEAM_PETPAL"."MISSING_BOARD" MODIFY ("MISSING_PLACE" NOT NULL ENABLE);
  ALTER TABLE "FINAL_503_TEAM_PETPAL"."MISSING_BOARD" MODIFY ("MISSING_PHONE" NOT NULL ENABLE);
  ALTER TABLE "FINAL_503_TEAM_PETPAL"."MISSING_BOARD" MODIFY ("MISSING_BREED" NOT NULL ENABLE);
  ALTER TABLE "FINAL_503_TEAM_PETPAL"."MISSING_BOARD" MODIFY ("MISSING_GENDER" NOT NULL ENABLE);
  ALTER TABLE "FINAL_503_TEAM_PETPAL"."MISSING_BOARD" MODIFY ("MISSING_AGE" NOT NULL ENABLE);
  ALTER TABLE "FINAL_503_TEAM_PETPAL"."MISSING_BOARD" MODIFY ("MISSING_WEIGTH" NOT NULL ENABLE);
  ALTER TABLE "FINAL_503_TEAM_PETPAL"."MISSING_BOARD" MODIFY ("MISSING_CHARACTER" NOT NULL ENABLE);
  ALTER TABLE "FINAL_503_TEAM_PETPAL"."MISSING_BOARD" MODIFY ("MISSING_REQUEST" NOT NULL ENABLE);
  ALTER TABLE "FINAL_503_TEAM_PETPAL"."MISSING_BOARD" MODIFY ("MISSING_DELETE_YN" NOT NULL ENABLE);
  ALTER TABLE "FINAL_503_TEAM_PETPAL"."MISSING_BOARD" MODIFY ("STATE_CODE" NOT NULL ENABLE);
  ALTER TABLE "FINAL_503_TEAM_PETPAL"."MISSING_BOARD" MODIFY ("USER_CODE" NOT NULL ENABLE);
  ALTER TABLE "FINAL_503_TEAM_PETPAL"."MISSING_BOARD" ADD CONSTRAINT "엔터티1_PK15" PRIMARY KEY ("BOARD_CODE")
  USING INDEX PCTFREE 10 INITRANS 2 MAXTRANS 255 COMPUTE STATISTICS 
  STORAGE(INITIAL 65536 NEXT 1048576 MINEXTENTS 1 MAXEXTENTS 2147483645
  PCTINCREASE 0 FREELISTS 1 FREELIST GROUPS 1 BUFFER_POOL DEFAULT FLASH_CACHE DEFAULT CELL_FLASH_CACHE DEFAULT)
  TABLESPACE "SYSTEM"  ENABLE;
  ALTER TABLE "FINAL_503_TEAM_PETPAL"."MISSING_BOARD" MODIFY ("MISSING_COLOR" NOT NULL ENABLE);
  ALTER TABLE "FINAL_503_TEAM_PETPAL"."MISSING_BOARD" MODIFY ("BOARD_DATE" NOT NULL ENABLE);
  ALTER TABLE "FINAL_503_TEAM_PETPAL"."MISSING_BOARD" MODIFY ("DOG_OR_CAT" NOT NULL ENABLE);
--------------------------------------------------------
--  Constraints for Table INFO_BOARD
--------------------------------------------------------

  ALTER TABLE "FINAL_503_TEAM_PETPAL"."INFO_BOARD" MODIFY ("BOARD_CODE" NOT NULL ENABLE);
  ALTER TABLE "FINAL_503_TEAM_PETPAL"."INFO_BOARD" MODIFY ("BOARD_TITLE" NOT NULL ENABLE);
  ALTER TABLE "FINAL_503_TEAM_PETPAL"."INFO_BOARD" MODIFY ("BOARD_CONTENT" NOT NULL ENABLE);
  ALTER TABLE "FINAL_503_TEAM_PETPAL"."INFO_BOARD" MODIFY ("BOARD_VIEWS" NOT NULL ENABLE);
  ALTER TABLE "FINAL_503_TEAM_PETPAL"."INFO_BOARD" MODIFY ("BOARD_POST_DATE" NOT NULL ENABLE);
  ALTER TABLE "FINAL_503_TEAM_PETPAL"."INFO_BOARD" MODIFY ("BOARD_DELETE_YN" NOT NULL ENABLE);
  ALTER TABLE "FINAL_503_TEAM_PETPAL"."INFO_BOARD" MODIFY ("USER_CODE" NOT NULL ENABLE);
  ALTER TABLE "FINAL_503_TEAM_PETPAL"."INFO_BOARD" ADD CONSTRAINT "엔터티1_PK9" PRIMARY KEY ("BOARD_CODE")
  USING INDEX PCTFREE 10 INITRANS 2 MAXTRANS 255 COMPUTE STATISTICS 
  STORAGE(INITIAL 65536 NEXT 1048576 MINEXTENTS 1 MAXEXTENTS 2147483645
  PCTINCREASE 0 FREELISTS 1 FREELIST GROUPS 1 BUFFER_POOL DEFAULT FLASH_CACHE DEFAULT CELL_FLASH_CACHE DEFAULT)
  TABLESPACE "SYSTEM"  ENABLE;
--------------------------------------------------------
--  Constraints for Table REPLY_MANAGE
--------------------------------------------------------

  ALTER TABLE "FINAL_503_TEAM_PETPAL"."REPLY_MANAGE" MODIFY ("REPLY_CODE" NOT NULL ENABLE);
  ALTER TABLE "FINAL_503_TEAM_PETPAL"."REPLY_MANAGE" MODIFY ("REPLY_CONTENT" NOT NULL ENABLE);
  ALTER TABLE "FINAL_503_TEAM_PETPAL"."REPLY_MANAGE" MODIFY ("REPLY_DATE" NOT NULL ENABLE);
  ALTER TABLE "FINAL_503_TEAM_PETPAL"."REPLY_MANAGE" MODIFY ("REPLY_DELETE_YN" NOT NULL ENABLE);
  ALTER TABLE "FINAL_503_TEAM_PETPAL"."REPLY_MANAGE" MODIFY ("REPORT_YN" NOT NULL ENABLE);
  ALTER TABLE "FINAL_503_TEAM_PETPAL"."REPLY_MANAGE" MODIFY ("USER_CODE" NOT NULL ENABLE);
  ALTER TABLE "FINAL_503_TEAM_PETPAL"."REPLY_MANAGE" ADD CONSTRAINT "엔터티1_PK7" PRIMARY KEY ("REPLY_CODE", "USER_CODE")
  USING INDEX PCTFREE 10 INITRANS 2 MAXTRANS 255 COMPUTE STATISTICS 
  STORAGE(INITIAL 65536 NEXT 1048576 MINEXTENTS 1 MAXEXTENTS 2147483645
  PCTINCREASE 0 FREELISTS 1 FREELIST GROUPS 1 BUFFER_POOL DEFAULT FLASH_CACHE DEFAULT CELL_FLASH_CACHE DEFAULT)
  TABLESPACE "SYSTEM"  ENABLE;
--------------------------------------------------------
--  Constraints for Table MISSING_PICTURE_MANAGE
--------------------------------------------------------

  ALTER TABLE "FINAL_503_TEAM_PETPAL"."MISSING_PICTURE_MANAGE" MODIFY ("BOARD_CODE" NOT NULL ENABLE);
  ALTER TABLE "FINAL_503_TEAM_PETPAL"."MISSING_PICTURE_MANAGE" MODIFY ("PICTURE_CODE" NOT NULL ENABLE);
--------------------------------------------------------
--  Constraints for Table ADOPT_BOARD
--------------------------------------------------------

  ALTER TABLE "FINAL_503_TEAM_PETPAL"."ADOPT_BOARD" MODIFY ("BOARD_CODE" NOT NULL ENABLE);
  ALTER TABLE "FINAL_503_TEAM_PETPAL"."ADOPT_BOARD" MODIFY ("ADOPT_BREED" NOT NULL ENABLE);
  ALTER TABLE "FINAL_503_TEAM_PETPAL"."ADOPT_BOARD" MODIFY ("ADOPT_GENDER" NOT NULL ENABLE);
  ALTER TABLE "FINAL_503_TEAM_PETPAL"."ADOPT_BOARD" MODIFY ("ADOPT_AGE" NOT NULL ENABLE);
  ALTER TABLE "FINAL_503_TEAM_PETPAL"."ADOPT_BOARD" MODIFY ("ADOPT_WEIGTH" NOT NULL ENABLE);
  ALTER TABLE "FINAL_503_TEAM_PETPAL"."ADOPT_BOARD" MODIFY ("ADOPT_COLOR" NOT NULL ENABLE);
  ALTER TABLE "FINAL_503_TEAM_PETPAL"."ADOPT_BOARD" MODIFY ("ADOPT_INTRODUCE" NOT NULL ENABLE);
  ALTER TABLE "FINAL_503_TEAM_PETPAL"."ADOPT_BOARD" MODIFY ("ADOPT_PHONE" NOT NULL ENABLE);
  ALTER TABLE "FINAL_503_TEAM_PETPAL"."ADOPT_BOARD" MODIFY ("ADOPT_CAUTION" NOT NULL ENABLE);
  ALTER TABLE "FINAL_503_TEAM_PETPAL"."ADOPT_BOARD" MODIFY ("ADOPT_DELETE_YN" NOT NULL ENABLE);
  ALTER TABLE "FINAL_503_TEAM_PETPAL"."ADOPT_BOARD" MODIFY ("STATE_CODE" NOT NULL ENABLE);
  ALTER TABLE "FINAL_503_TEAM_PETPAL"."ADOPT_BOARD" MODIFY ("BOARD_DATE" NOT NULL ENABLE);
  ALTER TABLE "FINAL_503_TEAM_PETPAL"."ADOPT_BOARD" MODIFY ("USER_CODE" NOT NULL ENABLE);
  ALTER TABLE "FINAL_503_TEAM_PETPAL"."ADOPT_BOARD" ADD CONSTRAINT "엔터티1_PK13" PRIMARY KEY ("BOARD_CODE")
  USING INDEX PCTFREE 10 INITRANS 2 MAXTRANS 255 COMPUTE STATISTICS 
  STORAGE(INITIAL 65536 NEXT 1048576 MINEXTENTS 1 MAXEXTENTS 2147483645
  PCTINCREASE 0 FREELISTS 1 FREELIST GROUPS 1 BUFFER_POOL DEFAULT FLASH_CACHE DEFAULT CELL_FLASH_CACHE DEFAULT)
  TABLESPACE "SYSTEM"  ENABLE;
  ALTER TABLE "FINAL_503_TEAM_PETPAL"."ADOPT_BOARD" MODIFY ("USER_LOCATION" NOT NULL ENABLE);
  ALTER TABLE "FINAL_503_TEAM_PETPAL"."ADOPT_BOARD" MODIFY ("DOG_OR_CAT" NOT NULL ENABLE);
--------------------------------------------------------
--  Constraints for Table NEWS_PICTURE_MANAGE
--------------------------------------------------------

  ALTER TABLE "FINAL_503_TEAM_PETPAL"."NEWS_PICTURE_MANAGE" MODIFY ("NEWS_CODE" NOT NULL ENABLE);
  ALTER TABLE "FINAL_503_TEAM_PETPAL"."NEWS_PICTURE_MANAGE" MODIFY ("PICTURE_CODE" NOT NULL ENABLE);
--------------------------------------------------------
--  Constraints for Table REPLY_REPORT_TABLE
--------------------------------------------------------

  ALTER TABLE "FINAL_503_TEAM_PETPAL"."REPLY_REPORT_TABLE" MODIFY ("USER_CODE1" NOT NULL ENABLE);
  ALTER TABLE "FINAL_503_TEAM_PETPAL"."REPLY_REPORT_TABLE" MODIFY ("REPLY_CODE" NOT NULL ENABLE);
  ALTER TABLE "FINAL_503_TEAM_PETPAL"."REPLY_REPORT_TABLE" MODIFY ("USER_CODE" NOT NULL ENABLE);
  ALTER TABLE "FINAL_503_TEAM_PETPAL"."REPLY_REPORT_TABLE" MODIFY ("REPLY_REPORT_TITLE" NOT NULL ENABLE);
  ALTER TABLE "FINAL_503_TEAM_PETPAL"."REPLY_REPORT_TABLE" MODIFY ("REPLY_REPORT_CONTENT" NOT NULL ENABLE);
  ALTER TABLE "FINAL_503_TEAM_PETPAL"."REPLY_REPORT_TABLE" MODIFY ("REPLY_REPORT_DATE" NOT NULL ENABLE);
  ALTER TABLE "FINAL_503_TEAM_PETPAL"."REPLY_REPORT_TABLE" ADD CONSTRAINT "엔터티1_PK22" PRIMARY KEY ("USER_CODE1", "REPLY_CODE")
  USING INDEX PCTFREE 10 INITRANS 2 MAXTRANS 255 COMPUTE STATISTICS 
  STORAGE(INITIAL 65536 NEXT 1048576 MINEXTENTS 1 MAXEXTENTS 2147483645
  PCTINCREASE 0 FREELISTS 1 FREELIST GROUPS 1 BUFFER_POOL DEFAULT FLASH_CACHE DEFAULT CELL_FLASH_CACHE DEFAULT)
  TABLESPACE "SYSTEM"  ENABLE;
--------------------------------------------------------
--  Constraints for Table FREE_PICTURE_MANAGE
--------------------------------------------------------

  ALTER TABLE "FINAL_503_TEAM_PETPAL"."FREE_PICTURE_MANAGE" MODIFY ("BOARD_CODE" NOT NULL ENABLE);
  ALTER TABLE "FINAL_503_TEAM_PETPAL"."FREE_PICTURE_MANAGE" MODIFY ("PICTURE_CODE" NOT NULL ENABLE);
--------------------------------------------------------
--  Constraints for Table WITHDRAW_USER_TABLE
--------------------------------------------------------

  ALTER TABLE "FINAL_503_TEAM_PETPAL"."WITHDRAW_USER_TABLE" MODIFY ("WITHDRAW_DATE" NOT NULL ENABLE);
  ALTER TABLE "FINAL_503_TEAM_PETPAL"."WITHDRAW_USER_TABLE" MODIFY ("USER_CODE" NOT NULL ENABLE);
  ALTER TABLE "FINAL_503_TEAM_PETPAL"."WITHDRAW_USER_TABLE" ADD CONSTRAINT "엔터티1_PK27" PRIMARY KEY ("USER_CODE")
  USING INDEX PCTFREE 10 INITRANS 2 MAXTRANS 255 COMPUTE STATISTICS 
  STORAGE(INITIAL 65536 NEXT 1048576 MINEXTENTS 1 MAXEXTENTS 2147483645
  PCTINCREASE 0 FREELISTS 1 FREELIST GROUPS 1 BUFFER_POOL DEFAULT FLASH_CACHE DEFAULT CELL_FLASH_CACHE DEFAULT)
  TABLESPACE "SYSTEM"  ENABLE;
--------------------------------------------------------
--  Constraints for Table INFO_BOARD_REPLY
--------------------------------------------------------

  ALTER TABLE "FINAL_503_TEAM_PETPAL"."INFO_BOARD_REPLY" MODIFY ("USER_CODE" NOT NULL ENABLE);
  ALTER TABLE "FINAL_503_TEAM_PETPAL"."INFO_BOARD_REPLY" MODIFY ("BOARD_CODE" NOT NULL ENABLE);
  ALTER TABLE "FINAL_503_TEAM_PETPAL"."INFO_BOARD_REPLY" MODIFY ("REPLY_CODE" NOT NULL ENABLE);
--------------------------------------------------------
--  Constraints for Table AD_APPLY_TABLE
--------------------------------------------------------

  ALTER TABLE "FINAL_503_TEAM_PETPAL"."AD_APPLY_TABLE" MODIFY ("LEADER_NAME" NOT NULL ENABLE);
  ALTER TABLE "FINAL_503_TEAM_PETPAL"."AD_APPLY_TABLE" MODIFY ("COMPANY_LOCATION" NOT NULL ENABLE);
  ALTER TABLE "FINAL_503_TEAM_PETPAL"."AD_APPLY_TABLE" MODIFY ("INDUSTRY" NOT NULL ENABLE);
  ALTER TABLE "FINAL_503_TEAM_PETPAL"."AD_APPLY_TABLE" MODIFY ("INDUSTRY_DETAIL" NOT NULL ENABLE);
  ALTER TABLE "FINAL_503_TEAM_PETPAL"."AD_APPLY_TABLE" MODIFY ("AD_CODE" NOT NULL ENABLE);
  ALTER TABLE "FINAL_503_TEAM_PETPAL"."AD_APPLY_TABLE" MODIFY ("COMPANY_NAME" NOT NULL ENABLE);
  ALTER TABLE "FINAL_503_TEAM_PETPAL"."AD_APPLY_TABLE" MODIFY ("APPLY_DATE" NOT NULL ENABLE);
  ALTER TABLE "FINAL_503_TEAM_PETPAL"."AD_APPLY_TABLE" MODIFY ("COMPANY_NUMBER" NOT NULL ENABLE);
  ALTER TABLE "FINAL_503_TEAM_PETPAL"."AD_APPLY_TABLE" MODIFY ("COMPANY_PHONE" NOT NULL ENABLE);
  ALTER TABLE "FINAL_503_TEAM_PETPAL"."AD_APPLY_TABLE" MODIFY ("COMPANY_EMAIL" NOT NULL ENABLE);
  ALTER TABLE "FINAL_503_TEAM_PETPAL"."AD_APPLY_TABLE" MODIFY ("AD_CONTENT" NOT NULL ENABLE);
  ALTER TABLE "FINAL_503_TEAM_PETPAL"."AD_APPLY_TABLE" MODIFY ("POST_YN" NOT NULL ENABLE);
  ALTER TABLE "FINAL_503_TEAM_PETPAL"."AD_APPLY_TABLE" MODIFY ("REFUND_YN" NOT NULL ENABLE);
  ALTER TABLE "FINAL_503_TEAM_PETPAL"."AD_APPLY_TABLE" MODIFY ("PICTURE_CODE" NOT NULL ENABLE);
  ALTER TABLE "FINAL_503_TEAM_PETPAL"."AD_APPLY_TABLE" MODIFY ("USER_CODE" NOT NULL ENABLE);
  ALTER TABLE "FINAL_503_TEAM_PETPAL"."AD_APPLY_TABLE" MODIFY ("AD_TYPE_CODE" NOT NULL ENABLE);
  ALTER TABLE "FINAL_503_TEAM_PETPAL"."AD_APPLY_TABLE" MODIFY ("AD_TITLE" NOT NULL ENABLE);
  ALTER TABLE "FINAL_503_TEAM_PETPAL"."AD_APPLY_TABLE" MODIFY ("STATE_CODE" NOT NULL ENABLE);
  ALTER TABLE "FINAL_503_TEAM_PETPAL"."AD_APPLY_TABLE" ADD CONSTRAINT "엔터티1_PK24" PRIMARY KEY ("AD_CODE")
  USING INDEX PCTFREE 10 INITRANS 2 MAXTRANS 255 COMPUTE STATISTICS 
  STORAGE(INITIAL 65536 NEXT 1048576 MINEXTENTS 1 MAXEXTENTS 2147483645
  PCTINCREASE 0 FREELISTS 1 FREELIST GROUPS 1 BUFFER_POOL DEFAULT FLASH_CACHE DEFAULT CELL_FLASH_CACHE DEFAULT)
  TABLESPACE "SYSTEM"  ENABLE;
--------------------------------------------------------
--  Constraints for Table FRIENDLY_BOARD
--------------------------------------------------------

  ALTER TABLE "FINAL_503_TEAM_PETPAL"."FRIENDLY_BOARD" MODIFY ("BOARD_CODE" NOT NULL ENABLE);
  ALTER TABLE "FINAL_503_TEAM_PETPAL"."FRIENDLY_BOARD" MODIFY ("BOARD_TITLE" NOT NULL ENABLE);
  ALTER TABLE "FINAL_503_TEAM_PETPAL"."FRIENDLY_BOARD" MODIFY ("BOARD_CONTENT" NOT NULL ENABLE);
  ALTER TABLE "FINAL_503_TEAM_PETPAL"."FRIENDLY_BOARD" MODIFY ("BOARD_VIEWS" NOT NULL ENABLE);
  ALTER TABLE "FINAL_503_TEAM_PETPAL"."FRIENDLY_BOARD" MODIFY ("BOARD_POST_DATE" NOT NULL ENABLE);
  ALTER TABLE "FINAL_503_TEAM_PETPAL"."FRIENDLY_BOARD" MODIFY ("BOARD_DELETE_YN" NOT NULL ENABLE);
  ALTER TABLE "FINAL_503_TEAM_PETPAL"."FRIENDLY_BOARD" MODIFY ("USER_CODE" NOT NULL ENABLE);
  ALTER TABLE "FINAL_503_TEAM_PETPAL"."FRIENDLY_BOARD" ADD CONSTRAINT "엔터티1_PK10" PRIMARY KEY ("BOARD_CODE")
  USING INDEX PCTFREE 10 INITRANS 2 MAXTRANS 255 COMPUTE STATISTICS 
  STORAGE(INITIAL 65536 NEXT 1048576 MINEXTENTS 1 MAXEXTENTS 2147483645
  PCTINCREASE 0 FREELISTS 1 FREELIST GROUPS 1 BUFFER_POOL DEFAULT FLASH_CACHE DEFAULT CELL_FLASH_CACHE DEFAULT)
  TABLESPACE "SYSTEM"  ENABLE;
  ALTER TABLE "FINAL_503_TEAM_PETPAL"."FRIENDLY_BOARD" MODIFY ("PLACE_NAME" NOT NULL ENABLE);
  ALTER TABLE "FINAL_503_TEAM_PETPAL"."FRIENDLY_BOARD" MODIFY ("PLACE_PHONE" NOT NULL ENABLE);
  ALTER TABLE "FINAL_503_TEAM_PETPAL"."FRIENDLY_BOARD" MODIFY ("PLACE_ADDRESS" NOT NULL ENABLE);
--------------------------------------------------------
--  Constraints for Table PICTURE_TABLE
--------------------------------------------------------

  ALTER TABLE "FINAL_503_TEAM_PETPAL"."PICTURE_TABLE" MODIFY ("PICTURE_CODE" NOT NULL ENABLE);
  ALTER TABLE "FINAL_503_TEAM_PETPAL"."PICTURE_TABLE" MODIFY ("PICTURE_NAME" NOT NULL ENABLE);
  ALTER TABLE "FINAL_503_TEAM_PETPAL"."PICTURE_TABLE" MODIFY ("PICTURE_URL" NOT NULL ENABLE);
  ALTER TABLE "FINAL_503_TEAM_PETPAL"."PICTURE_TABLE" MODIFY ("PICTURE_UPLOAD_DATE" NOT NULL ENABLE);
  ALTER TABLE "FINAL_503_TEAM_PETPAL"."PICTURE_TABLE" MODIFY ("PICTURE_DELETE_YN" NOT NULL ENABLE);
  ALTER TABLE "FINAL_503_TEAM_PETPAL"."PICTURE_TABLE" ADD CONSTRAINT "엔터티1_PK2" PRIMARY KEY ("PICTURE_CODE")
  USING INDEX PCTFREE 10 INITRANS 2 MAXTRANS 255 COMPUTE STATISTICS 
  STORAGE(INITIAL 65536 NEXT 1048576 MINEXTENTS 1 MAXEXTENTS 2147483645
  PCTINCREASE 0 FREELISTS 1 FREELIST GROUPS 1 BUFFER_POOL DEFAULT FLASH_CACHE DEFAULT CELL_FLASH_CACHE DEFAULT)
  TABLESPACE "SYSTEM"  ENABLE;
--------------------------------------------------------
--  Constraints for Table FREE_BOARD
--------------------------------------------------------

  ALTER TABLE "FINAL_503_TEAM_PETPAL"."FREE_BOARD" MODIFY ("BOARD_CODE" NOT NULL ENABLE);
  ALTER TABLE "FINAL_503_TEAM_PETPAL"."FREE_BOARD" MODIFY ("BOARD_TITLE" NOT NULL ENABLE);
  ALTER TABLE "FINAL_503_TEAM_PETPAL"."FREE_BOARD" MODIFY ("BOARD_CONTENT" NOT NULL ENABLE);
  ALTER TABLE "FINAL_503_TEAM_PETPAL"."FREE_BOARD" MODIFY ("BOARD_VIEWS" NOT NULL ENABLE);
  ALTER TABLE "FINAL_503_TEAM_PETPAL"."FREE_BOARD" MODIFY ("BOARD_POST_DATE" NOT NULL ENABLE);
  ALTER TABLE "FINAL_503_TEAM_PETPAL"."FREE_BOARD" MODIFY ("BOARD_DELETE_YN" NOT NULL ENABLE);
  ALTER TABLE "FINAL_503_TEAM_PETPAL"."FREE_BOARD" MODIFY ("USER_CODE" NOT NULL ENABLE);
  ALTER TABLE "FINAL_503_TEAM_PETPAL"."FREE_BOARD" ADD CONSTRAINT "엔터티1_PK1" PRIMARY KEY ("BOARD_CODE")
  USING INDEX PCTFREE 10 INITRANS 2 MAXTRANS 255 COMPUTE STATISTICS 
  STORAGE(INITIAL 65536 NEXT 1048576 MINEXTENTS 1 MAXEXTENTS 2147483645
  PCTINCREASE 0 FREELISTS 1 FREELIST GROUPS 1 BUFFER_POOL DEFAULT FLASH_CACHE DEFAULT CELL_FLASH_CACHE DEFAULT)
  TABLESPACE "SYSTEM"  ENABLE;
  ALTER TABLE "FINAL_503_TEAM_PETPAL"."FREE_BOARD" MODIFY ("CATEGORY" NOT NULL ENABLE);
--------------------------------------------------------
--  Constraints for Table FRIENDLY_PICTURE_MANAGE
--------------------------------------------------------

  ALTER TABLE "FINAL_503_TEAM_PETPAL"."FRIENDLY_PICTURE_MANAGE" MODIFY ("BOARD_CODE" NOT NULL ENABLE);
  ALTER TABLE "FINAL_503_TEAM_PETPAL"."FRIENDLY_PICTURE_MANAGE" MODIFY ("PICTURE_CODE" NOT NULL ENABLE);
--------------------------------------------------------
--  Constraints for Table SHARE_BOARD
--------------------------------------------------------

  ALTER TABLE "FINAL_503_TEAM_PETPAL"."SHARE_BOARD" MODIFY ("BOARD_CODE" NOT NULL ENABLE);
  ALTER TABLE "FINAL_503_TEAM_PETPAL"."SHARE_BOARD" MODIFY ("BOARD_TITLE" NOT NULL ENABLE);
  ALTER TABLE "FINAL_503_TEAM_PETPAL"."SHARE_BOARD" MODIFY ("BOARD_CONTENT" NOT NULL ENABLE);
  ALTER TABLE "FINAL_503_TEAM_PETPAL"."SHARE_BOARD" MODIFY ("BOARD_DELETE_YN" NOT NULL ENABLE);
  ALTER TABLE "FINAL_503_TEAM_PETPAL"."SHARE_BOARD" MODIFY ("BOARD_VIEWS" NOT NULL ENABLE);
  ALTER TABLE "FINAL_503_TEAM_PETPAL"."SHARE_BOARD" MODIFY ("BOARD_POST_DATE" NOT NULL ENABLE);
  ALTER TABLE "FINAL_503_TEAM_PETPAL"."SHARE_BOARD" MODIFY ("STATE_CODE" NOT NULL ENABLE);
  ALTER TABLE "FINAL_503_TEAM_PETPAL"."SHARE_BOARD" MODIFY ("USER_CODE" NOT NULL ENABLE);
  ALTER TABLE "FINAL_503_TEAM_PETPAL"."SHARE_BOARD" ADD CONSTRAINT "엔터티1_PK19" PRIMARY KEY ("BOARD_CODE")
  USING INDEX PCTFREE 10 INITRANS 2 MAXTRANS 255 COMPUTE STATISTICS 
  STORAGE(INITIAL 65536 NEXT 1048576 MINEXTENTS 1 MAXEXTENTS 2147483645
  PCTINCREASE 0 FREELISTS 1 FREELIST GROUPS 1 BUFFER_POOL DEFAULT FLASH_CACHE DEFAULT CELL_FLASH_CACHE DEFAULT)
  TABLESPACE "SYSTEM"  ENABLE;
--------------------------------------------------------
--  Constraints for Table ADOPT_PICTURE_MANAGE
--------------------------------------------------------

  ALTER TABLE "FINAL_503_TEAM_PETPAL"."ADOPT_PICTURE_MANAGE" MODIFY ("BOARD_CODE" NOT NULL ENABLE);
  ALTER TABLE "FINAL_503_TEAM_PETPAL"."ADOPT_PICTURE_MANAGE" MODIFY ("PICTURE_CODE" NOT NULL ENABLE);
--------------------------------------------------------
--  Constraints for Table SHARE_PICTURE_MANAGE
--------------------------------------------------------

  ALTER TABLE "FINAL_503_TEAM_PETPAL"."SHARE_PICTURE_MANAGE" MODIFY ("BOARD_CODE" NOT NULL ENABLE);
  ALTER TABLE "FINAL_503_TEAM_PETPAL"."SHARE_PICTURE_MANAGE" MODIFY ("PICTURE_CODE" NOT NULL ENABLE);
--------------------------------------------------------
--  Constraints for Table USER_TABLE
--------------------------------------------------------

  ALTER TABLE "FINAL_503_TEAM_PETPAL"."USER_TABLE" MODIFY ("USER_CODE" NOT NULL ENABLE);
  ALTER TABLE "FINAL_503_TEAM_PETPAL"."USER_TABLE" MODIFY ("USER_ID" NOT NULL ENABLE);
  ALTER TABLE "FINAL_503_TEAM_PETPAL"."USER_TABLE" MODIFY ("USER_NAME" NOT NULL ENABLE);
  ALTER TABLE "FINAL_503_TEAM_PETPAL"."USER_TABLE" MODIFY ("USER_PWD" NOT NULL ENABLE);
  ALTER TABLE "FINAL_503_TEAM_PETPAL"."USER_TABLE" MODIFY ("USER_PHONE" NOT NULL ENABLE);
  ALTER TABLE "FINAL_503_TEAM_PETPAL"."USER_TABLE" MODIFY ("USER_EMAIL" NOT NULL ENABLE);
  ALTER TABLE "FINAL_503_TEAM_PETPAL"."USER_TABLE" MODIFY ("PERMISSON_SET" NOT NULL ENABLE);
  ALTER TABLE "FINAL_503_TEAM_PETPAL"."USER_TABLE" ADD CONSTRAINT "엔터티1_PK" PRIMARY KEY ("USER_CODE")
  USING INDEX PCTFREE 10 INITRANS 2 MAXTRANS 255 COMPUTE STATISTICS 
  STORAGE(INITIAL 65536 NEXT 1048576 MINEXTENTS 1 MAXEXTENTS 2147483645
  PCTINCREASE 0 FREELISTS 1 FREELIST GROUPS 1 BUFFER_POOL DEFAULT FLASH_CACHE DEFAULT CELL_FLASH_CACHE DEFAULT)
  TABLESPACE "SYSTEM"  ENABLE;
--------------------------------------------------------
--  Constraints for Table FRIENDLY_BOARD_REPLY
--------------------------------------------------------

  ALTER TABLE "FINAL_503_TEAM_PETPAL"."FRIENDLY_BOARD_REPLY" MODIFY ("BOARD_CODE" NOT NULL ENABLE);
  ALTER TABLE "FINAL_503_TEAM_PETPAL"."FRIENDLY_BOARD_REPLY" MODIFY ("REPLY_CODE" NOT NULL ENABLE);
  ALTER TABLE "FINAL_503_TEAM_PETPAL"."FRIENDLY_BOARD_REPLY" MODIFY ("USER_CODE" NOT NULL ENABLE);
--------------------------------------------------------
--  Constraints for Table FRIENDLY_BOARD_REPORT
--------------------------------------------------------

  ALTER TABLE "FINAL_503_TEAM_PETPAL"."FRIENDLY_BOARD_REPORT" MODIFY ("BOARD_CODE" NOT NULL ENABLE);
  ALTER TABLE "FINAL_503_TEAM_PETPAL"."FRIENDLY_BOARD_REPORT" MODIFY ("REPORT_CODE" NOT NULL ENABLE);
--------------------------------------------------------
--  Constraints for Table SHARE_BOARD_REPORT
--------------------------------------------------------

  ALTER TABLE "FINAL_503_TEAM_PETPAL"."SHARE_BOARD_REPORT" MODIFY ("BOARD_CODE" NOT NULL ENABLE);
  ALTER TABLE "FINAL_503_TEAM_PETPAL"."SHARE_BOARD_REPORT" MODIFY ("REPORT_CODE" NOT NULL ENABLE);
--------------------------------------------------------
--  Constraints for Table REPORT_MANAGE
--------------------------------------------------------

  ALTER TABLE "FINAL_503_TEAM_PETPAL"."REPORT_MANAGE" MODIFY ("REPORT_CODE" NOT NULL ENABLE);
  ALTER TABLE "FINAL_503_TEAM_PETPAL"."REPORT_MANAGE" MODIFY ("REPORT_TITLE" NOT NULL ENABLE);
  ALTER TABLE "FINAL_503_TEAM_PETPAL"."REPORT_MANAGE" MODIFY ("REPORT_CONTENT" NOT NULL ENABLE);
  ALTER TABLE "FINAL_503_TEAM_PETPAL"."REPORT_MANAGE" MODIFY ("REPORT_DATE" NOT NULL ENABLE);
  ALTER TABLE "FINAL_503_TEAM_PETPAL"."REPORT_MANAGE" ADD CONSTRAINT "엔터티1_PK5" PRIMARY KEY ("REPORT_CODE")
  USING INDEX PCTFREE 10 INITRANS 2 MAXTRANS 255 COMPUTE STATISTICS 
  STORAGE(INITIAL 65536 NEXT 1048576 MINEXTENTS 1 MAXEXTENTS 2147483645
  PCTINCREASE 0 FREELISTS 1 FREELIST GROUPS 1 BUFFER_POOL DEFAULT FLASH_CACHE DEFAULT CELL_FLASH_CACHE DEFAULT)
  TABLESPACE "SYSTEM"  ENABLE;
  ALTER TABLE "FINAL_503_TEAM_PETPAL"."REPORT_MANAGE" MODIFY ("USER_CODE" NOT NULL ENABLE);
--------------------------------------------------------
--  Constraints for Table AD_MANAGE_TABLE
--------------------------------------------------------

  ALTER TABLE "FINAL_503_TEAM_PETPAL"."AD_MANAGE_TABLE" MODIFY ("AD_TYPE_CODE" NOT NULL ENABLE);
  ALTER TABLE "FINAL_503_TEAM_PETPAL"."AD_MANAGE_TABLE" MODIFY ("AD_TYPE_NAME" NOT NULL ENABLE);
  ALTER TABLE "FINAL_503_TEAM_PETPAL"."AD_MANAGE_TABLE" MODIFY ("AD_PRICE" NOT NULL ENABLE);
  ALTER TABLE "FINAL_503_TEAM_PETPAL"."AD_MANAGE_TABLE" MODIFY ("AD_WEEK" NOT NULL ENABLE);
  ALTER TABLE "FINAL_503_TEAM_PETPAL"."AD_MANAGE_TABLE" ADD CONSTRAINT "엔터티1_PK25" PRIMARY KEY ("AD_TYPE_CODE")
  USING INDEX PCTFREE 10 INITRANS 2 MAXTRANS 255 COMPUTE STATISTICS 
  STORAGE(INITIAL 65536 NEXT 1048576 MINEXTENTS 1 MAXEXTENTS 2147483645
  PCTINCREASE 0 FREELISTS 1 FREELIST GROUPS 1 BUFFER_POOL DEFAULT FLASH_CACHE DEFAULT CELL_FLASH_CACHE DEFAULT)
  TABLESPACE "SYSTEM"  ENABLE;
--------------------------------------------------------
--  Constraints for Table NEWS_TABLE
--------------------------------------------------------

  ALTER TABLE "FINAL_503_TEAM_PETPAL"."NEWS_TABLE" MODIFY ("NEWS_CODE" NOT NULL ENABLE);
  ALTER TABLE "FINAL_503_TEAM_PETPAL"."NEWS_TABLE" MODIFY ("NEWS_SEND_DATE" NOT NULL ENABLE);
  ALTER TABLE "FINAL_503_TEAM_PETPAL"."NEWS_TABLE" MODIFY ("USER_CODE" NOT NULL ENABLE);
  ALTER TABLE "FINAL_503_TEAM_PETPAL"."NEWS_TABLE" ADD CONSTRAINT "엔터티1_PK11" PRIMARY KEY ("NEWS_CODE")
  USING INDEX PCTFREE 10 INITRANS 2 MAXTRANS 255 COMPUTE STATISTICS 
  STORAGE(INITIAL 65536 NEXT 1048576 MINEXTENTS 1 MAXEXTENTS 2147483645
  PCTINCREASE 0 FREELISTS 1 FREELIST GROUPS 1 BUFFER_POOL DEFAULT FLASH_CACHE DEFAULT CELL_FLASH_CACHE DEFAULT)
  TABLESPACE "SYSTEM"  ENABLE;
--------------------------------------------------------
--  Constraints for Table INFO_BOARD_REPORT
--------------------------------------------------------

  ALTER TABLE "FINAL_503_TEAM_PETPAL"."INFO_BOARD_REPORT" MODIFY ("REPORT_CODE" NOT NULL ENABLE);
  ALTER TABLE "FINAL_503_TEAM_PETPAL"."INFO_BOARD_REPORT" MODIFY ("BOARD_CODE" NOT NULL ENABLE);
--------------------------------------------------------
--  Constraints for Table FREE_BOARD_REPLY
--------------------------------------------------------

  ALTER TABLE "FINAL_503_TEAM_PETPAL"."FREE_BOARD_REPLY" MODIFY ("BOARD_CODE" NOT NULL ENABLE);
  ALTER TABLE "FINAL_503_TEAM_PETPAL"."FREE_BOARD_REPLY" MODIFY ("REPLY_CODE" NOT NULL ENABLE);
  ALTER TABLE "FINAL_503_TEAM_PETPAL"."FREE_BOARD_REPLY" MODIFY ("USER_CODE" NOT NULL ENABLE);
--------------------------------------------------------
--  Constraints for Table FREE_BOARD_REPORT
--------------------------------------------------------

  ALTER TABLE "FINAL_503_TEAM_PETPAL"."FREE_BOARD_REPORT" MODIFY ("BOARD_CODE" NOT NULL ENABLE);
  ALTER TABLE "FINAL_503_TEAM_PETPAL"."FREE_BOARD_REPORT" MODIFY ("REPORT_CODE" NOT NULL ENABLE);
--------------------------------------------------------
--  Constraints for Table QUESTION_BOARD
--------------------------------------------------------

  ALTER TABLE "FINAL_503_TEAM_PETPAL"."QUESTION_BOARD" MODIFY ("USER_CODE" NOT NULL ENABLE);
  ALTER TABLE "FINAL_503_TEAM_PETPAL"."QUESTION_BOARD" ADD CONSTRAINT "엔터티1_PK23" PRIMARY KEY ("BOARD_CODE")
  USING INDEX PCTFREE 10 INITRANS 2 MAXTRANS 255 COMPUTE STATISTICS 
  STORAGE(INITIAL 65536 NEXT 1048576 MINEXTENTS 1 MAXEXTENTS 2147483645
  PCTINCREASE 0 FREELISTS 1 FREELIST GROUPS 1 BUFFER_POOL DEFAULT FLASH_CACHE DEFAULT CELL_FLASH_CACHE DEFAULT)
  TABLESPACE "SYSTEM"  ENABLE;
  ALTER TABLE "FINAL_503_TEAM_PETPAL"."QUESTION_BOARD" MODIFY ("BOARD_CODE" NOT NULL ENABLE);
  ALTER TABLE "FINAL_503_TEAM_PETPAL"."QUESTION_BOARD" MODIFY ("BOARD_TITLE" NOT NULL ENABLE);
  ALTER TABLE "FINAL_503_TEAM_PETPAL"."QUESTION_BOARD" MODIFY ("BOARD_CONTENT" NOT NULL ENABLE);
  ALTER TABLE "FINAL_503_TEAM_PETPAL"."QUESTION_BOARD" MODIFY ("QUESTION_TYPE" NOT NULL ENABLE);
  ALTER TABLE "FINAL_503_TEAM_PETPAL"."QUESTION_BOARD" MODIFY ("BOARD_POST_DATE" NOT NULL ENABLE);
  ALTER TABLE "FINAL_503_TEAM_PETPAL"."QUESTION_BOARD" MODIFY ("STATE_CODE" NOT NULL ENABLE);
--------------------------------------------------------
--  Constraints for Table STATE_TABLE
--------------------------------------------------------

  ALTER TABLE "FINAL_503_TEAM_PETPAL"."STATE_TABLE" MODIFY ("STATE_CODE" NOT NULL ENABLE);
  ALTER TABLE "FINAL_503_TEAM_PETPAL"."STATE_TABLE" MODIFY ("STATE_NAME" NOT NULL ENABLE);
  ALTER TABLE "FINAL_503_TEAM_PETPAL"."STATE_TABLE" ADD CONSTRAINT "엔터티1_PK3" PRIMARY KEY ("STATE_CODE")
  USING INDEX PCTFREE 10 INITRANS 2 MAXTRANS 255 COMPUTE STATISTICS 
  STORAGE(INITIAL 65536 NEXT 1048576 MINEXTENTS 1 MAXEXTENTS 2147483645
  PCTINCREASE 0 FREELISTS 1 FREELIST GROUPS 1 BUFFER_POOL DEFAULT FLASH_CACHE DEFAULT CELL_FLASH_CACHE DEFAULT)
  TABLESPACE "SYSTEM"  ENABLE;
--------------------------------------------------------
--  Constraints for Table INFO_PICTURE_MANAGE
--------------------------------------------------------

  ALTER TABLE "FINAL_503_TEAM_PETPAL"."INFO_PICTURE_MANAGE" MODIFY ("BOARD_CODE" NOT NULL ENABLE);
  ALTER TABLE "FINAL_503_TEAM_PETPAL"."INFO_PICTURE_MANAGE" MODIFY ("PICTURE_CODE" NOT NULL ENABLE);
--------------------------------------------------------
--  Constraints for Table REVIEW_BOARD_REPLY
--------------------------------------------------------

  ALTER TABLE "FINAL_503_TEAM_PETPAL"."REVIEW_BOARD_REPLY" MODIFY ("BOARD_CODE" NOT NULL ENABLE);
  ALTER TABLE "FINAL_503_TEAM_PETPAL"."REVIEW_BOARD_REPLY" MODIFY ("REPLY_CODE" NOT NULL ENABLE);
  ALTER TABLE "FINAL_503_TEAM_PETPAL"."REVIEW_BOARD_REPLY" MODIFY ("USER_CODE" NOT NULL ENABLE);
--------------------------------------------------------
--  Constraints for Table MISSING_BOARD_REPORT
--------------------------------------------------------

  ALTER TABLE "FINAL_503_TEAM_PETPAL"."MISSING_BOARD_REPORT" MODIFY ("BOARD_CODE" NOT NULL ENABLE);
  ALTER TABLE "FINAL_503_TEAM_PETPAL"."MISSING_BOARD_REPORT" MODIFY ("REPORT_CODE" NOT NULL ENABLE);
--------------------------------------------------------
--  Constraints for Table REVIEW_PICTURE_MANAGE
--------------------------------------------------------

  ALTER TABLE "FINAL_503_TEAM_PETPAL"."REVIEW_PICTURE_MANAGE" MODIFY ("BOARD_CODE" NOT NULL ENABLE);
  ALTER TABLE "FINAL_503_TEAM_PETPAL"."REVIEW_PICTURE_MANAGE" MODIFY ("PICTURE_CODE" NOT NULL ENABLE);
--------------------------------------------------------
--  Constraints for Table MISSING_BOARD_REPLY
--------------------------------------------------------

  ALTER TABLE "FINAL_503_TEAM_PETPAL"."MISSING_BOARD_REPLY" MODIFY ("BOARD_CODE" NOT NULL ENABLE);
  ALTER TABLE "FINAL_503_TEAM_PETPAL"."MISSING_BOARD_REPLY" MODIFY ("REPLY_CODE" NOT NULL ENABLE);
  ALTER TABLE "FINAL_503_TEAM_PETPAL"."MISSING_BOARD_REPLY" MODIFY ("USER_CODE" NOT NULL ENABLE);
--------------------------------------------------------
--  Ref Constraints for Table ADMIN_TABLE
--------------------------------------------------------

  ALTER TABLE "FINAL_503_TEAM_PETPAL"."ADMIN_TABLE" ADD CONSTRAINT "ADMIN_TABLE_FK" FOREIGN KEY ("USER_CODE")
	  REFERENCES "FINAL_503_TEAM_PETPAL"."USER_TABLE" ("USER_CODE") ENABLE;
--------------------------------------------------------
--  Ref Constraints for Table ADOPT_BOARD
--------------------------------------------------------

  ALTER TABLE "FINAL_503_TEAM_PETPAL"."ADOPT_BOARD" ADD CONSTRAINT "ADOPT_BOARD_FK1" FOREIGN KEY ("STATE_CODE")
	  REFERENCES "FINAL_503_TEAM_PETPAL"."STATE_TABLE" ("STATE_CODE") ENABLE;
  ALTER TABLE "FINAL_503_TEAM_PETPAL"."ADOPT_BOARD" ADD CONSTRAINT "ADOPT_BOARD_FK2" FOREIGN KEY ("USER_CODE")
	  REFERENCES "FINAL_503_TEAM_PETPAL"."USER_TABLE" ("USER_CODE") ENABLE;
--------------------------------------------------------
--  Ref Constraints for Table ADOPT_BOARD_REPLY
--------------------------------------------------------

  ALTER TABLE "FINAL_503_TEAM_PETPAL"."ADOPT_BOARD_REPLY" ADD CONSTRAINT "ADOPT_BOARD_REPLY_FK" FOREIGN KEY ("BOARD_CODE")
	  REFERENCES "FINAL_503_TEAM_PETPAL"."ADOPT_BOARD" ("BOARD_CODE") ENABLE;
  ALTER TABLE "FINAL_503_TEAM_PETPAL"."ADOPT_BOARD_REPLY" ADD CONSTRAINT "ADOPT_BOARD_REPLY_FK1" FOREIGN KEY ("REPLY_CODE", "USER_CODE")
	  REFERENCES "FINAL_503_TEAM_PETPAL"."REPLY_MANAGE" ("REPLY_CODE", "USER_CODE") ENABLE;
--------------------------------------------------------
--  Ref Constraints for Table ADOPT_BOARD_REPORT
--------------------------------------------------------

  ALTER TABLE "FINAL_503_TEAM_PETPAL"."ADOPT_BOARD_REPORT" ADD CONSTRAINT "ADOPT_BOARD_REPORT_FK" FOREIGN KEY ("BOARD_CODE")
	  REFERENCES "FINAL_503_TEAM_PETPAL"."ADOPT_BOARD" ("BOARD_CODE") ENABLE;
  ALTER TABLE "FINAL_503_TEAM_PETPAL"."ADOPT_BOARD_REPORT" ADD CONSTRAINT "ADOPT_BOARD_REPORT_FK1" FOREIGN KEY ("REPORT_CODE")
	  REFERENCES "FINAL_503_TEAM_PETPAL"."REPORT_MANAGE" ("REPORT_CODE") ENABLE;
--------------------------------------------------------
--  Ref Constraints for Table ADOPT_PICTURE_MANAGE
--------------------------------------------------------

  ALTER TABLE "FINAL_503_TEAM_PETPAL"."ADOPT_PICTURE_MANAGE" ADD CONSTRAINT "ADOPT_PICTURE_MANAGE_FK" FOREIGN KEY ("BOARD_CODE")
	  REFERENCES "FINAL_503_TEAM_PETPAL"."ADOPT_BOARD" ("BOARD_CODE") ENABLE;
  ALTER TABLE "FINAL_503_TEAM_PETPAL"."ADOPT_PICTURE_MANAGE" ADD CONSTRAINT "ADOPT_PICTURE_MANAGE_FK1" FOREIGN KEY ("PICTURE_CODE")
	  REFERENCES "FINAL_503_TEAM_PETPAL"."PICTURE_TABLE" ("PICTURE_CODE") ENABLE;
--------------------------------------------------------
--  Ref Constraints for Table AD_APPLY_TABLE
--------------------------------------------------------

  ALTER TABLE "FINAL_503_TEAM_PETPAL"."AD_APPLY_TABLE" ADD CONSTRAINT "AD_APPLY_TABLE_FK" FOREIGN KEY ("AD_TYPE_CODE")
	  REFERENCES "FINAL_503_TEAM_PETPAL"."AD_MANAGE_TABLE" ("AD_TYPE_CODE") ENABLE;
  ALTER TABLE "FINAL_503_TEAM_PETPAL"."AD_APPLY_TABLE" ADD CONSTRAINT "AD_APPLY_TABLE_FK1" FOREIGN KEY ("DECISION_CODE")
	  REFERENCES "FINAL_503_TEAM_PETPAL"."DECISION_TABLE" ("DECISION_CODE") ENABLE;
  ALTER TABLE "FINAL_503_TEAM_PETPAL"."AD_APPLY_TABLE" ADD CONSTRAINT "AD_APPLY_TABLE_FK2" FOREIGN KEY ("PICTURE_CODE")
	  REFERENCES "FINAL_503_TEAM_PETPAL"."PICTURE_TABLE" ("PICTURE_CODE") ENABLE;
  ALTER TABLE "FINAL_503_TEAM_PETPAL"."AD_APPLY_TABLE" ADD CONSTRAINT "AD_APPLY_TABLE_FK3" FOREIGN KEY ("STATE_CODE")
	  REFERENCES "FINAL_503_TEAM_PETPAL"."STATE_TABLE" ("STATE_CODE") ENABLE;
  ALTER TABLE "FINAL_503_TEAM_PETPAL"."AD_APPLY_TABLE" ADD CONSTRAINT "AD_APPLY_TABLE_FK4" FOREIGN KEY ("USER_CODE")
	  REFERENCES "FINAL_503_TEAM_PETPAL"."USER_TABLE" ("USER_CODE") ENABLE;
--------------------------------------------------------
--  Ref Constraints for Table AD_CLICK_COUNT
--------------------------------------------------------

  ALTER TABLE "FINAL_503_TEAM_PETPAL"."AD_CLICK_COUNT" ADD CONSTRAINT "AD_CLICK_COUNT_FK" FOREIGN KEY ("AD_CODE")
	  REFERENCES "FINAL_503_TEAM_PETPAL"."AD_APPLY_TABLE" ("AD_CODE") ENABLE;
  ALTER TABLE "FINAL_503_TEAM_PETPAL"."AD_CLICK_COUNT" ADD CONSTRAINT "AD_CLICK_COUNT_FK1" FOREIGN KEY ("USER_CODE")
	  REFERENCES "FINAL_503_TEAM_PETPAL"."USER_TABLE" ("USER_CODE") ENABLE;
--------------------------------------------------------
--  Ref Constraints for Table DECISION_TABLE
--------------------------------------------------------

  ALTER TABLE "FINAL_503_TEAM_PETPAL"."DECISION_TABLE" ADD CONSTRAINT "DECISION_TABLE_FK1" FOREIGN KEY ("STATE_CODE")
	  REFERENCES "FINAL_503_TEAM_PETPAL"."STATE_TABLE" ("STATE_CODE") ENABLE;
--------------------------------------------------------
--  Ref Constraints for Table FREE_BOARD
--------------------------------------------------------

  ALTER TABLE "FINAL_503_TEAM_PETPAL"."FREE_BOARD" ADD CONSTRAINT "FREE_BOARD_FK1" FOREIGN KEY ("USER_CODE")
	  REFERENCES "FINAL_503_TEAM_PETPAL"."USER_TABLE" ("USER_CODE") ENABLE;
--------------------------------------------------------
--  Ref Constraints for Table FREE_BOARD_REPLY
--------------------------------------------------------

  ALTER TABLE "FINAL_503_TEAM_PETPAL"."FREE_BOARD_REPLY" ADD CONSTRAINT "FREE_BOARD_REPLY_FK" FOREIGN KEY ("BOARD_CODE")
	  REFERENCES "FINAL_503_TEAM_PETPAL"."FREE_BOARD" ("BOARD_CODE") ENABLE;
  ALTER TABLE "FINAL_503_TEAM_PETPAL"."FREE_BOARD_REPLY" ADD CONSTRAINT "FREE_BOARD_REPLY_FK1" FOREIGN KEY ("REPLY_CODE", "USER_CODE")
	  REFERENCES "FINAL_503_TEAM_PETPAL"."REPLY_MANAGE" ("REPLY_CODE", "USER_CODE") ENABLE;
--------------------------------------------------------
--  Ref Constraints for Table FREE_BOARD_REPORT
--------------------------------------------------------

  ALTER TABLE "FINAL_503_TEAM_PETPAL"."FREE_BOARD_REPORT" ADD CONSTRAINT "FREE_BOARD_REPORT_FK" FOREIGN KEY ("BOARD_CODE")
	  REFERENCES "FINAL_503_TEAM_PETPAL"."FREE_BOARD" ("BOARD_CODE") ENABLE;
  ALTER TABLE "FINAL_503_TEAM_PETPAL"."FREE_BOARD_REPORT" ADD CONSTRAINT "FREE_BOARD_REPORT_FK1" FOREIGN KEY ("REPORT_CODE")
	  REFERENCES "FINAL_503_TEAM_PETPAL"."REPORT_MANAGE" ("REPORT_CODE") ENABLE;
--------------------------------------------------------
--  Ref Constraints for Table FREE_PICTURE_MANAGE
--------------------------------------------------------

  ALTER TABLE "FINAL_503_TEAM_PETPAL"."FREE_PICTURE_MANAGE" ADD CONSTRAINT "FREE_PICTURE_MANAGE_FK" FOREIGN KEY ("BOARD_CODE")
	  REFERENCES "FINAL_503_TEAM_PETPAL"."FREE_BOARD" ("BOARD_CODE") ENABLE;
  ALTER TABLE "FINAL_503_TEAM_PETPAL"."FREE_PICTURE_MANAGE" ADD CONSTRAINT "FREE_PICTURE_MANAGE_FK1" FOREIGN KEY ("PICTURE_CODE")
	  REFERENCES "FINAL_503_TEAM_PETPAL"."PICTURE_TABLE" ("PICTURE_CODE") ENABLE;
--------------------------------------------------------
--  Ref Constraints for Table FRIENDLY_BOARD
--------------------------------------------------------

  ALTER TABLE "FINAL_503_TEAM_PETPAL"."FRIENDLY_BOARD" ADD CONSTRAINT "FRIENDLY_BOARD_FK" FOREIGN KEY ("DECISION_CODE")
	  REFERENCES "FINAL_503_TEAM_PETPAL"."DECISION_TABLE" ("DECISION_CODE") ENABLE;
  ALTER TABLE "FINAL_503_TEAM_PETPAL"."FRIENDLY_BOARD" ADD CONSTRAINT "FRIENDLY_BOARD_FK1" FOREIGN KEY ("USER_CODE")
	  REFERENCES "FINAL_503_TEAM_PETPAL"."USER_TABLE" ("USER_CODE") ENABLE;
--------------------------------------------------------
--  Ref Constraints for Table FRIENDLY_BOARD_REPLY
--------------------------------------------------------

  ALTER TABLE "FINAL_503_TEAM_PETPAL"."FRIENDLY_BOARD_REPLY" ADD CONSTRAINT "FRIENDLY_BOARD_REPLY_FK" FOREIGN KEY ("BOARD_CODE")
	  REFERENCES "FINAL_503_TEAM_PETPAL"."FRIENDLY_BOARD" ("BOARD_CODE") ENABLE;
  ALTER TABLE "FINAL_503_TEAM_PETPAL"."FRIENDLY_BOARD_REPLY" ADD CONSTRAINT "FRIENDLY_BOARD_REPLY_FK1" FOREIGN KEY ("REPLY_CODE", "USER_CODE")
	  REFERENCES "FINAL_503_TEAM_PETPAL"."REPLY_MANAGE" ("REPLY_CODE", "USER_CODE") ENABLE;
--------------------------------------------------------
--  Ref Constraints for Table FRIENDLY_BOARD_REPORT
--------------------------------------------------------

  ALTER TABLE "FINAL_503_TEAM_PETPAL"."FRIENDLY_BOARD_REPORT" ADD CONSTRAINT "FRIENDLY_BOARD_REPORT_FK" FOREIGN KEY ("BOARD_CODE")
	  REFERENCES "FINAL_503_TEAM_PETPAL"."FRIENDLY_BOARD" ("BOARD_CODE") ENABLE;
  ALTER TABLE "FINAL_503_TEAM_PETPAL"."FRIENDLY_BOARD_REPORT" ADD CONSTRAINT "FRIENDLY_BOARD_REPORT_FK1" FOREIGN KEY ("REPORT_CODE")
	  REFERENCES "FINAL_503_TEAM_PETPAL"."REPORT_MANAGE" ("REPORT_CODE") ENABLE;
--------------------------------------------------------
--  Ref Constraints for Table FRIENDLY_PICTURE_MANAGE
--------------------------------------------------------

  ALTER TABLE "FINAL_503_TEAM_PETPAL"."FRIENDLY_PICTURE_MANAGE" ADD CONSTRAINT "FRIENDLY_PICTURE_MANAGE_FK" FOREIGN KEY ("BOARD_CODE")
	  REFERENCES "FINAL_503_TEAM_PETPAL"."FRIENDLY_BOARD" ("BOARD_CODE") ENABLE;
  ALTER TABLE "FINAL_503_TEAM_PETPAL"."FRIENDLY_PICTURE_MANAGE" ADD CONSTRAINT "FRIENDLY_PICTURE_MANAGE_FK1" FOREIGN KEY ("PICTURE_CODE")
	  REFERENCES "FINAL_503_TEAM_PETPAL"."PICTURE_TABLE" ("PICTURE_CODE") ENABLE;
--------------------------------------------------------
--  Ref Constraints for Table INFO_BOARD
--------------------------------------------------------

  ALTER TABLE "FINAL_503_TEAM_PETPAL"."INFO_BOARD" ADD CONSTRAINT "INFO_BOARD_FK1" FOREIGN KEY ("DECISION_CODE")
	  REFERENCES "FINAL_503_TEAM_PETPAL"."DECISION_TABLE" ("DECISION_CODE") ENABLE;
  ALTER TABLE "FINAL_503_TEAM_PETPAL"."INFO_BOARD" ADD CONSTRAINT "INFO_BOARD_FK2" FOREIGN KEY ("USER_CODE")
	  REFERENCES "FINAL_503_TEAM_PETPAL"."USER_TABLE" ("USER_CODE") ENABLE;
--------------------------------------------------------
--  Ref Constraints for Table INFO_BOARD_REPLY
--------------------------------------------------------

  ALTER TABLE "FINAL_503_TEAM_PETPAL"."INFO_BOARD_REPLY" ADD CONSTRAINT "INFO_BOARD_REPLY_FK" FOREIGN KEY ("BOARD_CODE")
	  REFERENCES "FINAL_503_TEAM_PETPAL"."INFO_BOARD" ("BOARD_CODE") ENABLE;
  ALTER TABLE "FINAL_503_TEAM_PETPAL"."INFO_BOARD_REPLY" ADD CONSTRAINT "INFO_BOARD_REPLY_FK1" FOREIGN KEY ("REPLY_CODE", "USER_CODE")
	  REFERENCES "FINAL_503_TEAM_PETPAL"."REPLY_MANAGE" ("REPLY_CODE", "USER_CODE") ENABLE;
--------------------------------------------------------
--  Ref Constraints for Table INFO_BOARD_REPORT
--------------------------------------------------------

  ALTER TABLE "FINAL_503_TEAM_PETPAL"."INFO_BOARD_REPORT" ADD CONSTRAINT "INFO_BOARD_REPORT_FK" FOREIGN KEY ("BOARD_CODE")
	  REFERENCES "FINAL_503_TEAM_PETPAL"."INFO_BOARD" ("BOARD_CODE") ENABLE;
  ALTER TABLE "FINAL_503_TEAM_PETPAL"."INFO_BOARD_REPORT" ADD CONSTRAINT "INFO_BOARD_REPORT_FK1" FOREIGN KEY ("REPORT_CODE")
	  REFERENCES "FINAL_503_TEAM_PETPAL"."REPORT_MANAGE" ("REPORT_CODE") ENABLE;
--------------------------------------------------------
--  Ref Constraints for Table INFO_PICTURE_MANAGE
--------------------------------------------------------

  ALTER TABLE "FINAL_503_TEAM_PETPAL"."INFO_PICTURE_MANAGE" ADD CONSTRAINT "INFO_PICTURE_MANAGE_FK" FOREIGN KEY ("BOARD_CODE")
	  REFERENCES "FINAL_503_TEAM_PETPAL"."INFO_BOARD" ("BOARD_CODE") ENABLE;
  ALTER TABLE "FINAL_503_TEAM_PETPAL"."INFO_PICTURE_MANAGE" ADD CONSTRAINT "INFO_PICTURE_MANAGE_FK1" FOREIGN KEY ("PICTURE_CODE")
	  REFERENCES "FINAL_503_TEAM_PETPAL"."PICTURE_TABLE" ("PICTURE_CODE") ENABLE;
--------------------------------------------------------
--  Ref Constraints for Table MESSAGE_TABLE
--------------------------------------------------------

  ALTER TABLE "FINAL_503_TEAM_PETPAL"."MESSAGE_TABLE" ADD CONSTRAINT "MESSAGE_TABLE_FK" FOREIGN KEY ("USER_CODE1")
	  REFERENCES "FINAL_503_TEAM_PETPAL"."USER_TABLE" ("USER_CODE") ENABLE;
  ALTER TABLE "FINAL_503_TEAM_PETPAL"."MESSAGE_TABLE" ADD CONSTRAINT "MESSAGE_TABLE_FK1" FOREIGN KEY ("USER_CODE")
	  REFERENCES "FINAL_503_TEAM_PETPAL"."USER_TABLE" ("USER_CODE") ENABLE;
--------------------------------------------------------
--  Ref Constraints for Table MISSING_BOARD
--------------------------------------------------------

  ALTER TABLE "FINAL_503_TEAM_PETPAL"."MISSING_BOARD" ADD CONSTRAINT "MISSING_BOARD_FK1" FOREIGN KEY ("STATE_CODE")
	  REFERENCES "FINAL_503_TEAM_PETPAL"."STATE_TABLE" ("STATE_CODE") ENABLE;
  ALTER TABLE "FINAL_503_TEAM_PETPAL"."MISSING_BOARD" ADD CONSTRAINT "MISSING_BOARD_FK2" FOREIGN KEY ("USER_CODE")
	  REFERENCES "FINAL_503_TEAM_PETPAL"."USER_TABLE" ("USER_CODE") ENABLE;
--------------------------------------------------------
--  Ref Constraints for Table MISSING_BOARD_REPLY
--------------------------------------------------------

  ALTER TABLE "FINAL_503_TEAM_PETPAL"."MISSING_BOARD_REPLY" ADD CONSTRAINT "MISSING_BOARD_REPLY_FK" FOREIGN KEY ("BOARD_CODE")
	  REFERENCES "FINAL_503_TEAM_PETPAL"."MISSING_BOARD" ("BOARD_CODE") ENABLE;
  ALTER TABLE "FINAL_503_TEAM_PETPAL"."MISSING_BOARD_REPLY" ADD CONSTRAINT "MISSING_BOARD_REPLY_FK1" FOREIGN KEY ("REPLY_CODE", "USER_CODE")
	  REFERENCES "FINAL_503_TEAM_PETPAL"."REPLY_MANAGE" ("REPLY_CODE", "USER_CODE") ENABLE;
--------------------------------------------------------
--  Ref Constraints for Table MISSING_BOARD_REPORT
--------------------------------------------------------

  ALTER TABLE "FINAL_503_TEAM_PETPAL"."MISSING_BOARD_REPORT" ADD CONSTRAINT "MISSING_BOARD_REPORT_FK" FOREIGN KEY ("BOARD_CODE")
	  REFERENCES "FINAL_503_TEAM_PETPAL"."MISSING_BOARD" ("BOARD_CODE") ENABLE;
  ALTER TABLE "FINAL_503_TEAM_PETPAL"."MISSING_BOARD_REPORT" ADD CONSTRAINT "MISSING_BOARD_REPORT_FK1" FOREIGN KEY ("REPORT_CODE")
	  REFERENCES "FINAL_503_TEAM_PETPAL"."REPORT_MANAGE" ("REPORT_CODE") ENABLE;
--------------------------------------------------------
--  Ref Constraints for Table MISSING_PICTURE_MANAGE
--------------------------------------------------------

  ALTER TABLE "FINAL_503_TEAM_PETPAL"."MISSING_PICTURE_MANAGE" ADD CONSTRAINT "MISSING_PICTURE_MANAGE_FK" FOREIGN KEY ("BOARD_CODE")
	  REFERENCES "FINAL_503_TEAM_PETPAL"."MISSING_BOARD" ("BOARD_CODE") ENABLE;
  ALTER TABLE "FINAL_503_TEAM_PETPAL"."MISSING_PICTURE_MANAGE" ADD CONSTRAINT "MISSING_PICTURE_MANAGE_FK1" FOREIGN KEY ("PICTURE_CODE")
	  REFERENCES "FINAL_503_TEAM_PETPAL"."PICTURE_TABLE" ("PICTURE_CODE") ENABLE;
--------------------------------------------------------
--  Ref Constraints for Table NEWS_PICTURE_MANAGE
--------------------------------------------------------

  ALTER TABLE "FINAL_503_TEAM_PETPAL"."NEWS_PICTURE_MANAGE" ADD CONSTRAINT "NEWS_PICTURE_MANAGE_FK" FOREIGN KEY ("NEWS_CODE")
	  REFERENCES "FINAL_503_TEAM_PETPAL"."NEWS_TABLE" ("NEWS_CODE") ENABLE;
  ALTER TABLE "FINAL_503_TEAM_PETPAL"."NEWS_PICTURE_MANAGE" ADD CONSTRAINT "NEWS_PICTURE_MANAGE_FK1" FOREIGN KEY ("PICTURE_CODE")
	  REFERENCES "FINAL_503_TEAM_PETPAL"."PICTURE_TABLE" ("PICTURE_CODE") ENABLE;
--------------------------------------------------------
--  Ref Constraints for Table NEWS_TABLE
--------------------------------------------------------

  ALTER TABLE "FINAL_503_TEAM_PETPAL"."NEWS_TABLE" ADD CONSTRAINT "NEWS_TABLE_FK" FOREIGN KEY ("USER_CODE")
	  REFERENCES "FINAL_503_TEAM_PETPAL"."ADMIN_TABLE" ("USER_CODE") ENABLE;
--------------------------------------------------------
--  Ref Constraints for Table QUESTION_BOARD
--------------------------------------------------------

  ALTER TABLE "FINAL_503_TEAM_PETPAL"."QUESTION_BOARD" ADD CONSTRAINT "QUESTION_BOARD_FK" FOREIGN KEY ("STATE_CODE")
	  REFERENCES "FINAL_503_TEAM_PETPAL"."STATE_TABLE" ("STATE_CODE") ENABLE;
  ALTER TABLE "FINAL_503_TEAM_PETPAL"."QUESTION_BOARD" ADD CONSTRAINT "QUESTION_BOARD_FK1" FOREIGN KEY ("USER_CODE")
	  REFERENCES "FINAL_503_TEAM_PETPAL"."USER_TABLE" ("USER_CODE") ENABLE;
--------------------------------------------------------
--  Ref Constraints for Table REPLY_MANAGE
--------------------------------------------------------

  ALTER TABLE "FINAL_503_TEAM_PETPAL"."REPLY_MANAGE" ADD CONSTRAINT "REPLY_MANAGE_FK1" FOREIGN KEY ("USER_CODE")
	  REFERENCES "FINAL_503_TEAM_PETPAL"."USER_TABLE" ("USER_CODE") ENABLE;
--------------------------------------------------------
--  Ref Constraints for Table REPLY_REPORT_TABLE
--------------------------------------------------------

  ALTER TABLE "FINAL_503_TEAM_PETPAL"."REPLY_REPORT_TABLE" ADD CONSTRAINT "REPLY_REPORT_TABLE_FK" FOREIGN KEY ("REPLY_CODE", "USER_CODE1")
	  REFERENCES "FINAL_503_TEAM_PETPAL"."REPLY_MANAGE" ("REPLY_CODE", "USER_CODE") ENABLE;
  ALTER TABLE "FINAL_503_TEAM_PETPAL"."REPLY_REPORT_TABLE" ADD CONSTRAINT "REPLY_REPORT_TABLE_FK1" FOREIGN KEY ("DECISION_CODE")
	  REFERENCES "FINAL_503_TEAM_PETPAL"."DECISION_TABLE" ("DECISION_CODE") ENABLE;
  ALTER TABLE "FINAL_503_TEAM_PETPAL"."REPLY_REPORT_TABLE" ADD CONSTRAINT "REPLY_REPORT_TABLE_FK2" FOREIGN KEY ("USER_CODE")
	  REFERENCES "FINAL_503_TEAM_PETPAL"."USER_TABLE" ("USER_CODE") ENABLE;
--------------------------------------------------------
--  Ref Constraints for Table REPORT_MANAGE
--------------------------------------------------------

  ALTER TABLE "FINAL_503_TEAM_PETPAL"."REPORT_MANAGE" ADD CONSTRAINT "REPORT_MANAGE_FK" FOREIGN KEY ("DECISION_CODE")
	  REFERENCES "FINAL_503_TEAM_PETPAL"."DECISION_TABLE" ("DECISION_CODE") ENABLE;
  ALTER TABLE "FINAL_503_TEAM_PETPAL"."REPORT_MANAGE" ADD CONSTRAINT "REPORT_MANAGE_FK1" FOREIGN KEY ("USER_CODE")
	  REFERENCES "FINAL_503_TEAM_PETPAL"."USER_TABLE" ("USER_CODE") ENABLE;
--------------------------------------------------------
--  Ref Constraints for Table REVIEW_BOARD
--------------------------------------------------------

  ALTER TABLE "FINAL_503_TEAM_PETPAL"."REVIEW_BOARD" ADD CONSTRAINT "REVIEW_BOARD_FK1" FOREIGN KEY ("USER_CODE")
	  REFERENCES "FINAL_503_TEAM_PETPAL"."USER_TABLE" ("USER_CODE") ENABLE;
--------------------------------------------------------
--  Ref Constraints for Table REVIEW_BOARD_REPLY
--------------------------------------------------------

  ALTER TABLE "FINAL_503_TEAM_PETPAL"."REVIEW_BOARD_REPLY" ADD CONSTRAINT "REVIEW_BOARD_REPLY_FK" FOREIGN KEY ("REPLY_CODE", "USER_CODE")
	  REFERENCES "FINAL_503_TEAM_PETPAL"."REPLY_MANAGE" ("REPLY_CODE", "USER_CODE") ENABLE;
  ALTER TABLE "FINAL_503_TEAM_PETPAL"."REVIEW_BOARD_REPLY" ADD CONSTRAINT "REVIEW_BOARD_REPLY_FK1" FOREIGN KEY ("BOARD_CODE")
	  REFERENCES "FINAL_503_TEAM_PETPAL"."REVIEW_BOARD" ("BOARD_CODE") ENABLE;
--------------------------------------------------------
--  Ref Constraints for Table REVIEW_BOARD_REPORT
--------------------------------------------------------

  ALTER TABLE "FINAL_503_TEAM_PETPAL"."REVIEW_BOARD_REPORT" ADD CONSTRAINT "REVIEW_BOARD_REPORT_FK" FOREIGN KEY ("REPORT_CODE")
	  REFERENCES "FINAL_503_TEAM_PETPAL"."REPORT_MANAGE" ("REPORT_CODE") ENABLE;
  ALTER TABLE "FINAL_503_TEAM_PETPAL"."REVIEW_BOARD_REPORT" ADD CONSTRAINT "REVIEW_BOARD_REPORT_FK1" FOREIGN KEY ("BOARD_CODE")
	  REFERENCES "FINAL_503_TEAM_PETPAL"."REVIEW_BOARD" ("BOARD_CODE") ENABLE;
--------------------------------------------------------
--  Ref Constraints for Table REVIEW_PICTURE_MANAGE
--------------------------------------------------------

  ALTER TABLE "FINAL_503_TEAM_PETPAL"."REVIEW_PICTURE_MANAGE" ADD CONSTRAINT "REVIEW_PICTURE_MANAGE_FK" FOREIGN KEY ("PICTURE_CODE")
	  REFERENCES "FINAL_503_TEAM_PETPAL"."PICTURE_TABLE" ("PICTURE_CODE") ENABLE;
  ALTER TABLE "FINAL_503_TEAM_PETPAL"."REVIEW_PICTURE_MANAGE" ADD CONSTRAINT "REVIEW_PICTURE_MANAGE_FK1" FOREIGN KEY ("BOARD_CODE")
	  REFERENCES "FINAL_503_TEAM_PETPAL"."REVIEW_BOARD" ("BOARD_CODE") ENABLE;
--------------------------------------------------------
--  Ref Constraints for Table SHARE_BOARD
--------------------------------------------------------

  ALTER TABLE "FINAL_503_TEAM_PETPAL"."SHARE_BOARD" ADD CONSTRAINT "SHARE_BOARD_FK1" FOREIGN KEY ("STATE_CODE")
	  REFERENCES "FINAL_503_TEAM_PETPAL"."STATE_TABLE" ("STATE_CODE") ENABLE;
  ALTER TABLE "FINAL_503_TEAM_PETPAL"."SHARE_BOARD" ADD CONSTRAINT "SHARE_BOARD_FK2" FOREIGN KEY ("USER_CODE")
	  REFERENCES "FINAL_503_TEAM_PETPAL"."USER_TABLE" ("USER_CODE") ENABLE;
--------------------------------------------------------
--  Ref Constraints for Table SHARE_BOARD_REPORT
--------------------------------------------------------

  ALTER TABLE "FINAL_503_TEAM_PETPAL"."SHARE_BOARD_REPORT" ADD CONSTRAINT "SHARE_BOARD_REPORT_FK" FOREIGN KEY ("REPORT_CODE")
	  REFERENCES "FINAL_503_TEAM_PETPAL"."REPORT_MANAGE" ("REPORT_CODE") ENABLE;
  ALTER TABLE "FINAL_503_TEAM_PETPAL"."SHARE_BOARD_REPORT" ADD CONSTRAINT "SHARE_BOARD_REPORT_FK1" FOREIGN KEY ("BOARD_CODE")
	  REFERENCES "FINAL_503_TEAM_PETPAL"."SHARE_BOARD" ("BOARD_CODE") ENABLE;
--------------------------------------------------------
--  Ref Constraints for Table SHARE_PICTURE_MANAGE
--------------------------------------------------------

  ALTER TABLE "FINAL_503_TEAM_PETPAL"."SHARE_PICTURE_MANAGE" ADD CONSTRAINT "SHARE_PICTURE_MANAGE_FK" FOREIGN KEY ("PICTURE_CODE")
	  REFERENCES "FINAL_503_TEAM_PETPAL"."PICTURE_TABLE" ("PICTURE_CODE") ENABLE;
  ALTER TABLE "FINAL_503_TEAM_PETPAL"."SHARE_PICTURE_MANAGE" ADD CONSTRAINT "SHARE_PICTURE_MANAGE_FK1" FOREIGN KEY ("BOARD_CODE")
	  REFERENCES "FINAL_503_TEAM_PETPAL"."SHARE_BOARD" ("BOARD_CODE") ENABLE;
--------------------------------------------------------
--  Ref Constraints for Table WITHDRAW_USER_TABLE
--------------------------------------------------------

  ALTER TABLE "FINAL_503_TEAM_PETPAL"."WITHDRAW_USER_TABLE" ADD CONSTRAINT "WITHDRAW_USER_TABLE_FK" FOREIGN KEY ("USER_CODE")
	  REFERENCES "FINAL_503_TEAM_PETPAL"."USER_TABLE" ("USER_CODE") ENABLE;
